00:00.236	ID:2	[INFO: Main      ] Starting Contiki-NG-release/v4.1-45-gcd3af6c-dirty
00:00.236	ID:2	[INFO: Main      ]  Net: sicslowpan
00:00.236	ID:2	[INFO: Main      ]  MAC: CSMA
00:00.236	ID:2	[INFO: Main      ] Link-layer address 0002.0002.0002.0002
00:00.236	ID:2	[INFO: Main      ] Tentative link-local IPv6 address fe80::202:2:2:2
00:00.236	ID:2	[INFO: Cooja     ] Node id is set to 2.
00:00.348	ID:4	[INFO: Main      ] Starting Contiki-NG-release/v4.1-45-gcd3af6c-dirty
00:00.348	ID:4	[INFO: Main      ]  Net: sicslowpan
00:00.348	ID:4	[INFO: Main      ]  MAC: CSMA
00:00.348	ID:4	[INFO: Main      ] Link-layer address 0004.0004.0004.0004
00:00.348	ID:4	[INFO: Main      ] Tentative link-local IPv6 address fe80::204:4:4:4
00:00.348	ID:4	[INFO: Cooja     ] Node id is set to 4.
00:00.382	ID:1	[INFO: Main      ] Starting Contiki-NG-release/v4.1-45-gcd3af6c-dirty
00:00.382	ID:1	[INFO: Main      ]  Net: sicslowpan
00:00.382	ID:1	[INFO: Main      ]  MAC: CSMA
00:00.382	ID:1	[INFO: Main      ] Link-layer address 0001.0001.0001.0001
00:00.382	ID:1	[INFO: Main      ] Tentative link-local IPv6 address fe80::201:1:1:1
00:00.382	ID:1	[INFO: Cooja     ] Node id is set to 1.
00:00.382	ID:1	IPv6 addresses: fd00::201:1:1:1
00:00.382	ID:1	fe80::201:1:1:1
00:00.715	ID:5	[INFO: Main      ] Starting Contiki-NG-release/v4.1-45-gcd3af6c-dirty
00:00.715	ID:5	[INFO: Main      ]  Net: sicslowpan
00:00.715	ID:5	[INFO: Main      ]  MAC: CSMA
00:00.715	ID:5	[INFO: Main      ] Link-layer address 0005.0005.0005.0005
00:00.715	ID:5	[INFO: Main      ] Tentative link-local IPv6 address fe80::205:5:5:5
00:00.715	ID:5	[INFO: Cooja     ] Node id is set to 5.
00:00.899	ID:3	[INFO: Main      ] Starting Contiki-NG-release/v4.1-45-gcd3af6c-dirty
00:00.899	ID:3	[INFO: Main      ]  Net: sicslowpan
00:00.899	ID:3	[INFO: Main      ]  MAC: CSMA
00:00.899	ID:3	[INFO: Main      ] Link-layer address 0003.0003.0003.0003
00:00.899	ID:3	[INFO: Main      ] Tentative link-local IPv6 address fe80::203:3:3:3
00:00.899	ID:3	[INFO: Cooja     ] Node id is set to 3.
00:06.600	ID:1	[WARN: IPv6 Route] No route found
00:06.600	ID:1	[WARN: IPv6 Route] No route found
00:07.579	ID:1	[WARN: IPv6 Route] No route found
00:07.579	ID:1	[WARN: IPv6 Route] No route found
00:09.818	ID:3	[WARN: IPv6 Route] No route found
00:09.818	ID:3	[WARN: IPv6 Route] No route found
00:09.829	ID:1	[WARN: IPv6 Route] No route found
00:09.829	ID:1	[WARN: IPv6 Route] No route found
00:10.083	ID:2	[WARN: IPv6 Route] No route found
00:10.083	ID:2	[WARN: IPv6 Route] No route found
00:10.121	ID:1	[WARN: IPv6 Route] No route found
00:10.121	ID:1	[WARN: IPv6 Route] No route found
00:10.236	ID:2	[NODE_STAT] TS=10001 | ID=2 | OF=0 | PRNT=1 | RANK=1280 | PCHG=1 | CPU=10000000 | LPM=0 | TX=0 | RX=0
00:10.236	ID:2	[DATA_SEND] TS=10001 | ID=2 | SEQ=1
00:10.236	ID:2	[WARN: IPv6 Route] No route found
00:10.236	ID:2	[WARN: IPv6 Route] No route found
00:10.265	ID:1	[DATA_RECV] TS=9884 | SRC=2 | SEQ=1 | DELAY_MS=0
00:10.348	ID:4	[NODE_STAT] TS=10001 | ID=4 | OF=0 | PRNT=3 | RANK=3328 | PCHG=1 | CPU=10000000 | LPM=0 | TX=0 | RX=0
00:10.348	ID:4	[DATA_SEND] TS=10001 | ID=4 | SEQ=1
00:10.348	ID:4	[WARN: IPv6 Route] No route found
00:10.348	ID:4	[WARN: IPv6 Route] No route found
00:10.361	ID:3	[WARN: IPv6 Route] No route found
00:10.361	ID:3	[WARN: IPv6 Route] No route found
00:10.369	ID:1	[DATA_RECV] TS=9988 | SRC=4 | SEQ=1 | DELAY_MS=0
00:10.715	ID:5	[NODE_STAT] TS=10001 | ID=5 | OF=0 | PRNT=2 | RANK=2816 | PCHG=1 | CPU=10000000 | LPM=0 | TX=0 | RX=0
00:10.715	ID:5	[DATA_SEND] TS=10001 | ID=5 | SEQ=1
00:10.715	ID:5	[WARN: IPv6 Route] No route found
00:10.715	ID:5	[WARN: IPv6 Route] No route found
00:10.740	ID:2	[WARN: IPv6 Route] No route found
00:10.740	ID:2	[WARN: IPv6 Route] No route found
00:10.798	ID:1	[DATA_RECV] TS=10417 | SRC=5 | SEQ=1 | DELAY_MS=416
00:10.899	ID:3	[NODE_STAT] TS=10001 | ID=3 | OF=0 | PRNT=1 | RANK=1024 | PCHG=1 | CPU=10000000 | LPM=0 | TX=0 | RX=0
00:10.899	ID:3	[DATA_SEND] TS=10001 | ID=3 | SEQ=1
00:10.899	ID:3	[WARN: IPv6 Route] No route found
00:10.899	ID:3	[WARN: IPv6 Route] No route found
00:10.924	ID:1	[DATA_RECV] TS=10543 | SRC=3 | SEQ=1 | DELAY_MS=542
00:20.236	ID:2	[NODE_STAT] TS=20001 | ID=2 | OF=0 | PRNT=1 | RANK=1024 | PCHG=1 | CPU=20000000 | LPM=0 | TX=0 | RX=0
00:20.236	ID:2	[DATA_SEND] TS=20001 | ID=2 | SEQ=2
00:20.236	ID:2	[WARN: IPv6 Route] No route found
00:20.236	ID:2	[WARN: IPv6 Route] No route found
00:20.257	ID:1	[DATA_RECV] TS=19876 | SRC=2 | SEQ=2 | DELAY_MS=0
00:20.348	ID:4	[NODE_STAT] TS=20001 | ID=4 | OF=0 | PRNT=3 | RANK=1792 | PCHG=1 | CPU=20000000 | LPM=0 | TX=0 | RX=0
00:20.348	ID:4	[DATA_SEND] TS=20001 | ID=4 | SEQ=2
00:20.348	ID:4	[WARN: IPv6 Route] No route found
00:20.348	ID:4	[WARN: IPv6 Route] No route found
00:20.391	ID:3	[WARN: IPv6 Route] No route found
00:20.391	ID:3	[WARN: IPv6 Route] No route found
00:20.429	ID:1	[DATA_RECV] TS=20048 | SRC=4 | SEQ=2 | DELAY_MS=47
00:20.715	ID:5	[NODE_STAT] TS=20001 | ID=5 | OF=0 | PRNT=2 | RANK=1792 | PCHG=1 | CPU=20000000 | LPM=0 | TX=0 | RX=0
00:20.715	ID:5	[DATA_SEND] TS=20001 | ID=5 | SEQ=2
00:20.715	ID:5	[WARN: IPv6 Route] No route found
00:20.715	ID:5	[WARN: IPv6 Route] No route found
00:20.733	ID:2	[WARN: IPv6 Route] No route found
00:20.733	ID:2	[WARN: IPv6 Route] No route found
00:20.816	ID:1	[DATA_RECV] TS=20435 | SRC=5 | SEQ=2 | DELAY_MS=434
00:20.899	ID:3	[NODE_STAT] TS=20001 | ID=3 | OF=0 | PRNT=1 | RANK=768 | PCHG=1 | CPU=20000000 | LPM=0 | TX=0 | RX=0
00:20.899	ID:3	[DATA_SEND] TS=20001 | ID=3 | SEQ=2
00:20.899	ID:3	[WARN: IPv6 Route] No route found
00:20.899	ID:3	[WARN: IPv6 Route] No route found
00:20.928	ID:1	[DATA_RECV] TS=20547 | SRC=3 | SEQ=2 | DELAY_MS=546
00:30.236	ID:2	[NODE_STAT] TS=30001 | ID=2 | OF=0 | PRNT=1 | RANK=1024 | PCHG=1 | CPU=30000000 | LPM=0 | TX=0 | RX=0
00:30.236	ID:2	[DATA_SEND] TS=30001 | ID=2 | SEQ=3
00:30.236	ID:2	[WARN: IPv6 Route] No route found
00:30.236	ID:2	[WARN: IPv6 Route] No route found
00:30.306	ID:1	[DATA_RECV] TS=29925 | SRC=2 | SEQ=3 | DELAY_MS=0
00:30.348	ID:4	[NODE_STAT] TS=30001 | ID=4 | OF=0 | PRNT=3 | RANK=1792 | PCHG=1 | CPU=30000000 | LPM=0 | TX=0 | RX=0
00:30.348	ID:4	[DATA_SEND] TS=30001 | ID=4 | SEQ=3
00:30.348	ID:4	[WARN: IPv6 Route] No route found
00:30.348	ID:4	[WARN: IPv6 Route] No route found
00:30.380	ID:3	[WARN: IPv6 Route] No route found
00:30.380	ID:3	[WARN: IPv6 Route] No route found
00:30.386	ID:1	[DATA_RECV] TS=30005 | SRC=4 | SEQ=3 | DELAY_MS=4
00:30.715	ID:5	[NODE_STAT] TS=30001 | ID=5 | OF=0 | PRNT=2 | RANK=1536 | PCHG=1 | CPU=30000000 | LPM=0 | TX=0 | RX=0
00:30.715	ID:5	[DATA_SEND] TS=30001 | ID=5 | SEQ=3
00:30.715	ID:5	[WARN: IPv6 Route] No route found
00:30.715	ID:5	[WARN: IPv6 Route] No route found
00:30.738	ID:2	[WARN: IPv6 Route] No route found
00:30.738	ID:2	[WARN: IPv6 Route] No route found
00:30.835	ID:1	[DATA_RECV] TS=30454 | SRC=5 | SEQ=3 | DELAY_MS=453
00:30.899	ID:3	[NODE_STAT] TS=30001 | ID=3 | OF=0 | PRNT=1 | RANK=768 | PCHG=1 | CPU=30000000 | LPM=0 | TX=0 | RX=0
00:30.899	ID:3	[DATA_SEND] TS=30001 | ID=3 | SEQ=3
00:30.899	ID:3	[WARN: IPv6 Route] No route found
00:30.899	ID:3	[WARN: IPv6 Route] No route found
00:30.943	ID:1	[DATA_RECV] TS=30562 | SRC=3 | SEQ=3 | DELAY_MS=561
00:40.236	ID:2	[NODE_STAT] TS=40001 | ID=2 | OF=0 | PRNT=1 | RANK=1024 | PCHG=1 | CPU=40000000 | LPM=0 | TX=0 | RX=0
00:40.236	ID:2	[DATA_SEND] TS=40001 | ID=2 | SEQ=4
00:40.236	ID:2	[WARN: IPv6 Route] No route found
00:40.236	ID:2	[WARN: IPv6 Route] No route found
00:40.257	ID:1	[DATA_RECV] TS=39876 | SRC=2 | SEQ=4 | DELAY_MS=0
00:40.348	ID:4	[NODE_STAT] TS=40001 | ID=4 | OF=0 | PRNT=3 | RANK=1024 | PCHG=1 | CPU=40000000 | LPM=0 | TX=0 | RX=0
00:40.348	ID:4	[DATA_SEND] TS=40001 | ID=4 | SEQ=4
00:40.348	ID:4	[WARN: IPv6 Route] No route found
00:40.348	ID:4	[WARN: IPv6 Route] No route found
00:40.374	ID:3	[WARN: IPv6 Route] No route found
00:40.374	ID:3	[WARN: IPv6 Route] No route found
00:40.402	ID:1	[DATA_RECV] TS=40021 | SRC=4 | SEQ=4 | DELAY_MS=20
00:40.715	ID:5	[NODE_STAT] TS=40001 | ID=5 | OF=0 | PRNT=2 | RANK=1536 | PCHG=1 | CPU=40000000 | LPM=0 | TX=0 | RX=0
00:40.715	ID:5	[DATA_SEND] TS=40001 | ID=5 | SEQ=4
00:40.715	ID:5	[WARN: IPv6 Route] No route found
00:40.715	ID:5	[WARN: IPv6 Route] No route found
00:40.743	ID:2	[WARN: IPv6 Route] No route found
00:40.743	ID:2	[WARN: IPv6 Route] No route found
00:40.868	ID:1	[DATA_RECV] TS=40487 | SRC=5 | SEQ=4 | DELAY_MS=486
00:40.899	ID:3	[NODE_STAT] TS=40001 | ID=3 | OF=0 | PRNT=1 | RANK=512 | PCHG=1 | CPU=40000000 | LPM=0 | TX=0 | RX=0
00:40.899	ID:3	[DATA_SEND] TS=40001 | ID=3 | SEQ=4
00:40.899	ID:3	[WARN: IPv6 Route] No route found
00:40.899	ID:3	[WARN: IPv6 Route] No route found
00:40.942	ID:1	[DATA_RECV] TS=40561 | SRC=3 | SEQ=4 | DELAY_MS=560
00:50.236	ID:2	[NODE_STAT] TS=50001 | ID=2 | OF=0 | PRNT=1 | RANK=1024 | PCHG=1 | CPU=50000000 | LPM=0 | TX=0 | RX=0
00:50.236	ID:2	[DATA_SEND] TS=50001 | ID=2 | SEQ=5
00:50.236	ID:2	[WARN: IPv6 Route] No route found
00:50.236	ID:2	[WARN: IPv6 Route] No route found
00:50.267	ID:1	[DATA_RECV] TS=49886 | SRC=2 | SEQ=5 | DELAY_MS=0
00:50.348	ID:4	[NODE_STAT] TS=50001 | ID=4 | OF=0 | PRNT=3 | RANK=1024 | PCHG=1 | CPU=50000000 | LPM=0 | TX=0 | RX=0
00:50.348	ID:4	[DATA_SEND] TS=50001 | ID=4 | SEQ=5
00:50.348	ID:4	[WARN: IPv6 Route] No route found
00:50.348	ID:4	[WARN: IPv6 Route] No route found
00:50.388	ID:3	[WARN: IPv6 Route] No route found
00:50.388	ID:3	[WARN: IPv6 Route] No route found
00:50.425	ID:1	[DATA_RECV] TS=50044 | SRC=4 | SEQ=5 | DELAY_MS=43
00:50.715	ID:5	[NODE_STAT] TS=50001 | ID=5 | OF=0 | PRNT=2 | RANK=1536 | PCHG=1 | CPU=50000000 | LPM=0 | TX=0 | RX=0
00:50.715	ID:5	[DATA_SEND] TS=50001 | ID=5 | SEQ=5
00:50.715	ID:5	[WARN: IPv6 Route] No route found
00:50.715	ID:5	[WARN: IPv6 Route] No route found
00:50.719	ID:2	[WARN: IPv6 Route] No route found
00:50.719	ID:2	[WARN: IPv6 Route] No route found
00:50.745	ID:1	[DATA_RECV] TS=50364 | SRC=5 | SEQ=5 | DELAY_MS=363
00:50.899	ID:3	[NODE_STAT] TS=50001 | ID=3 | OF=0 | PRNT=1 | RANK=512 | PCHG=1 | CPU=50000000 | LPM=0 | TX=0 | RX=0
00:50.899	ID:3	[DATA_SEND] TS=50001 | ID=3 | SEQ=5
00:50.899	ID:3	[WARN: IPv6 Route] No route found
00:50.899	ID:3	[WARN: IPv6 Route] No route found
00:50.920	ID:1	[DATA_RECV] TS=50539 | SRC=3 | SEQ=5 | DELAY_MS=538
01:00.236	ID:2	[NODE_STAT] TS=60001 | ID=2 | OF=0 | PRNT=1 | RANK=1024 | PCHG=1 | CPU=60000000 | LPM=0 | TX=0 | RX=0
01:00.236	ID:2	[DATA_SEND] TS=60001 | ID=2 | SEQ=6
01:00.236	ID:2	[WARN: IPv6 Route] No route found
01:00.236	ID:2	[WARN: IPv6 Route] No route found
01:00.270	ID:1	[DATA_RECV] TS=59889 | SRC=2 | SEQ=6 | DELAY_MS=0
01:00.348	ID:4	[NODE_STAT] TS=60001 | ID=4 | OF=0 | PRNT=3 | RANK=1024 | PCHG=1 | CPU=60000000 | LPM=0 | TX=0 | RX=0
01:00.348	ID:4	[DATA_SEND] TS=60001 | ID=4 | SEQ=6
01:00.348	ID:4	[WARN: IPv6 Route] No route found
01:00.348	ID:4	[WARN: IPv6 Route] No route found
01:00.362	ID:3	[WARN: IPv6 Route] No route found
01:00.362	ID:3	[WARN: IPv6 Route] No route found
01:00.396	ID:1	[DATA_RECV] TS=60015 | SRC=4 | SEQ=6 | DELAY_MS=14
01:00.715	ID:5	[NODE_STAT] TS=60001 | ID=5 | OF=0 | PRNT=2 | RANK=1536 | PCHG=1 | CPU=60000000 | LPM=0 | TX=0 | RX=0
01:00.715	ID:5	[DATA_SEND] TS=60001 | ID=5 | SEQ=6
01:00.715	ID:5	[WARN: IPv6 Route] No route found
01:00.715	ID:5	[WARN: IPv6 Route] No route found
01:00.743	ID:2	[WARN: IPv6 Route] No route found
01:00.743	ID:2	[WARN: IPv6 Route] No route found
01:00.766	ID:1	[DATA_RECV] TS=60385 | SRC=5 | SEQ=6 | DELAY_MS=384
01:00.899	ID:3	[NODE_STAT] TS=60001 | ID=3 | OF=0 | PRNT=1 | RANK=512 | PCHG=1 | CPU=60000000 | LPM=0 | TX=0 | RX=0
01:00.899	ID:3	[DATA_SEND] TS=60001 | ID=3 | SEQ=6
01:00.899	ID:3	[WARN: IPv6 Route] No route found
01:00.899	ID:3	[WARN: IPv6 Route] No route found
01:00.913	ID:1	[DATA_RECV] TS=60532 | SRC=3 | SEQ=6 | DELAY_MS=531
01:10.236	ID:2	[NODE_STAT] TS=70001 | ID=2 | OF=0 | PRNT=1 | RANK=768 | PCHG=1 | CPU=70000000 | LPM=0 | TX=0 | RX=0
01:10.236	ID:2	[DATA_SEND] TS=70001 | ID=2 | SEQ=7
01:10.236	ID:2	[WARN: IPv6 Route] No route found
01:10.236	ID:2	[WARN: IPv6 Route] No route found
01:10.251	ID:1	[DATA_RECV] TS=69870 | SRC=2 | SEQ=7 | DELAY_MS=0
01:10.348	ID:4	[NODE_STAT] TS=70001 | ID=4 | OF=0 | PRNT=3 | RANK=1024 | PCHG=1 | CPU=70000000 | LPM=0 | TX=0 | RX=0
01:10.348	ID:4	[DATA_SEND] TS=70001 | ID=4 | SEQ=7
01:10.348	ID:4	[WARN: IPv6 Route] No route found
01:10.348	ID:4	[WARN: IPv6 Route] No route found
01:10.368	ID:3	[WARN: IPv6 Route] No route found
01:10.368	ID:3	[WARN: IPv6 Route] No route found
01:10.384	ID:1	[DATA_RECV] TS=70003 | SRC=4 | SEQ=7 | DELAY_MS=2
01:10.715	ID:5	[NODE_STAT] TS=70001 | ID=5 | OF=0 | PRNT=2 | RANK=1280 | PCHG=1 | CPU=70000000 | LPM=0 | TX=0 | RX=0
01:10.715	ID:5	[DATA_SEND] TS=70001 | ID=5 | SEQ=7
01:10.715	ID:5	[WARN: IPv6 Route] No route found
01:10.715	ID:5	[WARN: IPv6 Route] No route found
01:10.735	ID:2	[WARN: IPv6 Route] No route found
01:10.735	ID:2	[WARN: IPv6 Route] No route found
01:10.861	ID:1	[DATA_RECV] TS=70480 | SRC=5 | SEQ=7 | DELAY_MS=479
01:10.899	ID:3	[NODE_STAT] TS=70001 | ID=3 | OF=0 | PRNT=1 | RANK=512 | PCHG=1 | CPU=70000000 | LPM=0 | TX=0 | RX=0
01:10.899	ID:3	[DATA_SEND] TS=70001 | ID=3 | SEQ=7
01:10.899	ID:3	[WARN: IPv6 Route] No route found
01:10.899	ID:3	[WARN: IPv6 Route] No route found
01:10.920	ID:1	[DATA_RECV] TS=70539 | SRC=3 | SEQ=7 | DELAY_MS=538
01:20.236	ID:2	[NODE_STAT] TS=80001 | ID=2 | OF=0 | PRNT=1 | RANK=1024 | PCHG=1 | CPU=80000000 | LPM=0 | TX=0 | RX=0
01:20.236	ID:2	[DATA_SEND] TS=80001 | ID=2 | SEQ=8
01:20.236	ID:2	[WARN: IPv6 Route] No route found
01:20.236	ID:2	[WARN: IPv6 Route] No route found
01:20.270	ID:1	[DATA_RECV] TS=79889 | SRC=2 | SEQ=8 | DELAY_MS=0
01:20.348	ID:4	[NODE_STAT] TS=80001 | ID=4 | OF=0 | PRNT=3 | RANK=768 | PCHG=1 | CPU=80000000 | LPM=0 | TX=0 | RX=0
01:20.348	ID:4	[DATA_SEND] TS=80001 | ID=4 | SEQ=8
01:20.348	ID:4	[WARN: IPv6 Route] No route found
01:20.348	ID:4	[WARN: IPv6 Route] No route found
01:20.376	ID:3	[WARN: IPv6 Route] No route found
01:20.376	ID:3	[WARN: IPv6 Route] No route found
01:20.397	ID:1	[DATA_RECV] TS=80016 | SRC=4 | SEQ=8 | DELAY_MS=15
01:20.715	ID:5	[NODE_STAT] TS=80001 | ID=5 | OF=0 | PRNT=2 | RANK=1280 | PCHG=1 | CPU=80000000 | LPM=0 | TX=0 | RX=0
01:20.715	ID:5	[DATA_SEND] TS=80001 | ID=5 | SEQ=8
01:20.715	ID:5	[WARN: IPv6 Route] No route found
01:20.715	ID:5	[WARN: IPv6 Route] No route found
01:20.725	ID:2	[WARN: IPv6 Route] No route found
01:20.725	ID:2	[WARN: IPv6 Route] No route found
01:20.742	ID:1	[DATA_RECV] TS=80361 | SRC=5 | SEQ=8 | DELAY_MS=360
01:20.899	ID:3	[NODE_STAT] TS=80001 | ID=3 | OF=0 | PRNT=1 | RANK=512 | PCHG=1 | CPU=80000000 | LPM=0 | TX=0 | RX=0
01:20.899	ID:3	[DATA_SEND] TS=80001 | ID=3 | SEQ=8
01:20.899	ID:3	[WARN: IPv6 Route] No route found
01:20.899	ID:3	[WARN: IPv6 Route] No route found
01:20.923	ID:1	[DATA_RECV] TS=80542 | SRC=3 | SEQ=8 | DELAY_MS=541
01:30.236	ID:2	[NODE_STAT] TS=90001 | ID=2 | OF=0 | PRNT=1 | RANK=1024 | PCHG=1 | CPU=90000000 | LPM=0 | TX=0 | RX=0
01:30.236	ID:2	[DATA_SEND] TS=90001 | ID=2 | SEQ=9
01:30.236	ID:2	[WARN: IPv6 Route] No route found
01:30.236	ID:2	[WARN: IPv6 Route] No route found
01:30.335	ID:1	[DATA_RECV] TS=89954 | SRC=2 | SEQ=9 | DELAY_MS=0
01:30.348	ID:4	[NODE_STAT] TS=90001 | ID=4 | OF=0 | PRNT=3 | RANK=768 | PCHG=1 | CPU=90000000 | LPM=0 | TX=0 | RX=0
01:30.348	ID:4	[DATA_SEND] TS=90001 | ID=4 | SEQ=9
01:30.348	ID:4	[WARN: IPv6 Route] No route found
01:30.348	ID:4	[WARN: IPv6 Route] No route found
01:30.385	ID:3	[WARN: IPv6 Route] No route found
01:30.385	ID:3	[WARN: IPv6 Route] No route found
01:30.424	ID:1	[DATA_RECV] TS=90043 | SRC=4 | SEQ=9 | DELAY_MS=42
01:30.715	ID:5	[NODE_STAT] TS=90001 | ID=5 | OF=0 | PRNT=2 | RANK=1280 | PCHG=1 | CPU=90000000 | LPM=0 | TX=0 | RX=0
01:30.715	ID:5	[DATA_SEND] TS=90001 | ID=5 | SEQ=9
01:30.715	ID:5	[WARN: IPv6 Route] No route found
01:30.715	ID:5	[WARN: IPv6 Route] No route found
01:30.749	ID:2	[WARN: IPv6 Route] No route found
01:30.749	ID:2	[WARN: IPv6 Route] No route found
01:30.899	ID:3	[NODE_STAT] TS=90001 | ID=3 | OF=0 | PRNT=1 | RANK=512 | PCHG=1 | CPU=90000000 | LPM=0 | TX=0 | RX=0
01:30.899	ID:3	[DATA_SEND] TS=90001 | ID=3 | SEQ=9
01:30.899	ID:3	[WARN: IPv6 Route] No route found
01:30.899	ID:3	[WARN: IPv6 Route] No route found
01:30.939	ID:1	[DATA_RECV] TS=90558 | SRC=3 | SEQ=9 | DELAY_MS=557
01:30.945	ID:1	[DATA_RECV] TS=90564 | SRC=5 | SEQ=9 | DELAY_MS=563
01:40.236	ID:2	[NODE_STAT] TS=100001 | ID=2 | OF=0 | PRNT=1 | RANK=1536 | PCHG=1 | CPU=100000000 | LPM=0 | TX=0 | RX=0
01:40.236	ID:2	[DATA_SEND] TS=100001 | ID=2 | SEQ=10
01:40.236	ID:2	[WARN: IPv6 Route] No route found
01:40.236	ID:2	[WARN: IPv6 Route] No route found
01:40.240	ID:1	[DATA_RECV] TS=99859 | SRC=2 | SEQ=10 | DELAY_MS=0
01:40.348	ID:4	[NODE_STAT] TS=100001 | ID=4 | OF=0 | PRNT=3 | RANK=768 | PCHG=1 | CPU=100000000 | LPM=0 | TX=0 | RX=0
01:40.348	ID:4	[DATA_SEND] TS=100001 | ID=4 | SEQ=10
01:40.348	ID:4	[WARN: IPv6 Route] No route found
01:40.348	ID:4	[WARN: IPv6 Route] No route found
01:40.385	ID:3	[WARN: IPv6 Route] No route found
01:40.385	ID:3	[WARN: IPv6 Route] No route found
01:40.407	ID:1	[DATA_RECV] TS=100026 | SRC=4 | SEQ=10 | DELAY_MS=25
01:40.715	ID:5	[NODE_STAT] TS=100001 | ID=5 | OF=0 | PRNT=2 | RANK=1792 | PCHG=1 | CPU=100000000 | LPM=0 | TX=0 | RX=0
01:40.715	ID:5	[DATA_SEND] TS=100001 | ID=5 | SEQ=10
01:40.715	ID:5	[WARN: IPv6 Route] No route found
01:40.715	ID:5	[WARN: IPv6 Route] No route found
01:40.738	ID:2	[WARN: IPv6 Route] No route found
01:40.738	ID:2	[WARN: IPv6 Route] No route found
01:40.814	ID:1	[DATA_RECV] TS=100433 | SRC=5 | SEQ=10 | DELAY_MS=432
01:40.899	ID:3	[NODE_STAT] TS=100001 | ID=3 | OF=0 | PRNT=1 | RANK=512 | PCHG=1 | CPU=100000000 | LPM=0 | TX=0 | RX=0
01:40.899	ID:3	[DATA_SEND] TS=100001 | ID=3 | SEQ=10
01:40.899	ID:3	[WARN: IPv6 Route] No route found
01:40.899	ID:3	[WARN: IPv6 Route] No route found
01:40.923	ID:1	[DATA_RECV] TS=100542 | SRC=3 | SEQ=10 | DELAY_MS=541
01:50.236	ID:2	[NODE_STAT] TS=110001 | ID=2 | OF=0 | PRNT=1 | RANK=1536 | PCHG=1 | CPU=110000000 | LPM=0 | TX=0 | RX=0
01:50.236	ID:2	[DATA_SEND] TS=110001 | ID=2 | SEQ=11
01:50.236	ID:2	[WARN: IPv6 Route] No route found
01:50.236	ID:2	[WARN: IPv6 Route] No route found
01:50.277	ID:1	[DATA_RECV] TS=109896 | SRC=2 | SEQ=11 | DELAY_MS=0
01:50.348	ID:4	[NODE_STAT] TS=110001 | ID=4 | OF=0 | PRNT=3 | RANK=768 | PCHG=1 | CPU=110000000 | LPM=0 | TX=0 | RX=0
01:50.348	ID:4	[DATA_SEND] TS=110001 | ID=4 | SEQ=11
01:50.348	ID:4	[WARN: IPv6 Route] No route found
01:50.348	ID:4	[WARN: IPv6 Route] No route found
01:50.373	ID:3	[WARN: IPv6 Route] No route found
01:50.373	ID:3	[WARN: IPv6 Route] No route found
01:50.381	ID:1	[DATA_RECV] TS=110000 | SRC=4 | SEQ=11 | DELAY_MS=0
01:50.715	ID:5	[NODE_STAT] TS=110001 | ID=5 | OF=0 | PRNT=2 | RANK=1792 | PCHG=1 | CPU=110000000 | LPM=0 | TX=0 | RX=0
01:50.715	ID:5	[DATA_SEND] TS=110001 | ID=5 | SEQ=11
01:50.715	ID:5	[WARN: IPv6 Route] No route found
01:50.715	ID:5	[WARN: IPv6 Route] No route found
01:50.745	ID:2	[WARN: IPv6 Route] No route found
01:50.745	ID:2	[WARN: IPv6 Route] No route found
01:50.752	ID:1	[DATA_RECV] TS=110371 | SRC=5 | SEQ=11 | DELAY_MS=370
01:50.899	ID:3	[NODE_STAT] TS=110001 | ID=3 | OF=0 | PRNT=1 | RANK=512 | PCHG=1 | CPU=110000000 | LPM=0 | TX=0 | RX=0
01:50.899	ID:3	[DATA_SEND] TS=110001 | ID=3 | SEQ=11
01:50.899	ID:3	[WARN: IPv6 Route] No route found
01:50.899	ID:3	[WARN: IPv6 Route] No route found
01:50.916	ID:1	[DATA_RECV] TS=110535 | SRC=3 | SEQ=11 | DELAY_MS=534
02:00.236	ID:2	[NODE_STAT] TS=120001 | ID=2 | OF=0 | PRNT=1 | RANK=1024 | PCHG=1 | CPU=120000000 | LPM=0 | TX=0 | RX=0
02:00.236	ID:2	[DATA_SEND] TS=120001 | ID=2 | SEQ=12
02:00.236	ID:2	[WARN: IPv6 Route] No route found
02:00.236	ID:2	[WARN: IPv6 Route] No route found
02:00.258	ID:1	[DATA_RECV] TS=119877 | SRC=2 | SEQ=12 | DELAY_MS=0
02:00.348	ID:4	[NODE_STAT] TS=120001 | ID=4 | OF=0 | PRNT=3 | RANK=768 | PCHG=1 | CPU=120000000 | LPM=0 | TX=0 | RX=0
02:00.348	ID:4	[DATA_SEND] TS=120001 | ID=4 | SEQ=12
02:00.348	ID:4	[WARN: IPv6 Route] No route found
02:00.348	ID:4	[WARN: IPv6 Route] No route found
02:00.377	ID:3	[WARN: IPv6 Route] No route found
02:00.377	ID:3	[WARN: IPv6 Route] No route found
02:00.416	ID:1	[DATA_RECV] TS=120035 | SRC=4 | SEQ=12 | DELAY_MS=34
02:00.899	ID:3	[NODE_STAT] TS=120001 | ID=3 | OF=0 | PRNT=1 | RANK=512 | PCHG=1 | CPU=120000000 | LPM=0 | TX=0 | RX=0
02:00.899	ID:3	[DATA_SEND] TS=120001 | ID=3 | SEQ=12
02:00.899	ID:3	[WARN: IPv6 Route] No route found
02:00.899	ID:3	[WARN: IPv6 Route] No route found
02:00.932	ID:1	[DATA_RECV] TS=120551 | SRC=3 | SEQ=12 | DELAY_MS=550
02:03.130	ID:4	[WARN: IPv6 Route] No route found
02:03.130	ID:4	[WARN: IPv6 Route] No route found
02:03.139	ID:3	[WARN: IPv6 Route] No route found
02:03.139	ID:3	[WARN: IPv6 Route] No route found
02:10.236	ID:2	[NODE_STAT] TS=130001 | ID=2 | OF=0 | PRNT=1 | RANK=1024 | PCHG=1 | CPU=130000000 | LPM=0 | TX=0 | RX=0
02:10.236	ID:2	[DATA_SEND] TS=130001 | ID=2 | SEQ=13
02:10.236	ID:2	[WARN: IPv6 Route] No route found
02:10.236	ID:2	[WARN: IPv6 Route] No route found
02:10.269	ID:1	[DATA_RECV] TS=129888 | SRC=2 | SEQ=13 | DELAY_MS=0
02:10.348	ID:4	[NODE_STAT] TS=130001 | ID=4 | OF=0 | PRNT=3 | RANK=768 | PCHG=1 | CPU=130000000 | LPM=0 | TX=0 | RX=0
02:10.348	ID:4	[DATA_SEND] TS=130001 | ID=4 | SEQ=13
02:10.348	ID:4	[WARN: IPv6 Route] No route found
02:10.348	ID:4	[WARN: IPv6 Route] No route found
02:10.388	ID:3	[WARN: IPv6 Route] No route found
02:10.388	ID:3	[WARN: IPv6 Route] No route found
02:10.433	ID:1	[DATA_RECV] TS=130052 | SRC=4 | SEQ=13 | DELAY_MS=51
02:10.715	ID:5	[NODE_STAT] TS=130001 | ID=5 | OF=0 | PRNT=4 | RANK=1536 | PCHG=2 | CPU=130000000 | LPM=0 | TX=0 | RX=0
02:10.715	ID:5	[DATA_SEND] TS=130001 | ID=5 | SEQ=12
02:10.715	ID:5	[WARN: IPv6 Route] No route found
02:10.715	ID:5	[WARN: IPv6 Route] No route found
02:10.721	ID:4	[WARN: IPv6 Route] No route found
02:10.721	ID:4	[WARN: IPv6 Route] No route found
02:10.727	ID:3	[WARN: IPv6 Route] No route found
02:10.727	ID:3	[WARN: IPv6 Route] No route found
02:10.761	ID:1	[DATA_RECV] TS=130380 | SRC=5 | SEQ=12 | DELAY_MS=379
02:10.899	ID:3	[NODE_STAT] TS=130001 | ID=3 | OF=0 | PRNT=1 | RANK=512 | PCHG=1 | CPU=130000000 | LPM=0 | TX=0 | RX=0
02:10.899	ID:3	[DATA_SEND] TS=130001 | ID=3 | SEQ=13
02:10.899	ID:3	[WARN: IPv6 Route] No route found
02:10.899	ID:3	[WARN: IPv6 Route] No route found
02:10.906	ID:1	[DATA_RECV] TS=130525 | SRC=3 | SEQ=13 | DELAY_MS=524
02:20.236	ID:2	[NODE_STAT] TS=140001 | ID=2 | OF=0 | PRNT=1 | RANK=1024 | PCHG=1 | CPU=140000000 | LPM=0 | TX=0 | RX=0
02:20.236	ID:2	[DATA_SEND] TS=140001 | ID=2 | SEQ=14
02:20.236	ID:2	[WARN: IPv6 Route] No route found
02:20.236	ID:2	[WARN: IPv6 Route] No route found
02:20.265	ID:1	[DATA_RECV] TS=139884 | SRC=2 | SEQ=14 | DELAY_MS=0
02:20.348	ID:4	[NODE_STAT] TS=140001 | ID=4 | OF=0 | PRNT=3 | RANK=768 | PCHG=1 | CPU=140000000 | LPM=0 | TX=0 | RX=0
02:20.348	ID:4	[DATA_SEND] TS=140001 | ID=4 | SEQ=14
02:20.348	ID:4	[WARN: IPv6 Route] No route found
02:20.348	ID:4	[WARN: IPv6 Route] No route found
02:20.379	ID:3	[WARN: IPv6 Route] No route found
02:20.379	ID:3	[WARN: IPv6 Route] No route found
02:20.386	ID:1	[DATA_RECV] TS=140005 | SRC=4 | SEQ=14 | DELAY_MS=4
02:20.715	ID:5	[NODE_STAT] TS=140001 | ID=5 | OF=0 | PRNT=4 | RANK=1280 | PCHG=2 | CPU=140000000 | LPM=0 | TX=0 | RX=0
02:20.715	ID:5	[DATA_SEND] TS=140001 | ID=5 | SEQ=13
02:20.715	ID:5	[WARN: IPv6 Route] No route found
02:20.715	ID:5	[WARN: IPv6 Route] No route found
02:20.720	ID:4	[WARN: IPv6 Route] No route found
02:20.720	ID:4	[WARN: IPv6 Route] No route found
02:20.762	ID:3	[WARN: IPv6 Route] No route found
02:20.762	ID:3	[WARN: IPv6 Route] No route found
02:20.782	ID:1	[DATA_RECV] TS=140401 | SRC=5 | SEQ=13 | DELAY_MS=400
02:20.899	ID:3	[NODE_STAT] TS=140001 | ID=3 | OF=0 | PRNT=1 | RANK=512 | PCHG=1 | CPU=140000000 | LPM=0 | TX=0 | RX=0
02:20.899	ID:3	[DATA_SEND] TS=140001 | ID=3 | SEQ=14
02:20.899	ID:3	[WARN: IPv6 Route] No route found
02:20.899	ID:3	[WARN: IPv6 Route] No route found
02:20.908	ID:1	[DATA_RECV] TS=140527 | SRC=3 | SEQ=14 | DELAY_MS=526
02:30.236	ID:2	[NODE_STAT] TS=150001 | ID=2 | OF=0 | PRNT=1 | RANK=1024 | PCHG=1 | CPU=150000000 | LPM=0 | TX=0 | RX=0
02:30.236	ID:2	[DATA_SEND] TS=150001 | ID=2 | SEQ=15
02:30.236	ID:2	[WARN: IPv6 Route] No route found
02:30.236	ID:2	[WARN: IPv6 Route] No route found
02:30.313	ID:1	[DATA_RECV] TS=149932 | SRC=2 | SEQ=15 | DELAY_MS=0
02:30.348	ID:4	[NODE_STAT] TS=150001 | ID=4 | OF=0 | PRNT=3 | RANK=768 | PCHG=1 | CPU=150000000 | LPM=0 | TX=0 | RX=0
02:30.348	ID:4	[DATA_SEND] TS=150001 | ID=4 | SEQ=15
02:30.348	ID:4	[WARN: IPv6 Route] No route found
02:30.348	ID:4	[WARN: IPv6 Route] No route found
02:30.370	ID:3	[WARN: IPv6 Route] No route found
02:30.370	ID:3	[WARN: IPv6 Route] No route found
02:30.383	ID:1	[DATA_RECV] TS=150002 | SRC=4 | SEQ=15 | DELAY_MS=1
02:30.715	ID:5	[NODE_STAT] TS=150001 | ID=5 | OF=0 | PRNT=4 | RANK=1280 | PCHG=2 | CPU=150000000 | LPM=0 | TX=0 | RX=0
02:30.715	ID:5	[DATA_SEND] TS=150001 | ID=5 | SEQ=14
02:30.715	ID:5	[WARN: IPv6 Route] No route found
02:30.715	ID:5	[WARN: IPv6 Route] No route found
02:30.744	ID:4	[WARN: IPv6 Route] No route found
02:30.744	ID:4	[WARN: IPv6 Route] No route found
02:30.780	ID:3	[WARN: IPv6 Route] No route found
02:30.780	ID:3	[WARN: IPv6 Route] No route found
02:30.814	ID:1	[DATA_RECV] TS=150433 | SRC=5 | SEQ=14 | DELAY_MS=432
02:30.899	ID:3	[NODE_STAT] TS=150001 | ID=3 | OF=0 | PRNT=1 | RANK=512 | PCHG=1 | CPU=150000000 | LPM=0 | TX=0 | RX=0
02:30.899	ID:3	[DATA_SEND] TS=150001 | ID=3 | SEQ=15
02:30.899	ID:3	[WARN: IPv6 Route] No route found
02:30.899	ID:3	[WARN: IPv6 Route] No route found
02:30.927	ID:1	[DATA_RECV] TS=150546 | SRC=3 | SEQ=15 | DELAY_MS=545
02:40.236	ID:2	[NODE_STAT] TS=160001 | ID=2 | OF=0 | PRNT=1 | RANK=1024 | PCHG=1 | CPU=160000000 | LPM=0 | TX=0 | RX=0
02:40.236	ID:2	[DATA_SEND] TS=160001 | ID=2 | SEQ=16
02:40.236	ID:2	[WARN: IPv6 Route] No route found
02:40.236	ID:2	[WARN: IPv6 Route] No route found
02:40.250	ID:1	[DATA_RECV] TS=159869 | SRC=2 | SEQ=16 | DELAY_MS=0
02:40.348	ID:4	[NODE_STAT] TS=160001 | ID=4 | OF=0 | PRNT=3 | RANK=768 | PCHG=1 | CPU=160000000 | LPM=0 | TX=0 | RX=0
02:40.348	ID:4	[DATA_SEND] TS=160001 | ID=4 | SEQ=16
02:40.348	ID:4	[WARN: IPv6 Route] No route found
02:40.348	ID:4	[WARN: IPv6 Route] No route found
02:40.353	ID:3	[WARN: IPv6 Route] No route found
02:40.353	ID:3	[WARN: IPv6 Route] No route found
02:40.398	ID:1	[DATA_RECV] TS=160017 | SRC=4 | SEQ=16 | DELAY_MS=16
02:40.715	ID:5	[NODE_STAT] TS=160001 | ID=5 | OF=0 | PRNT=4 | RANK=1280 | PCHG=2 | CPU=160000000 | LPM=0 | TX=0 | RX=0
02:40.715	ID:5	[DATA_SEND] TS=160001 | ID=5 | SEQ=15
02:40.715	ID:5	[WARN: IPv6 Route] No route found
02:40.715	ID:5	[WARN: IPv6 Route] No route found
02:40.732	ID:4	[WARN: IPv6 Route] No route found
02:40.732	ID:4	[WARN: IPv6 Route] No route found
02:40.743	ID:3	[WARN: IPv6 Route] No route found
02:40.743	ID:3	[WARN: IPv6 Route] No route found
02:40.786	ID:1	[DATA_RECV] TS=160405 | SRC=5 | SEQ=15 | DELAY_MS=404
02:40.899	ID:3	[NODE_STAT] TS=160001 | ID=3 | OF=0 | PRNT=1 | RANK=512 | PCHG=1 | CPU=160000000 | LPM=0 | TX=0 | RX=0
02:40.899	ID:3	[DATA_SEND] TS=160001 | ID=3 | SEQ=16
02:40.899	ID:3	[WARN: IPv6 Route] No route found
02:40.899	ID:3	[WARN: IPv6 Route] No route found
02:40.936	ID:1	[DATA_RECV] TS=160555 | SRC=3 | SEQ=16 | DELAY_MS=554
02:50.236	ID:2	[NODE_STAT] TS=170001 | ID=2 | OF=0 | PRNT=1 | RANK=1024 | PCHG=1 | CPU=170000000 | LPM=0 | TX=0 | RX=0
02:50.236	ID:2	[DATA_SEND] TS=170001 | ID=2 | SEQ=17
02:50.236	ID:2	[WARN: IPv6 Route] No route found
02:50.236	ID:2	[WARN: IPv6 Route] No route found
02:50.273	ID:1	[DATA_RECV] TS=169892 | SRC=2 | SEQ=17 | DELAY_MS=0
02:50.348	ID:4	[NODE_STAT] TS=170001 | ID=4 | OF=0 | PRNT=3 | RANK=768 | PCHG=1 | CPU=170000000 | LPM=0 | TX=0 | RX=0
02:50.348	ID:4	[DATA_SEND] TS=170001 | ID=4 | SEQ=17
02:50.348	ID:4	[WARN: IPv6 Route] No route found
02:50.348	ID:4	[WARN: IPv6 Route] No route found
02:50.378	ID:3	[WARN: IPv6 Route] No route found
02:50.378	ID:3	[WARN: IPv6 Route] No route found
02:50.424	ID:1	[DATA_RECV] TS=170043 | SRC=4 | SEQ=17 | DELAY_MS=42
02:50.715	ID:5	[NODE_STAT] TS=170001 | ID=5 | OF=0 | PRNT=4 | RANK=1280 | PCHG=2 | CPU=170000000 | LPM=0 | TX=0 | RX=0
02:50.715	ID:5	[DATA_SEND] TS=170001 | ID=5 | SEQ=16
02:50.715	ID:5	[WARN: IPv6 Route] No route found
02:50.715	ID:5	[WARN: IPv6 Route] No route found
02:50.756	ID:4	[WARN: IPv6 Route] No route found
02:50.756	ID:4	[WARN: IPv6 Route] No route found
02:50.763	ID:3	[WARN: IPv6 Route] No route found
02:50.763	ID:3	[WARN: IPv6 Route] No route found
02:50.783	ID:1	[DATA_RECV] TS=170402 | SRC=5 | SEQ=16 | DELAY_MS=401
02:50.899	ID:3	[NODE_STAT] TS=170001 | ID=3 | OF=0 | PRNT=1 | RANK=512 | PCHG=1 | CPU=170000000 | LPM=0 | TX=0 | RX=0
02:50.899	ID:3	[DATA_SEND] TS=170001 | ID=3 | SEQ=17
02:50.899	ID:3	[WARN: IPv6 Route] No route found
02:50.899	ID:3	[WARN: IPv6 Route] No route found
02:50.912	ID:1	[DATA_RECV] TS=170531 | SRC=3 | SEQ=17 | DELAY_MS=530
03:00.236	ID:2	[NODE_STAT] TS=180001 | ID=2 | OF=0 | PRNT=1 | RANK=1024 | PCHG=1 | CPU=180000000 | LPM=0 | TX=0 | RX=0
03:00.236	ID:2	[DATA_SEND] TS=180001 | ID=2 | SEQ=18
03:00.236	ID:2	[WARN: IPv6 Route] No route found
03:00.236	ID:2	[WARN: IPv6 Route] No route found
03:00.270	ID:1	[DATA_RECV] TS=179889 | SRC=2 | SEQ=18 | DELAY_MS=0
03:00.348	ID:4	[NODE_STAT] TS=180001 | ID=4 | OF=0 | PRNT=3 | RANK=768 | PCHG=1 | CPU=180000000 | LPM=0 | TX=0 | RX=0
03:00.348	ID:4	[DATA_SEND] TS=180001 | ID=4 | SEQ=18
03:00.348	ID:4	[WARN: IPv6 Route] No route found
03:00.348	ID:4	[WARN: IPv6 Route] No route found
03:00.359	ID:3	[WARN: IPv6 Route] No route found
03:00.359	ID:3	[WARN: IPv6 Route] No route found
03:00.392	ID:1	[DATA_RECV] TS=180011 | SRC=4 | SEQ=18 | DELAY_MS=10
03:00.715	ID:5	[NODE_STAT] TS=180001 | ID=5 | OF=0 | PRNT=4 | RANK=1280 | PCHG=2 | CPU=180000000 | LPM=0 | TX=0 | RX=0
03:00.715	ID:5	[DATA_SEND] TS=180001 | ID=5 | SEQ=17
03:00.715	ID:5	[WARN: IPv6 Route] No route found
03:00.715	ID:5	[WARN: IPv6 Route] No route found
03:00.745	ID:4	[WARN: IPv6 Route] No route found
03:00.745	ID:4	[WARN: IPv6 Route] No route found
03:00.774	ID:3	[WARN: IPv6 Route] No route found
03:00.774	ID:3	[WARN: IPv6 Route] No route found
03:00.819	ID:1	[DATA_RECV] TS=180438 | SRC=5 | SEQ=17 | DELAY_MS=437
03:00.899	ID:3	[NODE_STAT] TS=180001 | ID=3 | OF=0 | PRNT=1 | RANK=512 | PCHG=1 | CPU=180000000 | LPM=0 | TX=0 | RX=0
03:00.899	ID:3	[DATA_SEND] TS=180001 | ID=3 | SEQ=18
03:00.899	ID:3	[WARN: IPv6 Route] No route found
03:00.899	ID:3	[WARN: IPv6 Route] No route found
03:00.913	ID:1	[DATA_RECV] TS=180532 | SRC=3 | SEQ=18 | DELAY_MS=531
03:10.236	ID:2	[NODE_STAT] TS=190001 | ID=2 | OF=0 | PRNT=1 | RANK=1024 | PCHG=1 | CPU=190000000 | LPM=0 | TX=0 | RX=0
03:10.236	ID:2	[DATA_SEND] TS=190001 | ID=2 | SEQ=19
03:10.236	ID:2	[WARN: IPv6 Route] No route found
03:10.236	ID:2	[WARN: IPv6 Route] No route found
03:10.315	ID:1	[DATA_RECV] TS=189934 | SRC=2 | SEQ=19 | DELAY_MS=0
03:10.348	ID:4	[NODE_STAT] TS=190001 | ID=4 | OF=0 | PRNT=3 | RANK=768 | PCHG=1 | CPU=190000000 | LPM=0 | TX=0 | RX=0
03:10.348	ID:4	[DATA_SEND] TS=190001 | ID=4 | SEQ=19
03:10.348	ID:4	[WARN: IPv6 Route] No route found
03:10.348	ID:4	[WARN: IPv6 Route] No route found
03:10.373	ID:3	[WARN: IPv6 Route] No route found
03:10.373	ID:3	[WARN: IPv6 Route] No route found
03:10.401	ID:1	[DATA_RECV] TS=190020 | SRC=4 | SEQ=19 | DELAY_MS=19
03:10.715	ID:5	[NODE_STAT] TS=190001 | ID=5 | OF=0 | PRNT=4 | RANK=1024 | PCHG=2 | CPU=190000000 | LPM=0 | TX=0 | RX=0
03:10.715	ID:5	[DATA_SEND] TS=190001 | ID=5 | SEQ=18
03:10.715	ID:5	[WARN: IPv6 Route] No route found
03:10.715	ID:5	[WARN: IPv6 Route] No route found
03:10.756	ID:4	[WARN: IPv6 Route] No route found
03:10.756	ID:4	[WARN: IPv6 Route] No route found
03:10.774	ID:3	[WARN: IPv6 Route] No route found
03:10.774	ID:3	[WARN: IPv6 Route] No route found
03:10.786	ID:1	[DATA_RECV] TS=190405 | SRC=5 | SEQ=18 | DELAY_MS=404
03:10.899	ID:3	[NODE_STAT] TS=190001 | ID=3 | OF=0 | PRNT=1 | RANK=512 | PCHG=1 | CPU=190000000 | LPM=0 | TX=0 | RX=0
03:10.899	ID:3	[DATA_SEND] TS=190001 | ID=3 | SEQ=19
03:10.899	ID:3	[WARN: IPv6 Route] No route found
03:10.899	ID:3	[WARN: IPv6 Route] No route found
03:10.939	ID:1	[DATA_RECV] TS=190558 | SRC=3 | SEQ=19 | DELAY_MS=557
03:20.236	ID:2	[NODE_STAT] TS=200001 | ID=2 | OF=0 | PRNT=1 | RANK=1024 | PCHG=1 | CPU=200000000 | LPM=0 | TX=0 | RX=0
03:20.236	ID:2	[DATA_SEND] TS=200001 | ID=2 | SEQ=20
03:20.236	ID:2	[WARN: IPv6 Route] No route found
03:20.236	ID:2	[WARN: IPv6 Route] No route found
03:20.267	ID:1	[DATA_RECV] TS=199886 | SRC=2 | SEQ=20 | DELAY_MS=0
03:20.348	ID:4	[NODE_STAT] TS=200001 | ID=4 | OF=0 | PRNT=3 | RANK=768 | PCHG=1 | CPU=200000000 | LPM=0 | TX=0 | RX=0
03:20.348	ID:4	[DATA_SEND] TS=200001 | ID=4 | SEQ=20
03:20.348	ID:4	[WARN: IPv6 Route] No route found
03:20.348	ID:4	[WARN: IPv6 Route] No route found
03:20.393	ID:3	[WARN: IPv6 Route] No route found
03:20.393	ID:3	[WARN: IPv6 Route] No route found
03:20.399	ID:1	[DATA_RECV] TS=200018 | SRC=4 | SEQ=20 | DELAY_MS=17
03:20.715	ID:5	[NODE_STAT] TS=200001 | ID=5 | OF=0 | PRNT=4 | RANK=1024 | PCHG=2 | CPU=200000000 | LPM=0 | TX=0 | RX=0
03:20.715	ID:5	[DATA_SEND] TS=200001 | ID=5 | SEQ=19
03:20.715	ID:5	[WARN: IPv6 Route] No route found
03:20.715	ID:5	[WARN: IPv6 Route] No route found
03:20.723	ID:4	[WARN: IPv6 Route] No route found
03:20.723	ID:4	[WARN: IPv6 Route] No route found
03:20.763	ID:3	[WARN: IPv6 Route] No route found
03:20.763	ID:3	[WARN: IPv6 Route] No route found
03:20.789	ID:1	[DATA_RECV] TS=200408 | SRC=5 | SEQ=19 | DELAY_MS=407
03:20.899	ID:3	[NODE_STAT] TS=200001 | ID=3 | OF=0 | PRNT=1 | RANK=512 | PCHG=1 | CPU=200000000 | LPM=0 | TX=0 | RX=0
03:20.899	ID:3	[DATA_SEND] TS=200001 | ID=3 | SEQ=20
03:20.899	ID:3	[WARN: IPv6 Route] No route found
03:20.899	ID:3	[WARN: IPv6 Route] No route found
03:20.933	ID:1	[DATA_RECV] TS=200552 | SRC=3 | SEQ=20 | DELAY_MS=551
03:30.236	ID:2	[NODE_STAT] TS=210001 | ID=2 | OF=0 | PRNT=1 | RANK=1024 | PCHG=1 | CPU=210000000 | LPM=0 | TX=0 | RX=0
03:30.236	ID:2	[DATA_SEND] TS=210001 | ID=2 | SEQ=21
03:30.236	ID:2	[WARN: IPv6 Route] No route found
03:30.236	ID:2	[WARN: IPv6 Route] No route found
03:30.275	ID:1	[DATA_RECV] TS=209894 | SRC=2 | SEQ=21 | DELAY_MS=0
03:30.348	ID:4	[NODE_STAT] TS=210001 | ID=4 | OF=0 | PRNT=3 | RANK=768 | PCHG=1 | CPU=210000000 | LPM=0 | TX=0 | RX=0
03:30.348	ID:4	[DATA_SEND] TS=210001 | ID=4 | SEQ=21
03:30.348	ID:4	[WARN: IPv6 Route] No route found
03:30.348	ID:4	[WARN: IPv6 Route] No route found
03:30.366	ID:3	[WARN: IPv6 Route] No route found
03:30.366	ID:3	[WARN: IPv6 Route] No route found
03:30.403	ID:1	[DATA_RECV] TS=210022 | SRC=4 | SEQ=21 | DELAY_MS=21
03:30.715	ID:5	[NODE_STAT] TS=210001 | ID=5 | OF=0 | PRNT=4 | RANK=1024 | PCHG=2 | CPU=210000000 | LPM=0 | TX=0 | RX=0
03:30.715	ID:5	[DATA_SEND] TS=210001 | ID=5 | SEQ=20
03:30.715	ID:5	[WARN: IPv6 Route] No route found
03:30.715	ID:5	[WARN: IPv6 Route] No route found
03:30.724	ID:4	[WARN: IPv6 Route] No route found
03:30.724	ID:4	[WARN: IPv6 Route] No route found
03:30.769	ID:3	[WARN: IPv6 Route] No route found
03:30.769	ID:3	[WARN: IPv6 Route] No route found
03:30.789	ID:1	[DATA_RECV] TS=210408 | SRC=5 | SEQ=20 | DELAY_MS=407
03:30.899	ID:3	[NODE_STAT] TS=210001 | ID=3 | OF=0 | PRNT=1 | RANK=512 | PCHG=1 | CPU=210000000 | LPM=0 | TX=0 | RX=0
03:30.899	ID:3	[DATA_SEND] TS=210001 | ID=3 | SEQ=21
03:30.899	ID:3	[WARN: IPv6 Route] No route found
03:30.899	ID:3	[WARN: IPv6 Route] No route found
03:30.932	ID:1	[DATA_RECV] TS=210551 | SRC=3 | SEQ=21 | DELAY_MS=550
03:40.236	ID:2	[NODE_STAT] TS=220001 | ID=2 | OF=0 | PRNT=1 | RANK=1024 | PCHG=1 | CPU=220000000 | LPM=0 | TX=0 | RX=0
03:40.236	ID:2	[DATA_SEND] TS=220001 | ID=2 | SEQ=22
03:40.236	ID:2	[WARN: IPv6 Route] No route found
03:40.236	ID:2	[WARN: IPv6 Route] No route found
03:40.344	ID:1	[DATA_RECV] TS=219963 | SRC=2 | SEQ=22 | DELAY_MS=0
03:40.348	ID:4	[NODE_STAT] TS=220001 | ID=4 | OF=0 | PRNT=3 | RANK=768 | PCHG=1 | CPU=220000000 | LPM=0 | TX=0 | RX=0
03:40.348	ID:4	[DATA_SEND] TS=220001 | ID=4 | SEQ=22
03:40.348	ID:4	[WARN: IPv6 Route] No route found
03:40.348	ID:4	[WARN: IPv6 Route] No route found
03:40.374	ID:3	[WARN: IPv6 Route] No route found
03:40.374	ID:3	[WARN: IPv6 Route] No route found
03:40.414	ID:1	[DATA_RECV] TS=220033 | SRC=4 | SEQ=22 | DELAY_MS=32
03:40.715	ID:5	[NODE_STAT] TS=220001 | ID=5 | OF=0 | PRNT=4 | RANK=1024 | PCHG=2 | CPU=220000000 | LPM=0 | TX=0 | RX=0
03:40.715	ID:5	[DATA_SEND] TS=220001 | ID=5 | SEQ=21
03:40.715	ID:5	[WARN: IPv6 Route] No route found
03:40.715	ID:5	[WARN: IPv6 Route] No route found
03:40.739	ID:4	[WARN: IPv6 Route] No route found
03:40.739	ID:4	[WARN: IPv6 Route] No route found
03:40.745	ID:3	[WARN: IPv6 Route] No route found
03:40.745	ID:3	[WARN: IPv6 Route] No route found
03:40.778	ID:1	[DATA_RECV] TS=220397 | SRC=5 | SEQ=21 | DELAY_MS=396
03:40.899	ID:3	[NODE_STAT] TS=220001 | ID=3 | OF=0 | PRNT=1 | RANK=512 | PCHG=1 | CPU=220000000 | LPM=0 | TX=0 | RX=0
03:40.899	ID:3	[DATA_SEND] TS=220001 | ID=3 | SEQ=22
03:40.899	ID:3	[WARN: IPv6 Route] No route found
03:40.899	ID:3	[WARN: IPv6 Route] No route found
03:40.917	ID:1	[DATA_RECV] TS=220536 | SRC=3 | SEQ=22 | DELAY_MS=535
03:50.236	ID:2	[NODE_STAT] TS=230001 | ID=2 | OF=0 | PRNT=1 | RANK=1024 | PCHG=1 | CPU=230000000 | LPM=0 | TX=0 | RX=0
03:50.236	ID:2	[DATA_SEND] TS=230001 | ID=2 | SEQ=23
03:50.236	ID:2	[WARN: IPv6 Route] No route found
03:50.236	ID:2	[WARN: IPv6 Route] No route found
03:50.294	ID:1	[DATA_RECV] TS=229913 | SRC=2 | SEQ=23 | DELAY_MS=0
03:50.348	ID:4	[NODE_STAT] TS=230001 | ID=4 | OF=0 | PRNT=3 | RANK=768 | PCHG=1 | CPU=230000000 | LPM=0 | TX=0 | RX=0
03:50.348	ID:4	[DATA_SEND] TS=230001 | ID=4 | SEQ=23
03:50.348	ID:4	[WARN: IPv6 Route] No route found
03:50.348	ID:4	[WARN: IPv6 Route] No route found
03:50.369	ID:3	[WARN: IPv6 Route] No route found
03:50.369	ID:3	[WARN: IPv6 Route] No route found
03:50.399	ID:1	[DATA_RECV] TS=230018 | SRC=4 | SEQ=23 | DELAY_MS=17
03:50.715	ID:5	[NODE_STAT] TS=230001 | ID=5 | OF=0 | PRNT=4 | RANK=1024 | PCHG=2 | CPU=230000000 | LPM=0 | TX=0 | RX=0
03:50.715	ID:5	[DATA_SEND] TS=230001 | ID=5 | SEQ=22
03:50.715	ID:5	[WARN: IPv6 Route] No route found
03:50.715	ID:5	[WARN: IPv6 Route] No route found
03:50.751	ID:4	[WARN: IPv6 Route] No route found
03:50.751	ID:4	[WARN: IPv6 Route] No route found
03:50.787	ID:3	[WARN: IPv6 Route] No route found
03:50.787	ID:3	[WARN: IPv6 Route] No route found
03:50.827	ID:1	[DATA_RECV] TS=230446 | SRC=5 | SEQ=22 | DELAY_MS=445
03:50.899	ID:3	[NODE_STAT] TS=230001 | ID=3 | OF=0 | PRNT=1 | RANK=512 | PCHG=1 | CPU=230000000 | LPM=0 | TX=0 | RX=0
03:50.899	ID:3	[DATA_SEND] TS=230001 | ID=3 | SEQ=23
03:50.899	ID:3	[WARN: IPv6 Route] No route found
03:50.899	ID:3	[WARN: IPv6 Route] No route found
03:50.918	ID:1	[DATA_RECV] TS=230537 | SRC=3 | SEQ=23 | DELAY_MS=536
04:00.236	ID:2	[NODE_STAT] TS=240001 | ID=2 | OF=0 | PRNT=1 | RANK=1024 | PCHG=1 | CPU=240000000 | LPM=0 | TX=0 | RX=0
04:00.236	ID:2	[DATA_SEND] TS=240001 | ID=2 | SEQ=24
04:00.236	ID:2	[WARN: IPv6 Route] No route found
04:00.236	ID:2	[WARN: IPv6 Route] No route found
04:00.265	ID:1	[DATA_RECV] TS=239884 | SRC=2 | SEQ=24 | DELAY_MS=0
04:00.348	ID:4	[NODE_STAT] TS=240001 | ID=4 | OF=0 | PRNT=3 | RANK=768 | PCHG=1 | CPU=240000000 | LPM=0 | TX=0 | RX=0
04:00.348	ID:4	[DATA_SEND] TS=240001 | ID=4 | SEQ=24
04:00.348	ID:4	[WARN: IPv6 Route] No route found
04:00.348	ID:4	[WARN: IPv6 Route] No route found
04:00.379	ID:3	[WARN: IPv6 Route] No route found
04:00.379	ID:3	[WARN: IPv6 Route] No route found
04:00.393	ID:1	[DATA_RECV] TS=240012 | SRC=4 | SEQ=24 | DELAY_MS=11
04:00.715	ID:5	[NODE_STAT] TS=240001 | ID=5 | OF=0 | PRNT=4 | RANK=1024 | PCHG=2 | CPU=240000000 | LPM=0 | TX=0 | RX=0
04:00.715	ID:5	[DATA_SEND] TS=240001 | ID=5 | SEQ=23
04:00.715	ID:5	[WARN: IPv6 Route] No route found
04:00.715	ID:5	[WARN: IPv6 Route] No route found
04:00.747	ID:4	[WARN: IPv6 Route] No route found
04:00.747	ID:4	[WARN: IPv6 Route] No route found
04:00.754	ID:3	[WARN: IPv6 Route] No route found
04:00.754	ID:3	[WARN: IPv6 Route] No route found
04:00.773	ID:1	[DATA_RECV] TS=240392 | SRC=5 | SEQ=23 | DELAY_MS=391
04:00.899	ID:3	[NODE_STAT] TS=240001 | ID=3 | OF=0 | PRNT=1 | RANK=512 | PCHG=1 | CPU=240000000 | LPM=0 | TX=0 | RX=0
04:00.899	ID:3	[DATA_SEND] TS=240001 | ID=3 | SEQ=24
04:00.899	ID:3	[WARN: IPv6 Route] No route found
04:00.899	ID:3	[WARN: IPv6 Route] No route found
04:00.942	ID:1	[DATA_RECV] TS=240561 | SRC=3 | SEQ=24 | DELAY_MS=560
04:10.236	ID:2	[NODE_STAT] TS=250001 | ID=2 | OF=0 | PRNT=1 | RANK=1024 | PCHG=1 | CPU=250000000 | LPM=0 | TX=0 | RX=0
04:10.236	ID:2	[DATA_SEND] TS=250001 | ID=2 | SEQ=25
04:10.236	ID:2	[WARN: IPv6 Route] No route found
04:10.236	ID:2	[WARN: IPv6 Route] No route found
04:10.288	ID:1	[DATA_RECV] TS=249907 | SRC=2 | SEQ=25 | DELAY_MS=0
04:10.348	ID:4	[NODE_STAT] TS=250001 | ID=4 | OF=0 | PRNT=3 | RANK=768 | PCHG=1 | CPU=250000000 | LPM=0 | TX=0 | RX=0
04:10.348	ID:4	[DATA_SEND] TS=250001 | ID=4 | SEQ=25
04:10.348	ID:4	[WARN: IPv6 Route] No route found
04:10.348	ID:4	[WARN: IPv6 Route] No route found
04:10.360	ID:3	[WARN: IPv6 Route] No route found
04:10.360	ID:3	[WARN: IPv6 Route] No route found
04:10.367	ID:1	[DATA_RECV] TS=249986 | SRC=4 | SEQ=25 | DELAY_MS=0
04:10.715	ID:5	[NODE_STAT] TS=250001 | ID=5 | OF=0 | PRNT=4 | RANK=1024 | PCHG=2 | CPU=250000000 | LPM=0 | TX=0 | RX=0
04:10.715	ID:5	[DATA_SEND] TS=250001 | ID=5 | SEQ=24
04:10.715	ID:5	[WARN: IPv6 Route] No route found
04:10.715	ID:5	[WARN: IPv6 Route] No route found
04:10.721	ID:4	[WARN: IPv6 Route] No route found
04:10.721	ID:4	[WARN: IPv6 Route] No route found
04:10.738	ID:3	[WARN: IPv6 Route] No route found
04:10.738	ID:3	[WARN: IPv6 Route] No route found
04:10.772	ID:1	[DATA_RECV] TS=250391 | SRC=5 | SEQ=24 | DELAY_MS=390
04:10.899	ID:3	[NODE_STAT] TS=250001 | ID=3 | OF=0 | PRNT=1 | RANK=512 | PCHG=1 | CPU=250000000 | LPM=0 | TX=0 | RX=0
04:10.899	ID:3	[DATA_SEND] TS=250001 | ID=3 | SEQ=25
04:10.899	ID:3	[WARN: IPv6 Route] No route found
04:10.899	ID:3	[WARN: IPv6 Route] No route found
04:10.922	ID:1	[DATA_RECV] TS=250541 | SRC=3 | SEQ=25 | DELAY_MS=540
04:20.236	ID:2	[NODE_STAT] TS=260001 | ID=2 | OF=0 | PRNT=1 | RANK=1280 | PCHG=1 | CPU=260000000 | LPM=0 | TX=0 | RX=0
04:20.236	ID:2	[DATA_SEND] TS=260001 | ID=2 | SEQ=26
04:20.236	ID:2	[WARN: IPv6 Route] No route found
04:20.236	ID:2	[WARN: IPv6 Route] No route found
04:20.254	ID:1	[DATA_RECV] TS=259873 | SRC=2 | SEQ=26 | DELAY_MS=0
04:20.348	ID:4	[NODE_STAT] TS=260001 | ID=4 | OF=0 | PRNT=3 | RANK=768 | PCHG=1 | CPU=260000000 | LPM=0 | TX=0 | RX=0
04:20.348	ID:4	[DATA_SEND] TS=260001 | ID=4 | SEQ=26
04:20.348	ID:4	[WARN: IPv6 Route] No route found
04:20.348	ID:4	[WARN: IPv6 Route] No route found
04:20.374	ID:3	[WARN: IPv6 Route] No route found
04:20.374	ID:3	[WARN: IPv6 Route] No route found
04:20.384	ID:1	[DATA_RECV] TS=260003 | SRC=4 | SEQ=26 | DELAY_MS=2
04:20.715	ID:5	[NODE_STAT] TS=260001 | ID=5 | OF=0 | PRNT=4 | RANK=1024 | PCHG=2 | CPU=260000000 | LPM=0 | TX=0 | RX=0
04:20.715	ID:5	[DATA_SEND] TS=260001 | ID=5 | SEQ=25
04:20.715	ID:5	[WARN: IPv6 Route] No route found
04:20.715	ID:5	[WARN: IPv6 Route] No route found
04:20.719	ID:4	[WARN: IPv6 Route] No route found
04:20.719	ID:4	[WARN: IPv6 Route] No route found
04:20.734	ID:3	[WARN: IPv6 Route] No route found
04:20.734	ID:3	[WARN: IPv6 Route] No route found
04:20.747	ID:1	[DATA_RECV] TS=260366 | SRC=5 | SEQ=25 | DELAY_MS=365
04:20.899	ID:3	[NODE_STAT] TS=260001 | ID=3 | OF=0 | PRNT=1 | RANK=512 | PCHG=1 | CPU=260000000 | LPM=0 | TX=0 | RX=0
04:20.899	ID:3	[DATA_SEND] TS=260001 | ID=3 | SEQ=26
04:20.899	ID:3	[WARN: IPv6 Route] No route found
04:20.899	ID:3	[WARN: IPv6 Route] No route found
04:20.909	ID:1	[DATA_RECV] TS=260528 | SRC=3 | SEQ=26 | DELAY_MS=527
04:30.236	ID:2	[NODE_STAT] TS=270001 | ID=2 | OF=0 | PRNT=1 | RANK=1280 | PCHG=1 | CPU=270000000 | LPM=0 | TX=0 | RX=0
04:30.236	ID:2	[DATA_SEND] TS=270001 | ID=2 | SEQ=27
04:30.236	ID:2	[WARN: IPv6 Route] No route found
04:30.236	ID:2	[WARN: IPv6 Route] No route found
04:30.258	ID:1	[DATA_RECV] TS=269877 | SRC=2 | SEQ=27 | DELAY_MS=0
04:30.348	ID:4	[NODE_STAT] TS=270001 | ID=4 | OF=0 | PRNT=3 | RANK=768 | PCHG=1 | CPU=270000000 | LPM=0 | TX=0 | RX=0
04:30.348	ID:4	[DATA_SEND] TS=270001 | ID=4 | SEQ=27
04:30.348	ID:4	[WARN: IPv6 Route] No route found
04:30.348	ID:4	[WARN: IPv6 Route] No route found
04:30.364	ID:3	[WARN: IPv6 Route] No route found
04:30.364	ID:3	[WARN: IPv6 Route] No route found
04:30.410	ID:1	[DATA_RECV] TS=270029 | SRC=4 | SEQ=27 | DELAY_MS=28
04:30.715	ID:5	[NODE_STAT] TS=270001 | ID=5 | OF=0 | PRNT=4 | RANK=1024 | PCHG=2 | CPU=270000000 | LPM=0 | TX=0 | RX=0
04:30.715	ID:5	[DATA_SEND] TS=270001 | ID=5 | SEQ=26
04:30.715	ID:5	[WARN: IPv6 Route] No route found
04:30.715	ID:5	[WARN: IPv6 Route] No route found
04:30.758	ID:4	[WARN: IPv6 Route] No route found
04:30.758	ID:4	[WARN: IPv6 Route] No route found
04:30.794	ID:3	[WARN: IPv6 Route] No route found
04:30.794	ID:3	[WARN: IPv6 Route] No route found
04:30.832	ID:1	[DATA_RECV] TS=270451 | SRC=5 | SEQ=26 | DELAY_MS=450
04:30.899	ID:3	[NODE_STAT] TS=270001 | ID=3 | OF=0 | PRNT=1 | RANK=512 | PCHG=1 | CPU=270000000 | LPM=0 | TX=0 | RX=0
04:30.899	ID:3	[DATA_SEND] TS=270001 | ID=3 | SEQ=27
04:30.899	ID:3	[WARN: IPv6 Route] No route found
04:30.899	ID:3	[WARN: IPv6 Route] No route found
04:30.941	ID:1	[DATA_RECV] TS=270560 | SRC=3 | SEQ=27 | DELAY_MS=559
04:40.236	ID:2	[NODE_STAT] TS=280001 | ID=2 | OF=0 | PRNT=1 | RANK=1280 | PCHG=1 | CPU=280000000 | LPM=0 | TX=0 | RX=0
04:40.236	ID:2	[DATA_SEND] TS=280001 | ID=2 | SEQ=28
04:40.236	ID:2	[WARN: IPv6 Route] No route found
04:40.236	ID:2	[WARN: IPv6 Route] No route found
04:40.288	ID:1	[DATA_RECV] TS=279907 | SRC=2 | SEQ=28 | DELAY_MS=0
04:40.348	ID:4	[NODE_STAT] TS=280001 | ID=4 | OF=0 | PRNT=3 | RANK=768 | PCHG=1 | CPU=280000000 | LPM=0 | TX=0 | RX=0
04:40.348	ID:4	[DATA_SEND] TS=280001 | ID=4 | SEQ=28
04:40.348	ID:4	[WARN: IPv6 Route] No route found
04:40.348	ID:4	[WARN: IPv6 Route] No route found
04:40.368	ID:3	[WARN: IPv6 Route] No route found
04:40.368	ID:3	[WARN: IPv6 Route] No route found
04:40.383	ID:1	[DATA_RECV] TS=280002 | SRC=4 | SEQ=28 | DELAY_MS=1
04:40.715	ID:5	[NODE_STAT] TS=280001 | ID=5 | OF=0 | PRNT=4 | RANK=1024 | PCHG=2 | CPU=280000000 | LPM=0 | TX=0 | RX=0
04:40.715	ID:5	[DATA_SEND] TS=280001 | ID=5 | SEQ=27
04:40.715	ID:5	[WARN: IPv6 Route] No route found
04:40.715	ID:5	[WARN: IPv6 Route] No route found
04:40.738	ID:4	[WARN: IPv6 Route] No route found
04:40.738	ID:4	[WARN: IPv6 Route] No route found
04:40.755	ID:3	[WARN: IPv6 Route] No route found
04:40.755	ID:3	[WARN: IPv6 Route] No route found
04:40.764	ID:1	[DATA_RECV] TS=280383 | SRC=5 | SEQ=27 | DELAY_MS=382
04:40.899	ID:3	[NODE_STAT] TS=280001 | ID=3 | OF=0 | PRNT=1 | RANK=512 | PCHG=1 | CPU=280000000 | LPM=0 | TX=0 | RX=0
04:40.899	ID:3	[DATA_SEND] TS=280001 | ID=3 | SEQ=28
04:40.899	ID:3	[WARN: IPv6 Route] No route found
04:40.899	ID:3	[WARN: IPv6 Route] No route found
04:40.922	ID:1	[DATA_RECV] TS=280541 | SRC=3 | SEQ=28 | DELAY_MS=540
04:50.236	ID:2	[NODE_STAT] TS=290001 | ID=2 | OF=0 | PRNT=1 | RANK=1280 | PCHG=1 | CPU=290000000 | LPM=0 | TX=0 | RX=0
04:50.236	ID:2	[DATA_SEND] TS=290001 | ID=2 | SEQ=29
04:50.236	ID:2	[WARN: IPv6 Route] No route found
04:50.236	ID:2	[WARN: IPv6 Route] No route found
04:50.293	ID:1	[DATA_RECV] TS=289912 | SRC=2 | SEQ=29 | DELAY_MS=0
04:50.348	ID:4	[NODE_STAT] TS=290001 | ID=4 | OF=0 | PRNT=3 | RANK=768 | PCHG=1 | CPU=290000000 | LPM=0 | TX=0 | RX=0
04:50.348	ID:4	[DATA_SEND] TS=290001 | ID=4 | SEQ=29
04:50.348	ID:4	[WARN: IPv6 Route] No route found
04:50.348	ID:4	[WARN: IPv6 Route] No route found
04:50.386	ID:3	[WARN: IPv6 Route] No route found
04:50.386	ID:3	[WARN: IPv6 Route] No route found
04:50.392	ID:1	[DATA_RECV] TS=290011 | SRC=4 | SEQ=29 | DELAY_MS=10
04:50.715	ID:5	[NODE_STAT] TS=290001 | ID=5 | OF=0 | PRNT=4 | RANK=1024 | PCHG=2 | CPU=290000000 | LPM=0 | TX=0 | RX=0
04:50.715	ID:5	[DATA_SEND] TS=290001 | ID=5 | SEQ=28
04:50.715	ID:5	[WARN: IPv6 Route] No route found
04:50.715	ID:5	[WARN: IPv6 Route] No route found
04:50.735	ID:4	[WARN: IPv6 Route] No route found
04:50.735	ID:4	[WARN: IPv6 Route] No route found
04:50.774	ID:3	[WARN: IPv6 Route] No route found
04:50.774	ID:3	[WARN: IPv6 Route] No route found
04:50.790	ID:1	[DATA_RECV] TS=290409 | SRC=5 | SEQ=28 | DELAY_MS=408
04:50.899	ID:3	[NODE_STAT] TS=290001 | ID=3 | OF=0 | PRNT=1 | RANK=512 | PCHG=1 | CPU=290000000 | LPM=0 | TX=0 | RX=0
04:50.899	ID:3	[DATA_SEND] TS=290001 | ID=3 | SEQ=29
04:50.899	ID:3	[WARN: IPv6 Route] No route found
04:50.899	ID:3	[WARN: IPv6 Route] No route found
04:50.911	ID:1	[DATA_RECV] TS=290530 | SRC=3 | SEQ=29 | DELAY_MS=529
05:00.236	ID:2	[NODE_STAT] TS=300001 | ID=2 | OF=0 | PRNT=1 | RANK=1280 | PCHG=1 | CPU=300000000 | LPM=0 | TX=0 | RX=0
05:00.236	ID:2	[DATA_SEND] TS=300001 | ID=2 | SEQ=30
05:00.236	ID:2	[WARN: IPv6 Route] No route found
05:00.236	ID:2	[WARN: IPv6 Route] No route found
05:00.264	ID:1	[DATA_RECV] TS=299883 | SRC=2 | SEQ=30 | DELAY_MS=0
05:00.348	ID:4	[NODE_STAT] TS=300001 | ID=4 | OF=0 | PRNT=3 | RANK=768 | PCHG=1 | CPU=300000000 | LPM=0 | TX=0 | RX=0
05:00.348	ID:4	[DATA_SEND] TS=300001 | ID=4 | SEQ=30
05:00.348	ID:4	[WARN: IPv6 Route] No route found
05:00.348	ID:4	[WARN: IPv6 Route] No route found
05:00.361	ID:3	[WARN: IPv6 Route] No route found
05:00.361	ID:3	[WARN: IPv6 Route] No route found
05:00.371	ID:1	[DATA_RECV] TS=299990 | SRC=4 | SEQ=30 | DELAY_MS=0
05:00.715	ID:5	[NODE_STAT] TS=300001 | ID=5 | OF=0 | PRNT=4 | RANK=1024 | PCHG=2 | CPU=300000000 | LPM=0 | TX=0 | RX=0
05:00.715	ID:5	[DATA_SEND] TS=300001 | ID=5 | SEQ=29
05:00.715	ID:5	[WARN: IPv6 Route] No route found
05:00.715	ID:5	[WARN: IPv6 Route] No route found
05:00.734	ID:4	[WARN: IPv6 Route] No route found
05:00.734	ID:4	[WARN: IPv6 Route] No route found
05:00.757	ID:3	[WARN: IPv6 Route] No route found
05:00.757	ID:3	[WARN: IPv6 Route] No route found
05:00.803	ID:1	[DATA_RECV] TS=300422 | SRC=5 | SEQ=29 | DELAY_MS=421
05:00.899	ID:3	[NODE_STAT] TS=300001 | ID=3 | OF=0 | PRNT=1 | RANK=512 | PCHG=1 | CPU=300000000 | LPM=0 | TX=0 | RX=0
05:00.899	ID:3	[DATA_SEND] TS=300001 | ID=3 | SEQ=30
05:00.899	ID:3	[WARN: IPv6 Route] No route found
05:00.899	ID:3	[WARN: IPv6 Route] No route found
05:00.917	ID:1	[DATA_RECV] TS=300536 | SRC=3 | SEQ=30 | DELAY_MS=535
05:10.236	ID:2	[NODE_STAT] TS=310001 | ID=2 | OF=0 | PRNT=1 | RANK=1024 | PCHG=1 | CPU=310000000 | LPM=0 | TX=0 | RX=0
05:10.236	ID:2	[DATA_SEND] TS=310001 | ID=2 | SEQ=31
05:10.236	ID:2	[WARN: IPv6 Route] No route found
05:10.236	ID:2	[WARN: IPv6 Route] No route found
05:10.278	ID:1	[DATA_RECV] TS=309897 | SRC=2 | SEQ=31 | DELAY_MS=0
05:10.348	ID:4	[NODE_STAT] TS=310001 | ID=4 | OF=0 | PRNT=3 | RANK=768 | PCHG=1 | CPU=310000000 | LPM=0 | TX=0 | RX=0
05:10.348	ID:4	[DATA_SEND] TS=310001 | ID=4 | SEQ=31
05:10.348	ID:4	[WARN: IPv6 Route] No route found
05:10.348	ID:4	[WARN: IPv6 Route] No route found
05:10.375	ID:3	[WARN: IPv6 Route] No route found
05:10.375	ID:3	[WARN: IPv6 Route] No route found
05:10.414	ID:1	[DATA_RECV] TS=310033 | SRC=4 | SEQ=31 | DELAY_MS=32
05:10.715	ID:5	[NODE_STAT] TS=310001 | ID=5 | OF=0 | PRNT=4 | RANK=1024 | PCHG=2 | CPU=310000000 | LPM=0 | TX=0 | RX=0
05:10.715	ID:5	[DATA_SEND] TS=310001 | ID=5 | SEQ=30
05:10.715	ID:5	[WARN: IPv6 Route] No route found
05:10.715	ID:5	[WARN: IPv6 Route] No route found
05:10.743	ID:4	[WARN: IPv6 Route] No route found
05:10.743	ID:4	[WARN: IPv6 Route] No route found
05:10.771	ID:3	[WARN: IPv6 Route] No route found
05:10.771	ID:3	[WARN: IPv6 Route] No route found
05:10.778	ID:1	[DATA_RECV] TS=310397 | SRC=5 | SEQ=30 | DELAY_MS=396
05:10.899	ID:3	[NODE_STAT] TS=310001 | ID=3 | OF=0 | PRNT=1 | RANK=512 | PCHG=1 | CPU=310000000 | LPM=0 | TX=0 | RX=0
05:10.899	ID:3	[DATA_SEND] TS=310001 | ID=3 | SEQ=31
05:10.899	ID:3	[WARN: IPv6 Route] No route found
05:10.899	ID:3	[WARN: IPv6 Route] No route found
05:10.931	ID:1	[DATA_RECV] TS=310550 | SRC=3 | SEQ=31 | DELAY_MS=549
05:20.236	ID:2	[NODE_STAT] TS=320001 | ID=2 | OF=0 | PRNT=1 | RANK=1024 | PCHG=1 | CPU=320000000 | LPM=0 | TX=0 | RX=0
05:20.236	ID:2	[DATA_SEND] TS=320001 | ID=2 | SEQ=32
05:20.236	ID:2	[WARN: IPv6 Route] No route found
05:20.236	ID:2	[WARN: IPv6 Route] No route found
05:20.279	ID:1	[DATA_RECV] TS=319898 | SRC=2 | SEQ=32 | DELAY_MS=0
05:20.348	ID:4	[NODE_STAT] TS=320001 | ID=4 | OF=0 | PRNT=3 | RANK=768 | PCHG=1 | CPU=320000000 | LPM=0 | TX=0 | RX=0
05:20.348	ID:4	[DATA_SEND] TS=320001 | ID=4 | SEQ=32
05:20.348	ID:4	[WARN: IPv6 Route] No route found
05:20.348	ID:4	[WARN: IPv6 Route] No route found
05:20.367	ID:3	[WARN: IPv6 Route] No route found
05:20.367	ID:3	[WARN: IPv6 Route] No route found
05:20.374	ID:1	[DATA_RECV] TS=319993 | SRC=4 | SEQ=32 | DELAY_MS=0
05:20.715	ID:5	[NODE_STAT] TS=320001 | ID=5 | OF=0 | PRNT=4 | RANK=1024 | PCHG=2 | CPU=320000000 | LPM=0 | TX=0 | RX=0
05:20.715	ID:5	[DATA_SEND] TS=320001 | ID=5 | SEQ=31
05:20.715	ID:5	[WARN: IPv6 Route] No route found
05:20.715	ID:5	[WARN: IPv6 Route] No route found
05:20.734	ID:4	[WARN: IPv6 Route] No route found
05:20.734	ID:4	[WARN: IPv6 Route] No route found
05:20.765	ID:3	[WARN: IPv6 Route] No route found
05:20.765	ID:3	[WARN: IPv6 Route] No route found
05:20.781	ID:1	[DATA_RECV] TS=320400 | SRC=5 | SEQ=31 | DELAY_MS=399
05:20.899	ID:3	[NODE_STAT] TS=320001 | ID=3 | OF=0 | PRNT=1 | RANK=512 | PCHG=1 | CPU=320000000 | LPM=0 | TX=0 | RX=0
05:20.899	ID:3	[DATA_SEND] TS=320001 | ID=3 | SEQ=32
05:20.899	ID:3	[WARN: IPv6 Route] No route found
05:20.899	ID:3	[WARN: IPv6 Route] No route found
05:20.942	ID:1	[DATA_RECV] TS=320561 | SRC=3 | SEQ=32 | DELAY_MS=560
05:30.236	ID:2	[NODE_STAT] TS=330001 | ID=2 | OF=0 | PRNT=1 | RANK=1024 | PCHG=1 | CPU=330000000 | LPM=0 | TX=0 | RX=0
05:30.236	ID:2	[DATA_SEND] TS=330001 | ID=2 | SEQ=33
05:30.236	ID:2	[WARN: IPv6 Route] No route found
05:30.236	ID:2	[WARN: IPv6 Route] No route found
05:30.348	ID:4	[NODE_STAT] TS=330001 | ID=4 | OF=0 | PRNT=3 | RANK=768 | PCHG=1 | CPU=330000000 | LPM=0 | TX=0 | RX=0
05:30.348	ID:4	[DATA_SEND] TS=330001 | ID=4 | SEQ=33
05:30.348	ID:4	[WARN: IPv6 Route] No route found
05:30.348	ID:4	[WARN: IPv6 Route] No route found
05:30.348	ID:1	[DATA_RECV] TS=329967 | SRC=2 | SEQ=33 | DELAY_MS=0
05:30.355	ID:3	[WARN: IPv6 Route] No route found
05:30.355	ID:3	[WARN: IPv6 Route] No route found
05:30.372	ID:1	[DATA_RECV] TS=329991 | SRC=4 | SEQ=33 | DELAY_MS=0
05:30.715	ID:5	[NODE_STAT] TS=330001 | ID=5 | OF=0 | PRNT=4 | RANK=1024 | PCHG=2 | CPU=330000000 | LPM=0 | TX=0 | RX=0
05:30.715	ID:5	[DATA_SEND] TS=330001 | ID=5 | SEQ=32
05:30.715	ID:5	[WARN: IPv6 Route] No route found
05:30.715	ID:5	[WARN: IPv6 Route] No route found
05:30.753	ID:4	[WARN: IPv6 Route] No route found
05:30.753	ID:4	[WARN: IPv6 Route] No route found
05:30.767	ID:3	[WARN: IPv6 Route] No route found
05:30.767	ID:3	[WARN: IPv6 Route] No route found
05:30.783	ID:1	[DATA_RECV] TS=330402 | SRC=5 | SEQ=32 | DELAY_MS=401
05:30.899	ID:3	[NODE_STAT] TS=330001 | ID=3 | OF=0 | PRNT=1 | RANK=512 | PCHG=1 | CPU=330000000 | LPM=0 | TX=0 | RX=0
05:30.899	ID:3	[DATA_SEND] TS=330001 | ID=3 | SEQ=33
05:30.899	ID:3	[WARN: IPv6 Route] No route found
05:30.899	ID:3	[WARN: IPv6 Route] No route found
05:30.904	ID:1	[DATA_RECV] TS=330523 | SRC=3 | SEQ=33 | DELAY_MS=522
05:40.236	ID:2	[NODE_STAT] TS=340001 | ID=2 | OF=0 | PRNT=1 | RANK=1024 | PCHG=1 | CPU=340000000 | LPM=0 | TX=0 | RX=0
05:40.236	ID:2	[DATA_SEND] TS=340001 | ID=2 | SEQ=34
05:40.236	ID:2	[WARN: IPv6 Route] No route found
05:40.236	ID:2	[WARN: IPv6 Route] No route found
05:40.272	ID:1	[DATA_RECV] TS=339891 | SRC=2 | SEQ=34 | DELAY_MS=0
05:40.348	ID:4	[NODE_STAT] TS=340001 | ID=4 | OF=0 | PRNT=3 | RANK=768 | PCHG=1 | CPU=340000000 | LPM=0 | TX=0 | RX=0
05:40.348	ID:4	[DATA_SEND] TS=340001 | ID=4 | SEQ=34
05:40.348	ID:4	[WARN: IPv6 Route] No route found
05:40.348	ID:4	[WARN: IPv6 Route] No route found
05:40.366	ID:3	[WARN: IPv6 Route] No route found
05:40.366	ID:3	[WARN: IPv6 Route] No route found
05:40.400	ID:1	[DATA_RECV] TS=340019 | SRC=4 | SEQ=34 | DELAY_MS=18
05:40.715	ID:5	[NODE_STAT] TS=340001 | ID=5 | OF=0 | PRNT=4 | RANK=1024 | PCHG=2 | CPU=340000000 | LPM=0 | TX=0 | RX=0
05:40.715	ID:5	[DATA_SEND] TS=340001 | ID=5 | SEQ=33
05:40.715	ID:5	[WARN: IPv6 Route] No route found
05:40.715	ID:5	[WARN: IPv6 Route] No route found
05:40.728	ID:4	[WARN: IPv6 Route] No route found
05:40.728	ID:4	[WARN: IPv6 Route] No route found
05:40.738	ID:3	[WARN: IPv6 Route] No route found
05:40.738	ID:3	[WARN: IPv6 Route] No route found
05:40.777	ID:1	[DATA_RECV] TS=340396 | SRC=5 | SEQ=33 | DELAY_MS=395
05:40.899	ID:3	[NODE_STAT] TS=340001 | ID=3 | OF=0 | PRNT=1 | RANK=512 | PCHG=1 | CPU=340000000 | LPM=0 | TX=0 | RX=0
05:40.899	ID:3	[DATA_SEND] TS=340001 | ID=3 | SEQ=34
05:40.899	ID:3	[WARN: IPv6 Route] No route found
05:40.899	ID:3	[WARN: IPv6 Route] No route found
05:40.927	ID:1	[DATA_RECV] TS=340546 | SRC=3 | SEQ=34 | DELAY_MS=545
05:50.236	ID:2	[NODE_STAT] TS=350001 | ID=2 | OF=0 | PRNT=1 | RANK=1024 | PCHG=1 | CPU=350000000 | LPM=0 | TX=0 | RX=0
05:50.236	ID:2	[DATA_SEND] TS=350001 | ID=2 | SEQ=35
05:50.236	ID:2	[WARN: IPv6 Route] No route found
05:50.236	ID:2	[WARN: IPv6 Route] No route found
05:50.274	ID:1	[DATA_RECV] TS=349893 | SRC=2 | SEQ=35 | DELAY_MS=0
05:50.348	ID:4	[NODE_STAT] TS=350001 | ID=4 | OF=0 | PRNT=3 | RANK=768 | PCHG=1 | CPU=350000000 | LPM=0 | TX=0 | RX=0
05:50.348	ID:4	[DATA_SEND] TS=350001 | ID=4 | SEQ=35
05:50.348	ID:4	[WARN: IPv6 Route] No route found
05:50.348	ID:4	[WARN: IPv6 Route] No route found
05:50.356	ID:3	[WARN: IPv6 Route] No route found
05:50.356	ID:3	[WARN: IPv6 Route] No route found
05:50.390	ID:1	[DATA_RECV] TS=350009 | SRC=4 | SEQ=35 | DELAY_MS=8
05:50.715	ID:5	[NODE_STAT] TS=350001 | ID=5 | OF=0 | PRNT=4 | RANK=1024 | PCHG=2 | CPU=350000000 | LPM=0 | TX=0 | RX=0
05:50.715	ID:5	[DATA_SEND] TS=350001 | ID=5 | SEQ=34
05:50.715	ID:5	[WARN: IPv6 Route] No route found
05:50.715	ID:5	[WARN: IPv6 Route] No route found
05:50.731	ID:4	[WARN: IPv6 Route] No route found
05:50.731	ID:4	[WARN: IPv6 Route] No route found
05:50.756	ID:3	[WARN: IPv6 Route] No route found
05:50.756	ID:3	[WARN: IPv6 Route] No route found
05:50.764	ID:1	[DATA_RECV] TS=350383 | SRC=5 | SEQ=34 | DELAY_MS=382
05:50.899	ID:3	[NODE_STAT] TS=350001 | ID=3 | OF=0 | PRNT=1 | RANK=512 | PCHG=1 | CPU=350000000 | LPM=0 | TX=0 | RX=0
05:50.899	ID:3	[DATA_SEND] TS=350001 | ID=3 | SEQ=35
05:50.899	ID:3	[WARN: IPv6 Route] No route found
05:50.899	ID:3	[WARN: IPv6 Route] No route found
05:50.935	ID:1	[DATA_RECV] TS=350554 | SRC=3 | SEQ=35 | DELAY_MS=553
06:00.236	ID:2	[NODE_STAT] TS=360001 | ID=2 | OF=0 | PRNT=1 | RANK=1024 | PCHG=1 | CPU=360000000 | LPM=0 | TX=0 | RX=0
06:00.236	ID:2	[DATA_SEND] TS=360001 | ID=2 | SEQ=36
06:00.236	ID:2	[WARN: IPv6 Route] No route found
06:00.236	ID:2	[WARN: IPv6 Route] No route found
06:00.242	ID:1	[DATA_RECV] TS=359861 | SRC=2 | SEQ=36 | DELAY_MS=0
06:00.348	ID:4	[NODE_STAT] TS=360001 | ID=4 | OF=0 | PRNT=3 | RANK=768 | PCHG=1 | CPU=360000000 | LPM=0 | TX=0 | RX=0
06:00.348	ID:4	[DATA_SEND] TS=360001 | ID=4 | SEQ=36
06:00.348	ID:4	[WARN: IPv6 Route] No route found
06:00.348	ID:4	[WARN: IPv6 Route] No route found
06:00.358	ID:3	[WARN: IPv6 Route] No route found
06:00.358	ID:3	[WARN: IPv6 Route] No route found
06:00.371	ID:1	[DATA_RECV] TS=359990 | SRC=4 | SEQ=36 | DELAY_MS=0
06:00.715	ID:5	[NODE_STAT] TS=360001 | ID=5 | OF=0 | PRNT=4 | RANK=1024 | PCHG=2 | CPU=360000000 | LPM=0 | TX=0 | RX=0
06:00.715	ID:5	[DATA_SEND] TS=360001 | ID=5 | SEQ=35
06:00.715	ID:5	[WARN: IPv6 Route] No route found
06:00.715	ID:5	[WARN: IPv6 Route] No route found
06:00.750	ID:4	[WARN: IPv6 Route] No route found
06:00.750	ID:4	[WARN: IPv6 Route] No route found
06:00.796	ID:3	[WARN: IPv6 Route] No route found
06:00.796	ID:3	[WARN: IPv6 Route] No route found
06:00.814	ID:1	[DATA_RECV] TS=360433 | SRC=5 | SEQ=35 | DELAY_MS=432
06:00.899	ID:3	[NODE_STAT] TS=360001 | ID=3 | OF=0 | PRNT=1 | RANK=512 | PCHG=1 | CPU=360000000 | LPM=0 | TX=0 | RX=0
06:00.899	ID:3	[DATA_SEND] TS=360001 | ID=3 | SEQ=36
06:00.899	ID:3	[WARN: IPv6 Route] No route found
06:00.899	ID:3	[WARN: IPv6 Route] No route found
06:00.927	ID:1	[DATA_RECV] TS=360546 | SRC=3 | SEQ=36 | DELAY_MS=545
06:10.236	ID:2	[NODE_STAT] TS=370001 | ID=2 | OF=0 | PRNT=1 | RANK=768 | PCHG=1 | CPU=370000000 | LPM=0 | TX=0 | RX=0
06:10.236	ID:2	[DATA_SEND] TS=370001 | ID=2 | SEQ=37
06:10.236	ID:2	[WARN: IPv6 Route] No route found
06:10.236	ID:2	[WARN: IPv6 Route] No route found
06:10.348	ID:4	[NODE_STAT] TS=370001 | ID=4 | OF=0 | PRNT=3 | RANK=768 | PCHG=1 | CPU=370000000 | LPM=0 | TX=0 | RX=0
06:10.348	ID:4	[DATA_SEND] TS=370001 | ID=4 | SEQ=37
06:10.348	ID:4	[WARN: IPv6 Route] No route found
06:10.348	ID:4	[WARN: IPv6 Route] No route found
06:10.380	ID:3	[WARN: IPv6 Route] No route found
06:10.380	ID:3	[WARN: IPv6 Route] No route found
06:10.404	ID:1	[DATA_RECV] TS=370023 | SRC=4 | SEQ=37 | DELAY_MS=22
06:10.433	ID:1	[DATA_RECV] TS=370052 | SRC=2 | SEQ=37 | DELAY_MS=51
06:10.715	ID:5	[NODE_STAT] TS=370001 | ID=5 | OF=0 | PRNT=4 | RANK=1024 | PCHG=2 | CPU=370000000 | LPM=0 | TX=0 | RX=0
06:10.715	ID:5	[DATA_SEND] TS=370001 | ID=5 | SEQ=36
06:10.715	ID:5	[WARN: IPv6 Route] No route found
06:10.715	ID:5	[WARN: IPv6 Route] No route found
06:10.760	ID:4	[WARN: IPv6 Route] No route found
06:10.760	ID:4	[WARN: IPv6 Route] No route found
06:10.802	ID:3	[WARN: IPv6 Route] No route found
06:10.802	ID:3	[WARN: IPv6 Route] No route found
06:10.828	ID:1	[DATA_RECV] TS=370447 | SRC=5 | SEQ=36 | DELAY_MS=446
06:10.899	ID:3	[NODE_STAT] TS=370001 | ID=3 | OF=0 | PRNT=1 | RANK=512 | PCHG=1 | CPU=370000000 | LPM=0 | TX=0 | RX=0
06:10.899	ID:3	[DATA_SEND] TS=370001 | ID=3 | SEQ=37
06:10.899	ID:3	[WARN: IPv6 Route] No route found
06:10.899	ID:3	[WARN: IPv6 Route] No route found
06:10.923	ID:1	[DATA_RECV] TS=370542 | SRC=3 | SEQ=37 | DELAY_MS=541
06:20.236	ID:2	[NODE_STAT] TS=380001 | ID=2 | OF=0 | PRNT=1 | RANK=1280 | PCHG=1 | CPU=380000000 | LPM=0 | TX=0 | RX=0
06:20.236	ID:2	[DATA_SEND] TS=380001 | ID=2 | SEQ=38
06:20.236	ID:2	[WARN: IPv6 Route] No route found
06:20.236	ID:2	[WARN: IPv6 Route] No route found
06:20.299	ID:1	[DATA_RECV] TS=379918 | SRC=2 | SEQ=38 | DELAY_MS=0
06:20.348	ID:4	[NODE_STAT] TS=380001 | ID=4 | OF=0 | PRNT=3 | RANK=768 | PCHG=1 | CPU=380000000 | LPM=0 | TX=0 | RX=0
06:20.348	ID:4	[DATA_SEND] TS=380001 | ID=4 | SEQ=38
06:20.348	ID:4	[WARN: IPv6 Route] No route found
06:20.348	ID:4	[WARN: IPv6 Route] No route found
06:20.385	ID:3	[WARN: IPv6 Route] No route found
06:20.385	ID:3	[WARN: IPv6 Route] No route found
06:20.400	ID:1	[DATA_RECV] TS=380019 | SRC=4 | SEQ=38 | DELAY_MS=18
06:20.715	ID:5	[NODE_STAT] TS=380001 | ID=5 | OF=0 | PRNT=4 | RANK=1024 | PCHG=2 | CPU=380000000 | LPM=0 | TX=0 | RX=0
06:20.715	ID:5	[DATA_SEND] TS=380001 | ID=5 | SEQ=37
06:20.715	ID:5	[WARN: IPv6 Route] No route found
06:20.715	ID:5	[WARN: IPv6 Route] No route found
06:20.737	ID:4	[WARN: IPv6 Route] No route found
06:20.737	ID:4	[WARN: IPv6 Route] No route found
06:20.781	ID:3	[WARN: IPv6 Route] No route found
06:20.781	ID:3	[WARN: IPv6 Route] No route found
06:20.805	ID:1	[DATA_RECV] TS=380424 | SRC=5 | SEQ=37 | DELAY_MS=423
06:20.899	ID:3	[NODE_STAT] TS=380001 | ID=3 | OF=0 | PRNT=1 | RANK=512 | PCHG=1 | CPU=380000000 | LPM=0 | TX=0 | RX=0
06:20.899	ID:3	[DATA_SEND] TS=380001 | ID=3 | SEQ=38
06:20.899	ID:3	[WARN: IPv6 Route] No route found
06:20.899	ID:3	[WARN: IPv6 Route] No route found
06:20.911	ID:1	[DATA_RECV] TS=380530 | SRC=3 | SEQ=38 | DELAY_MS=529
06:30.236	ID:2	[NODE_STAT] TS=390001 | ID=2 | OF=0 | PRNT=1 | RANK=1536 | PCHG=1 | CPU=390000000 | LPM=0 | TX=0 | RX=0
06:30.236	ID:2	[DATA_SEND] TS=390001 | ID=2 | SEQ=39
06:30.236	ID:2	[WARN: IPv6 Route] No route found
06:30.236	ID:2	[WARN: IPv6 Route] No route found
06:30.254	ID:1	[DATA_RECV] TS=389873 | SRC=2 | SEQ=39 | DELAY_MS=0
06:30.348	ID:4	[NODE_STAT] TS=390001 | ID=4 | OF=0 | PRNT=3 | RANK=768 | PCHG=1 | CPU=390000000 | LPM=0 | TX=0 | RX=0
06:30.348	ID:4	[DATA_SEND] TS=390001 | ID=4 | SEQ=39
06:30.348	ID:4	[WARN: IPv6 Route] No route found
06:30.348	ID:4	[WARN: IPv6 Route] No route found
06:30.392	ID:3	[WARN: IPv6 Route] No route found
06:30.392	ID:3	[WARN: IPv6 Route] No route found
06:30.432	ID:1	[DATA_RECV] TS=390051 | SRC=4 | SEQ=39 | DELAY_MS=50
06:30.715	ID:5	[NODE_STAT] TS=390001 | ID=5 | OF=0 | PRNT=4 | RANK=1024 | PCHG=2 | CPU=390000000 | LPM=0 | TX=0 | RX=0
06:30.715	ID:5	[DATA_SEND] TS=390001 | ID=5 | SEQ=38
06:30.715	ID:5	[WARN: IPv6 Route] No route found
06:30.715	ID:5	[WARN: IPv6 Route] No route found
06:30.748	ID:4	[WARN: IPv6 Route] No route found
06:30.748	ID:4	[WARN: IPv6 Route] No route found
06:30.780	ID:3	[WARN: IPv6 Route] No route found
06:30.780	ID:3	[WARN: IPv6 Route] No route found
06:30.785	ID:1	[DATA_RECV] TS=390404 | SRC=5 | SEQ=38 | DELAY_MS=403
06:30.899	ID:3	[NODE_STAT] TS=390001 | ID=3 | OF=0 | PRNT=1 | RANK=512 | PCHG=1 | CPU=390000000 | LPM=0 | TX=0 | RX=0
06:30.899	ID:3	[DATA_SEND] TS=390001 | ID=3 | SEQ=39
06:30.899	ID:3	[WARN: IPv6 Route] No route found
06:30.899	ID:3	[WARN: IPv6 Route] No route found
06:30.918	ID:1	[DATA_RECV] TS=390537 | SRC=3 | SEQ=39 | DELAY_MS=536
06:40.236	ID:2	[NODE_STAT] TS=400001 | ID=2 | OF=0 | PRNT=1 | RANK=1280 | PCHG=1 | CPU=400000000 | LPM=0 | TX=0 | RX=0
06:40.236	ID:2	[DATA_SEND] TS=400001 | ID=2 | SEQ=40
06:40.236	ID:2	[WARN: IPv6 Route] No route found
06:40.236	ID:2	[WARN: IPv6 Route] No route found
06:40.245	ID:1	[DATA_RECV] TS=399864 | SRC=2 | SEQ=40 | DELAY_MS=0
06:40.348	ID:4	[NODE_STAT] TS=400001 | ID=4 | OF=0 | PRNT=3 | RANK=768 | PCHG=1 | CPU=400000000 | LPM=0 | TX=0 | RX=0
06:40.348	ID:4	[DATA_SEND] TS=400001 | ID=4 | SEQ=40
06:40.348	ID:4	[WARN: IPv6 Route] No route found
06:40.348	ID:4	[WARN: IPv6 Route] No route found
06:40.364	ID:3	[WARN: IPv6 Route] No route found
06:40.364	ID:3	[WARN: IPv6 Route] No route found
06:40.396	ID:1	[DATA_RECV] TS=400015 | SRC=4 | SEQ=40 | DELAY_MS=14
06:40.715	ID:5	[NODE_STAT] TS=400001 | ID=5 | OF=0 | PRNT=4 | RANK=1024 | PCHG=2 | CPU=400000000 | LPM=0 | TX=0 | RX=0
06:40.715	ID:5	[DATA_SEND] TS=400001 | ID=5 | SEQ=39
06:40.715	ID:5	[WARN: IPv6 Route] No route found
06:40.715	ID:5	[WARN: IPv6 Route] No route found
06:40.736	ID:4	[WARN: IPv6 Route] No route found
06:40.736	ID:4	[WARN: IPv6 Route] No route found
06:40.766	ID:3	[WARN: IPv6 Route] No route found
06:40.766	ID:3	[WARN: IPv6 Route] No route found
06:40.773	ID:1	[DATA_RECV] TS=400392 | SRC=5 | SEQ=39 | DELAY_MS=391
06:40.899	ID:3	[NODE_STAT] TS=400001 | ID=3 | OF=0 | PRNT=1 | RANK=512 | PCHG=1 | CPU=400000000 | LPM=0 | TX=0 | RX=0
06:40.899	ID:3	[DATA_SEND] TS=400001 | ID=3 | SEQ=40
06:40.899	ID:3	[WARN: IPv6 Route] No route found
06:40.899	ID:3	[WARN: IPv6 Route] No route found
06:40.935	ID:1	[DATA_RECV] TS=400554 | SRC=3 | SEQ=40 | DELAY_MS=553
06:50.236	ID:2	[NODE_STAT] TS=410001 | ID=2 | OF=0 | PRNT=1 | RANK=1280 | PCHG=1 | CPU=410000000 | LPM=0 | TX=0 | RX=0
06:50.236	ID:2	[DATA_SEND] TS=410001 | ID=2 | SEQ=41
06:50.236	ID:2	[WARN: IPv6 Route] No route found
06:50.236	ID:2	[WARN: IPv6 Route] No route found
06:50.266	ID:1	[DATA_RECV] TS=409885 | SRC=2 | SEQ=41 | DELAY_MS=0
06:50.348	ID:4	[NODE_STAT] TS=410001 | ID=4 | OF=0 | PRNT=3 | RANK=768 | PCHG=1 | CPU=410000000 | LPM=0 | TX=0 | RX=0
06:50.348	ID:4	[DATA_SEND] TS=410001 | ID=4 | SEQ=41
06:50.348	ID:4	[WARN: IPv6 Route] No route found
06:50.348	ID:4	[WARN: IPv6 Route] No route found
06:50.354	ID:3	[WARN: IPv6 Route] No route found
06:50.354	ID:3	[WARN: IPv6 Route] No route found
06:50.365	ID:1	[DATA_RECV] TS=409984 | SRC=4 | SEQ=41 | DELAY_MS=0
06:50.715	ID:5	[NODE_STAT] TS=410001 | ID=5 | OF=0 | PRNT=4 | RANK=1024 | PCHG=2 | CPU=410000000 | LPM=0 | TX=0 | RX=0
06:50.715	ID:5	[DATA_SEND] TS=410001 | ID=5 | SEQ=40
06:50.715	ID:5	[WARN: IPv6 Route] No route found
06:50.715	ID:5	[WARN: IPv6 Route] No route found
06:50.720	ID:4	[WARN: IPv6 Route] No route found
06:50.720	ID:4	[WARN: IPv6 Route] No route found
06:50.737	ID:3	[WARN: IPv6 Route] No route found
06:50.737	ID:3	[WARN: IPv6 Route] No route found
06:50.766	ID:1	[DATA_RECV] TS=410385 | SRC=5 | SEQ=40 | DELAY_MS=384
06:50.899	ID:3	[NODE_STAT] TS=410001 | ID=3 | OF=0 | PRNT=1 | RANK=512 | PCHG=1 | CPU=410000000 | LPM=0 | TX=0 | RX=0
06:50.899	ID:3	[DATA_SEND] TS=410001 | ID=3 | SEQ=41
06:50.899	ID:3	[WARN: IPv6 Route] No route found
06:50.899	ID:3	[WARN: IPv6 Route] No route found
06:50.943	ID:1	[DATA_RECV] TS=410562 | SRC=3 | SEQ=41 | DELAY_MS=561
07:00.236	ID:2	[NODE_STAT] TS=420001 | ID=2 | OF=0 | PRNT=1 | RANK=1280 | PCHG=1 | CPU=420000000 | LPM=0 | TX=0 | RX=0
07:00.236	ID:2	[DATA_SEND] TS=420001 | ID=2 | SEQ=42
07:00.236	ID:2	[WARN: IPv6 Route] No route found
07:00.236	ID:2	[WARN: IPv6 Route] No route found
07:00.272	ID:1	[DATA_RECV] TS=419891 | SRC=2 | SEQ=42 | DELAY_MS=0
07:00.348	ID:4	[NODE_STAT] TS=420001 | ID=4 | OF=0 | PRNT=3 | RANK=768 | PCHG=1 | CPU=420000000 | LPM=0 | TX=0 | RX=0
07:00.348	ID:4	[DATA_SEND] TS=420001 | ID=4 | SEQ=42
07:00.348	ID:4	[WARN: IPv6 Route] No route found
07:00.348	ID:4	[WARN: IPv6 Route] No route found
07:00.377	ID:3	[WARN: IPv6 Route] No route found
07:00.377	ID:3	[WARN: IPv6 Route] No route found
07:00.393	ID:1	[DATA_RECV] TS=420012 | SRC=4 | SEQ=42 | DELAY_MS=11
07:00.715	ID:5	[NODE_STAT] TS=420001 | ID=5 | OF=0 | PRNT=4 | RANK=1024 | PCHG=2 | CPU=420000000 | LPM=0 | TX=0 | RX=0
07:00.715	ID:5	[DATA_SEND] TS=420001 | ID=5 | SEQ=41
07:00.715	ID:5	[WARN: IPv6 Route] No route found
07:00.715	ID:5	[WARN: IPv6 Route] No route found
07:00.749	ID:4	[WARN: IPv6 Route] No route found
07:00.749	ID:4	[WARN: IPv6 Route] No route found
07:00.756	ID:3	[WARN: IPv6 Route] No route found
07:00.756	ID:3	[WARN: IPv6 Route] No route found
07:00.785	ID:1	[DATA_RECV] TS=420404 | SRC=5 | SEQ=41 | DELAY_MS=403
07:00.899	ID:3	[NODE_STAT] TS=420001 | ID=3 | OF=0 | PRNT=1 | RANK=512 | PCHG=1 | CPU=420000000 | LPM=0 | TX=0 | RX=0
07:00.899	ID:3	[DATA_SEND] TS=420001 | ID=3 | SEQ=42
07:00.899	ID:3	[WARN: IPv6 Route] No route found
07:00.899	ID:3	[WARN: IPv6 Route] No route found
07:00.919	ID:1	[DATA_RECV] TS=420538 | SRC=3 | SEQ=42 | DELAY_MS=537
07:10.236	ID:2	[NODE_STAT] TS=430001 | ID=2 | OF=0 | PRNT=1 | RANK=1024 | PCHG=1 | CPU=430000000 | LPM=0 | TX=0 | RX=0
07:10.236	ID:2	[DATA_SEND] TS=430001 | ID=2 | SEQ=43
07:10.236	ID:2	[WARN: IPv6 Route] No route found
07:10.236	ID:2	[WARN: IPv6 Route] No route found
07:10.268	ID:1	[DATA_RECV] TS=429887 | SRC=2 | SEQ=43 | DELAY_MS=0
07:10.348	ID:4	[NODE_STAT] TS=430001 | ID=4 | OF=0 | PRNT=3 | RANK=768 | PCHG=1 | CPU=430000000 | LPM=0 | TX=0 | RX=0
07:10.348	ID:4	[DATA_SEND] TS=430001 | ID=4 | SEQ=43
07:10.348	ID:4	[WARN: IPv6 Route] No route found
07:10.348	ID:4	[WARN: IPv6 Route] No route found
07:10.391	ID:3	[WARN: IPv6 Route] No route found
07:10.391	ID:3	[WARN: IPv6 Route] No route found
07:10.424	ID:1	[DATA_RECV] TS=430043 | SRC=4 | SEQ=43 | DELAY_MS=42
07:10.715	ID:5	[NODE_STAT] TS=430001 | ID=5 | OF=0 | PRNT=4 | RANK=1024 | PCHG=2 | CPU=430000000 | LPM=0 | TX=0 | RX=0
07:10.715	ID:5	[DATA_SEND] TS=430001 | ID=5 | SEQ=42
07:10.715	ID:5	[WARN: IPv6 Route] No route found
07:10.715	ID:5	[WARN: IPv6 Route] No route found
07:10.724	ID:4	[WARN: IPv6 Route] No route found
07:10.724	ID:4	[WARN: IPv6 Route] No route found
07:10.733	ID:3	[WARN: IPv6 Route] No route found
07:10.733	ID:3	[WARN: IPv6 Route] No route found
07:10.755	ID:1	[DATA_RECV] TS=430374 | SRC=5 | SEQ=42 | DELAY_MS=373
07:10.899	ID:3	[NODE_STAT] TS=430001 | ID=3 | OF=0 | PRNT=1 | RANK=512 | PCHG=1 | CPU=430000000 | LPM=0 | TX=0 | RX=0
07:10.899	ID:3	[DATA_SEND] TS=430001 | ID=3 | SEQ=43
07:10.899	ID:3	[WARN: IPv6 Route] No route found
07:10.899	ID:3	[WARN: IPv6 Route] No route found
07:10.904	ID:1	[DATA_RECV] TS=430523 | SRC=3 | SEQ=43 | DELAY_MS=522
07:20.236	ID:2	[NODE_STAT] TS=440001 | ID=2 | OF=0 | PRNT=1 | RANK=1024 | PCHG=1 | CPU=440000000 | LPM=0 | TX=0 | RX=0
07:20.236	ID:2	[DATA_SEND] TS=440001 | ID=2 | SEQ=44
07:20.236	ID:2	[WARN: IPv6 Route] No route found
07:20.236	ID:2	[WARN: IPv6 Route] No route found
07:20.271	ID:1	[DATA_RECV] TS=439890 | SRC=2 | SEQ=44 | DELAY_MS=0
07:20.348	ID:4	[NODE_STAT] TS=440001 | ID=4 | OF=0 | PRNT=3 | RANK=768 | PCHG=1 | CPU=440000000 | LPM=0 | TX=0 | RX=0
07:20.348	ID:4	[DATA_SEND] TS=440001 | ID=4 | SEQ=44
07:20.348	ID:4	[WARN: IPv6 Route] No route found
07:20.348	ID:4	[WARN: IPv6 Route] No route found
07:20.355	ID:3	[WARN: IPv6 Route] No route found
07:20.355	ID:3	[WARN: IPv6 Route] No route found
07:20.383	ID:1	[DATA_RECV] TS=440002 | SRC=4 | SEQ=44 | DELAY_MS=1
07:20.715	ID:5	[NODE_STAT] TS=440001 | ID=5 | OF=0 | PRNT=4 | RANK=1024 | PCHG=2 | CPU=440000000 | LPM=0 | TX=0 | RX=0
07:20.715	ID:5	[DATA_SEND] TS=440001 | ID=5 | SEQ=43
07:20.715	ID:5	[WARN: IPv6 Route] No route found
07:20.715	ID:5	[WARN: IPv6 Route] No route found
07:20.732	ID:4	[WARN: IPv6 Route] No route found
07:20.732	ID:4	[WARN: IPv6 Route] No route found
07:20.755	ID:3	[WARN: IPv6 Route] No route found
07:20.755	ID:3	[WARN: IPv6 Route] No route found
07:20.799	ID:1	[DATA_RECV] TS=440418 | SRC=5 | SEQ=43 | DELAY_MS=417
07:20.899	ID:3	[NODE_STAT] TS=440001 | ID=3 | OF=0 | PRNT=1 | RANK=512 | PCHG=1 | CPU=440000000 | LPM=0 | TX=0 | RX=0
07:20.899	ID:3	[DATA_SEND] TS=440001 | ID=3 | SEQ=44
07:20.899	ID:3	[WARN: IPv6 Route] No route found
07:20.899	ID:3	[WARN: IPv6 Route] No route found
07:20.937	ID:1	[DATA_RECV] TS=440556 | SRC=3 | SEQ=44 | DELAY_MS=555
07:30.236	ID:2	[NODE_STAT] TS=450001 | ID=2 | OF=0 | PRNT=1 | RANK=1024 | PCHG=1 | CPU=450000000 | LPM=0 | TX=0 | RX=0
07:30.236	ID:2	[DATA_SEND] TS=450001 | ID=2 | SEQ=45
07:30.236	ID:2	[WARN: IPv6 Route] No route found
07:30.236	ID:2	[WARN: IPv6 Route] No route found
07:30.248	ID:1	[DATA_RECV] TS=449867 | SRC=2 | SEQ=45 | DELAY_MS=0
07:30.348	ID:4	[NODE_STAT] TS=450001 | ID=4 | OF=0 | PRNT=3 | RANK=768 | PCHG=1 | CPU=450000000 | LPM=0 | TX=0 | RX=0
07:30.348	ID:4	[DATA_SEND] TS=450001 | ID=4 | SEQ=45
07:30.348	ID:4	[WARN: IPv6 Route] No route found
07:30.348	ID:4	[WARN: IPv6 Route] No route found
07:30.382	ID:3	[WARN: IPv6 Route] No route found
07:30.382	ID:3	[WARN: IPv6 Route] No route found
07:30.388	ID:1	[DATA_RECV] TS=450007 | SRC=4 | SEQ=45 | DELAY_MS=6
07:30.715	ID:5	[NODE_STAT] TS=450001 | ID=5 | OF=0 | PRNT=4 | RANK=1024 | PCHG=2 | CPU=450000000 | LPM=0 | TX=0 | RX=0
07:30.715	ID:5	[DATA_SEND] TS=450001 | ID=5 | SEQ=44
07:30.715	ID:5	[WARN: IPv6 Route] No route found
07:30.715	ID:5	[WARN: IPv6 Route] No route found
07:30.723	ID:4	[WARN: IPv6 Route] No route found
07:30.723	ID:4	[WARN: IPv6 Route] No route found
07:30.741	ID:3	[WARN: IPv6 Route] No route found
07:30.741	ID:3	[WARN: IPv6 Route] No route found
07:30.752	ID:1	[DATA_RECV] TS=450371 | SRC=5 | SEQ=44 | DELAY_MS=370
07:30.899	ID:3	[NODE_STAT] TS=450001 | ID=3 | OF=0 | PRNT=1 | RANK=512 | PCHG=1 | CPU=450000000 | LPM=0 | TX=0 | RX=0
07:30.899	ID:3	[DATA_SEND] TS=450001 | ID=3 | SEQ=45
07:30.899	ID:3	[WARN: IPv6 Route] No route found
07:30.899	ID:3	[WARN: IPv6 Route] No route found
07:30.934	ID:1	[DATA_RECV] TS=450553 | SRC=3 | SEQ=45 | DELAY_MS=552
07:40.236	ID:2	[NODE_STAT] TS=460001 | ID=2 | OF=0 | PRNT=1 | RANK=768 | PCHG=1 | CPU=460000000 | LPM=0 | TX=0 | RX=0
07:40.236	ID:2	[DATA_SEND] TS=460001 | ID=2 | SEQ=46
07:40.236	ID:2	[WARN: IPv6 Route] No route found
07:40.236	ID:2	[WARN: IPv6 Route] No route found
07:40.314	ID:1	[DATA_RECV] TS=459933 | SRC=2 | SEQ=46 | DELAY_MS=0
07:40.348	ID:4	[NODE_STAT] TS=460001 | ID=4 | OF=0 | PRNT=3 | RANK=768 | PCHG=1 | CPU=460000000 | LPM=0 | TX=0 | RX=0
07:40.348	ID:4	[DATA_SEND] TS=460001 | ID=4 | SEQ=46
07:40.348	ID:4	[WARN: IPv6 Route] No route found
07:40.348	ID:4	[WARN: IPv6 Route] No route found
07:40.391	ID:3	[WARN: IPv6 Route] No route found
07:40.391	ID:3	[WARN: IPv6 Route] No route found
07:40.422	ID:1	[DATA_RECV] TS=460041 | SRC=4 | SEQ=46 | DELAY_MS=40
07:40.715	ID:5	[NODE_STAT] TS=460001 | ID=5 | OF=0 | PRNT=4 | RANK=1024 | PCHG=2 | CPU=460000000 | LPM=0 | TX=0 | RX=0
07:40.715	ID:5	[DATA_SEND] TS=460001 | ID=5 | SEQ=45
07:40.715	ID:5	[WARN: IPv6 Route] No route found
07:40.715	ID:5	[WARN: IPv6 Route] No route found
07:40.742	ID:4	[WARN: IPv6 Route] No route found
07:40.742	ID:4	[WARN: IPv6 Route] No route found
07:40.776	ID:3	[WARN: IPv6 Route] No route found
07:40.776	ID:3	[WARN: IPv6 Route] No route found
07:40.790	ID:1	[DATA_RECV] TS=460409 | SRC=5 | SEQ=45 | DELAY_MS=408
07:40.899	ID:3	[NODE_STAT] TS=460001 | ID=3 | OF=0 | PRNT=1 | RANK=512 | PCHG=1 | CPU=460000000 | LPM=0 | TX=0 | RX=0
07:40.899	ID:3	[DATA_SEND] TS=460001 | ID=3 | SEQ=46
07:40.899	ID:3	[WARN: IPv6 Route] No route found
07:40.899	ID:3	[WARN: IPv6 Route] No route found
07:40.941	ID:1	[DATA_RECV] TS=460560 | SRC=3 | SEQ=46 | DELAY_MS=559
07:50.236	ID:2	[NODE_STAT] TS=470001 | ID=2 | OF=0 | PRNT=1 | RANK=768 | PCHG=1 | CPU=470000000 | LPM=0 | TX=0 | RX=0
07:50.236	ID:2	[DATA_SEND] TS=470001 | ID=2 | SEQ=47
07:50.236	ID:2	[WARN: IPv6 Route] No route found
07:50.236	ID:2	[WARN: IPv6 Route] No route found
07:50.272	ID:1	[DATA_RECV] TS=469891 | SRC=2 | SEQ=47 | DELAY_MS=0
07:50.348	ID:4	[NODE_STAT] TS=470001 | ID=4 | OF=0 | PRNT=3 | RANK=768 | PCHG=1 | CPU=470000000 | LPM=0 | TX=0 | RX=0
07:50.348	ID:4	[DATA_SEND] TS=470001 | ID=4 | SEQ=47
07:50.348	ID:4	[WARN: IPv6 Route] No route found
07:50.348	ID:4	[WARN: IPv6 Route] No route found
07:50.384	ID:3	[WARN: IPv6 Route] No route found
07:50.384	ID:3	[WARN: IPv6 Route] No route found
07:50.424	ID:1	[DATA_RECV] TS=470043 | SRC=4 | SEQ=47 | DELAY_MS=42
07:50.715	ID:5	[NODE_STAT] TS=470001 | ID=5 | OF=0 | PRNT=4 | RANK=1024 | PCHG=2 | CPU=470000000 | LPM=0 | TX=0 | RX=0
07:50.715	ID:5	[DATA_SEND] TS=470001 | ID=5 | SEQ=46
07:50.715	ID:5	[WARN: IPv6 Route] No route found
07:50.715	ID:5	[WARN: IPv6 Route] No route found
07:50.754	ID:4	[WARN: IPv6 Route] No route found
07:50.754	ID:4	[WARN: IPv6 Route] No route found
07:50.772	ID:3	[WARN: IPv6 Route] No route found
07:50.772	ID:3	[WARN: IPv6 Route] No route found
07:50.789	ID:1	[DATA_RECV] TS=470408 | SRC=5 | SEQ=46 | DELAY_MS=407
07:50.899	ID:3	[NODE_STAT] TS=470001 | ID=3 | OF=0 | PRNT=1 | RANK=512 | PCHG=1 | CPU=470000000 | LPM=0 | TX=0 | RX=0
07:50.899	ID:3	[DATA_SEND] TS=470001 | ID=3 | SEQ=47
07:50.899	ID:3	[WARN: IPv6 Route] No route found
07:50.899	ID:3	[WARN: IPv6 Route] No route found
07:50.904	ID:1	[DATA_RECV] TS=470523 | SRC=3 | SEQ=47 | DELAY_MS=522
08:00.236	ID:2	[NODE_STAT] TS=480001 | ID=2 | OF=0 | PRNT=1 | RANK=768 | PCHG=1 | CPU=480000000 | LPM=0 | TX=0 | RX=0
08:00.236	ID:2	[DATA_SEND] TS=480001 | ID=2 | SEQ=48
08:00.236	ID:2	[WARN: IPv6 Route] No route found
08:00.236	ID:2	[WARN: IPv6 Route] No route found
08:00.348	ID:4	[NODE_STAT] TS=480001 | ID=4 | OF=0 | PRNT=3 | RANK=768 | PCHG=1 | CPU=480000000 | LPM=0 | TX=0 | RX=0
08:00.348	ID:4	[DATA_SEND] TS=480001 | ID=4 | SEQ=48
08:00.348	ID:4	[WARN: IPv6 Route] No route found
08:00.348	ID:4	[WARN: IPv6 Route] No route found
08:00.349	ID:1	[DATA_RECV] TS=479968 | SRC=2 | SEQ=48 | DELAY_MS=0
08:00.384	ID:3	[WARN: IPv6 Route] No route found
08:00.384	ID:3	[WARN: IPv6 Route] No route found
08:00.390	ID:1	[DATA_RECV] TS=480009 | SRC=4 | SEQ=48 | DELAY_MS=8
08:00.715	ID:5	[NODE_STAT] TS=480001 | ID=5 | OF=0 | PRNT=4 | RANK=1024 | PCHG=2 | CPU=480000000 | LPM=0 | TX=0 | RX=0
08:00.715	ID:5	[DATA_SEND] TS=480001 | ID=5 | SEQ=47
08:00.715	ID:5	[WARN: IPv6 Route] No route found
08:00.715	ID:5	[WARN: IPv6 Route] No route found
08:00.734	ID:4	[WARN: IPv6 Route] No route found
08:00.734	ID:4	[WARN: IPv6 Route] No route found
08:00.776	ID:3	[WARN: IPv6 Route] No route found
08:00.776	ID:3	[WARN: IPv6 Route] No route found
08:00.812	ID:1	[DATA_RECV] TS=480431 | SRC=5 | SEQ=47 | DELAY_MS=430
08:00.899	ID:3	[NODE_STAT] TS=480001 | ID=3 | OF=0 | PRNT=1 | RANK=512 | PCHG=1 | CPU=480000000 | LPM=0 | TX=0 | RX=0
08:00.899	ID:3	[DATA_SEND] TS=480001 | ID=3 | SEQ=48
08:00.899	ID:3	[WARN: IPv6 Route] No route found
08:00.899	ID:3	[WARN: IPv6 Route] No route found
08:00.915	ID:1	[DATA_RECV] TS=480534 | SRC=3 | SEQ=48 | DELAY_MS=533
08:10.236	ID:2	[NODE_STAT] TS=490001 | ID=2 | OF=0 | PRNT=1 | RANK=1024 | PCHG=1 | CPU=490000000 | LPM=0 | TX=0 | RX=0
08:10.236	ID:2	[DATA_SEND] TS=490001 | ID=2 | SEQ=49
08:10.236	ID:2	[WARN: IPv6 Route] No route found
08:10.236	ID:2	[WARN: IPv6 Route] No route found
08:10.267	ID:1	[DATA_RECV] TS=489886 | SRC=2 | SEQ=49 | DELAY_MS=0
08:10.348	ID:4	[NODE_STAT] TS=490001 | ID=4 | OF=0 | PRNT=3 | RANK=768 | PCHG=1 | CPU=490000000 | LPM=0 | TX=0 | RX=0
08:10.348	ID:4	[DATA_SEND] TS=490001 | ID=4 | SEQ=49
08:10.348	ID:4	[WARN: IPv6 Route] No route found
08:10.348	ID:4	[WARN: IPv6 Route] No route found
08:10.372	ID:3	[WARN: IPv6 Route] No route found
08:10.372	ID:3	[WARN: IPv6 Route] No route found
08:10.380	ID:1	[DATA_RECV] TS=489999 | SRC=4 | SEQ=49 | DELAY_MS=0
08:10.715	ID:5	[NODE_STAT] TS=490001 | ID=5 | OF=0 | PRNT=4 | RANK=1024 | PCHG=2 | CPU=490000000 | LPM=0 | TX=0 | RX=0
08:10.715	ID:5	[DATA_SEND] TS=490001 | ID=5 | SEQ=48
08:10.715	ID:5	[WARN: IPv6 Route] No route found
08:10.715	ID:5	[WARN: IPv6 Route] No route found
08:10.754	ID:4	[WARN: IPv6 Route] No route found
08:10.754	ID:4	[WARN: IPv6 Route] No route found
08:10.771	ID:3	[WARN: IPv6 Route] No route found
08:10.771	ID:3	[WARN: IPv6 Route] No route found
08:10.814	ID:1	[DATA_RECV] TS=490433 | SRC=5 | SEQ=48 | DELAY_MS=432
08:10.899	ID:3	[NODE_STAT] TS=490001 | ID=3 | OF=0 | PRNT=1 | RANK=512 | PCHG=1 | CPU=490000000 | LPM=0 | TX=0 | RX=0
08:10.899	ID:3	[DATA_SEND] TS=490001 | ID=3 | SEQ=49
08:10.899	ID:3	[WARN: IPv6 Route] No route found
08:10.899	ID:3	[WARN: IPv6 Route] No route found
08:10.935	ID:1	[DATA_RECV] TS=490554 | SRC=3 | SEQ=49 | DELAY_MS=553
08:20.236	ID:2	[NODE_STAT] TS=500001 | ID=2 | OF=0 | PRNT=1 | RANK=1024 | PCHG=1 | CPU=500000000 | LPM=0 | TX=0 | RX=0
08:20.236	ID:2	[DATA_SEND] TS=500001 | ID=2 | SEQ=50
08:20.236	ID:2	[WARN: IPv6 Route] No route found
08:20.236	ID:2	[WARN: IPv6 Route] No route found
08:20.271	ID:1	[DATA_RECV] TS=499890 | SRC=2 | SEQ=50 | DELAY_MS=0
08:20.348	ID:4	[NODE_STAT] TS=500001 | ID=4 | OF=0 | PRNT=3 | RANK=768 | PCHG=1 | CPU=500000000 | LPM=0 | TX=0 | RX=0
08:20.348	ID:4	[DATA_SEND] TS=500001 | ID=4 | SEQ=50
08:20.348	ID:4	[WARN: IPv6 Route] No route found
08:20.348	ID:4	[WARN: IPv6 Route] No route found
08:20.383	ID:3	[WARN: IPv6 Route] No route found
08:20.383	ID:3	[WARN: IPv6 Route] No route found
08:20.393	ID:1	[DATA_RECV] TS=500012 | SRC=4 | SEQ=50 | DELAY_MS=11
08:20.715	ID:5	[NODE_STAT] TS=500001 | ID=5 | OF=0 | PRNT=4 | RANK=1024 | PCHG=2 | CPU=500000000 | LPM=0 | TX=0 | RX=0
08:20.715	ID:5	[DATA_SEND] TS=500001 | ID=5 | SEQ=49
08:20.715	ID:5	[WARN: IPv6 Route] No route found
08:20.715	ID:5	[WARN: IPv6 Route] No route found
08:20.747	ID:4	[WARN: IPv6 Route] No route found
08:20.747	ID:4	[WARN: IPv6 Route] No route found
08:20.788	ID:3	[WARN: IPv6 Route] No route found
08:20.788	ID:3	[WARN: IPv6 Route] No route found
08:20.828	ID:1	[DATA_RECV] TS=500447 | SRC=5 | SEQ=49 | DELAY_MS=446
08:20.899	ID:3	[NODE_STAT] TS=500001 | ID=3 | OF=0 | PRNT=1 | RANK=512 | PCHG=1 | CPU=500000000 | LPM=0 | TX=0 | RX=0
08:20.899	ID:3	[DATA_SEND] TS=500001 | ID=3 | SEQ=50
08:20.899	ID:3	[WARN: IPv6 Route] No route found
08:20.899	ID:3	[WARN: IPv6 Route] No route found
08:20.916	ID:1	[DATA_RECV] TS=500535 | SRC=3 | SEQ=50 | DELAY_MS=534
08:30.236	ID:2	[NODE_STAT] TS=510001 | ID=2 | OF=0 | PRNT=1 | RANK=768 | PCHG=1 | CPU=510000000 | LPM=0 | TX=0 | RX=0
08:30.236	ID:2	[DATA_SEND] TS=510001 | ID=2 | SEQ=51
08:30.236	ID:2	[WARN: IPv6 Route] No route found
08:30.236	ID:2	[WARN: IPv6 Route] No route found
08:30.255	ID:1	[DATA_RECV] TS=509874 | SRC=2 | SEQ=51 | DELAY_MS=0
08:30.348	ID:4	[NODE_STAT] TS=510001 | ID=4 | OF=0 | PRNT=3 | RANK=768 | PCHG=1 | CPU=510000000 | LPM=0 | TX=0 | RX=0
08:30.348	ID:4	[DATA_SEND] TS=510001 | ID=4 | SEQ=51
08:30.348	ID:4	[WARN: IPv6 Route] No route found
08:30.348	ID:4	[WARN: IPv6 Route] No route found
08:30.393	ID:3	[WARN: IPv6 Route] No route found
08:30.393	ID:3	[WARN: IPv6 Route] No route found
08:30.425	ID:1	[DATA_RECV] TS=510044 | SRC=4 | SEQ=51 | DELAY_MS=43
08:30.715	ID:5	[NODE_STAT] TS=510001 | ID=5 | OF=0 | PRNT=4 | RANK=1024 | PCHG=2 | CPU=510000000 | LPM=0 | TX=0 | RX=0
08:30.715	ID:5	[DATA_SEND] TS=510001 | ID=5 | SEQ=50
08:30.715	ID:5	[WARN: IPv6 Route] No route found
08:30.715	ID:5	[WARN: IPv6 Route] No route found
08:30.754	ID:4	[WARN: IPv6 Route] No route found
08:30.754	ID:4	[WARN: IPv6 Route] No route found
08:30.762	ID:3	[WARN: IPv6 Route] No route found
08:30.762	ID:3	[WARN: IPv6 Route] No route found
08:30.784	ID:1	[DATA_RECV] TS=510403 | SRC=5 | SEQ=50 | DELAY_MS=402
08:30.899	ID:3	[NODE_STAT] TS=510001 | ID=3 | OF=0 | PRNT=1 | RANK=512 | PCHG=1 | CPU=510000000 | LPM=0 | TX=0 | RX=0
08:30.899	ID:3	[DATA_SEND] TS=510001 | ID=3 | SEQ=51
08:30.899	ID:3	[WARN: IPv6 Route] No route found
08:30.899	ID:3	[WARN: IPv6 Route] No route found
08:30.922	ID:1	[DATA_RECV] TS=510541 | SRC=3 | SEQ=51 | DELAY_MS=540
08:40.236	ID:2	[NODE_STAT] TS=520001 | ID=2 | OF=0 | PRNT=1 | RANK=1024 | PCHG=1 | CPU=520000000 | LPM=0 | TX=0 | RX=0
08:40.236	ID:2	[DATA_SEND] TS=520001 | ID=2 | SEQ=52
08:40.236	ID:2	[WARN: IPv6 Route] No route found
08:40.236	ID:2	[WARN: IPv6 Route] No route found
08:40.308	ID:1	[DATA_RECV] TS=519927 | SRC=2 | SEQ=52 | DELAY_MS=0
08:40.348	ID:4	[NODE_STAT] TS=520001 | ID=4 | OF=0 | PRNT=3 | RANK=768 | PCHG=1 | CPU=520000000 | LPM=0 | TX=0 | RX=0
08:40.348	ID:4	[DATA_SEND] TS=520001 | ID=4 | SEQ=52
08:40.348	ID:4	[WARN: IPv6 Route] No route found
08:40.348	ID:4	[WARN: IPv6 Route] No route found
08:40.374	ID:3	[WARN: IPv6 Route] No route found
08:40.374	ID:3	[WARN: IPv6 Route] No route found
08:40.390	ID:1	[DATA_RECV] TS=520009 | SRC=4 | SEQ=52 | DELAY_MS=8
08:40.715	ID:5	[NODE_STAT] TS=520001 | ID=5 | OF=0 | PRNT=4 | RANK=1024 | PCHG=2 | CPU=520000000 | LPM=0 | TX=0 | RX=0
08:40.715	ID:5	[DATA_SEND] TS=520001 | ID=5 | SEQ=51
08:40.715	ID:5	[WARN: IPv6 Route] No route found
08:40.715	ID:5	[WARN: IPv6 Route] No route found
08:40.756	ID:4	[WARN: IPv6 Route] No route found
08:40.756	ID:4	[WARN: IPv6 Route] No route found
08:40.762	ID:3	[WARN: IPv6 Route] No route found
08:40.762	ID:3	[WARN: IPv6 Route] No route found
08:40.798	ID:1	[DATA_RECV] TS=520417 | SRC=5 | SEQ=51 | DELAY_MS=416
08:40.899	ID:3	[NODE_STAT] TS=520001 | ID=3 | OF=0 | PRNT=1 | RANK=512 | PCHG=1 | CPU=520000000 | LPM=0 | TX=0 | RX=0
08:40.899	ID:3	[DATA_SEND] TS=520001 | ID=3 | SEQ=52
08:40.899	ID:3	[WARN: IPv6 Route] No route found
08:40.899	ID:3	[WARN: IPv6 Route] No route found
08:40.926	ID:1	[DATA_RECV] TS=520545 | SRC=3 | SEQ=52 | DELAY_MS=544
08:50.236	ID:2	[NODE_STAT] TS=530001 | ID=2 | OF=0 | PRNT=1 | RANK=1024 | PCHG=1 | CPU=530000000 | LPM=0 | TX=0 | RX=0
08:50.236	ID:2	[DATA_SEND] TS=530001 | ID=2 | SEQ=53
08:50.236	ID:2	[WARN: IPv6 Route] No route found
08:50.236	ID:2	[WARN: IPv6 Route] No route found
08:50.271	ID:1	[DATA_RECV] TS=529890 | SRC=2 | SEQ=53 | DELAY_MS=0
08:50.348	ID:4	[NODE_STAT] TS=530001 | ID=4 | OF=0 | PRNT=3 | RANK=768 | PCHG=1 | CPU=530000000 | LPM=0 | TX=0 | RX=0
08:50.348	ID:4	[DATA_SEND] TS=530001 | ID=4 | SEQ=53
08:50.348	ID:4	[WARN: IPv6 Route] No route found
08:50.348	ID:4	[WARN: IPv6 Route] No route found
08:50.386	ID:3	[WARN: IPv6 Route] No route found
08:50.386	ID:3	[WARN: IPv6 Route] No route found
08:50.410	ID:1	[DATA_RECV] TS=530029 | SRC=4 | SEQ=53 | DELAY_MS=28
08:50.715	ID:5	[NODE_STAT] TS=530001 | ID=5 | OF=0 | PRNT=4 | RANK=1024 | PCHG=2 | CPU=530000000 | LPM=0 | TX=0 | RX=0
08:50.715	ID:5	[DATA_SEND] TS=530001 | ID=5 | SEQ=52
08:50.715	ID:5	[WARN: IPv6 Route] No route found
08:50.715	ID:5	[WARN: IPv6 Route] No route found
08:50.760	ID:4	[WARN: IPv6 Route] No route found
08:50.760	ID:4	[WARN: IPv6 Route] No route found
08:50.787	ID:3	[WARN: IPv6 Route] No route found
08:50.787	ID:3	[WARN: IPv6 Route] No route found
08:50.824	ID:1	[DATA_RECV] TS=530443 | SRC=5 | SEQ=52 | DELAY_MS=442
08:50.899	ID:3	[NODE_STAT] TS=530001 | ID=3 | OF=0 | PRNT=1 | RANK=512 | PCHG=1 | CPU=530000000 | LPM=0 | TX=0 | RX=0
08:50.899	ID:3	[DATA_SEND] TS=530001 | ID=3 | SEQ=53
08:50.899	ID:3	[WARN: IPv6 Route] No route found
08:50.899	ID:3	[WARN: IPv6 Route] No route found
08:50.908	ID:1	[DATA_RECV] TS=530527 | SRC=3 | SEQ=53 | DELAY_MS=526
09:00.236	ID:2	[NODE_STAT] TS=540001 | ID=2 | OF=0 | PRNT=1 | RANK=768 | PCHG=1 | CPU=540000000 | LPM=0 | TX=0 | RX=0
09:00.236	ID:2	[DATA_SEND] TS=540001 | ID=2 | SEQ=54
09:00.236	ID:2	[WARN: IPv6 Route] No route found
09:00.236	ID:2	[WARN: IPv6 Route] No route found
09:00.278	ID:1	[DATA_RECV] TS=539897 | SRC=2 | SEQ=54 | DELAY_MS=0
09:00.348	ID:4	[NODE_STAT] TS=540001 | ID=4 | OF=0 | PRNT=3 | RANK=768 | PCHG=1 | CPU=540000000 | LPM=0 | TX=0 | RX=0
09:00.348	ID:4	[DATA_SEND] TS=540001 | ID=4 | SEQ=54
09:00.348	ID:4	[WARN: IPv6 Route] No route found
09:00.348	ID:4	[WARN: IPv6 Route] No route found
09:00.375	ID:3	[WARN: IPv6 Route] No route found
09:00.375	ID:3	[WARN: IPv6 Route] No route found
09:00.395	ID:1	[DATA_RECV] TS=540014 | SRC=4 | SEQ=54 | DELAY_MS=13
09:00.715	ID:5	[NODE_STAT] TS=540001 | ID=5 | OF=0 | PRNT=4 | RANK=1024 | PCHG=2 | CPU=540000000 | LPM=0 | TX=0 | RX=0
09:00.715	ID:5	[DATA_SEND] TS=540001 | ID=5 | SEQ=53
09:00.715	ID:5	[WARN: IPv6 Route] No route found
09:00.715	ID:5	[WARN: IPv6 Route] No route found
09:00.724	ID:4	[WARN: IPv6 Route] No route found
09:00.724	ID:4	[WARN: IPv6 Route] No route found
09:00.756	ID:3	[WARN: IPv6 Route] No route found
09:00.756	ID:3	[WARN: IPv6 Route] No route found
09:00.782	ID:1	[DATA_RECV] TS=540401 | SRC=5 | SEQ=53 | DELAY_MS=400
09:00.899	ID:3	[NODE_STAT] TS=540001 | ID=3 | OF=0 | PRNT=1 | RANK=512 | PCHG=1 | CPU=540000000 | LPM=0 | TX=0 | RX=0
09:00.899	ID:3	[DATA_SEND] TS=540001 | ID=3 | SEQ=54
09:00.899	ID:3	[WARN: IPv6 Route] No route found
09:00.899	ID:3	[WARN: IPv6 Route] No route found
09:00.907	ID:1	[DATA_RECV] TS=540526 | SRC=3 | SEQ=54 | DELAY_MS=525
09:10.236	ID:2	[NODE_STAT] TS=550001 | ID=2 | OF=0 | PRNT=1 | RANK=768 | PCHG=1 | CPU=550000000 | LPM=0 | TX=0 | RX=0
09:10.236	ID:2	[DATA_SEND] TS=550001 | ID=2 | SEQ=55
09:10.236	ID:2	[WARN: IPv6 Route] No route found
09:10.236	ID:2	[WARN: IPv6 Route] No route found
09:10.254	ID:1	[DATA_RECV] TS=549873 | SRC=2 | SEQ=55 | DELAY_MS=0
09:10.348	ID:4	[NODE_STAT] TS=550001 | ID=4 | OF=0 | PRNT=3 | RANK=768 | PCHG=1 | CPU=550000000 | LPM=0 | TX=0 | RX=0
09:10.348	ID:4	[DATA_SEND] TS=550001 | ID=4 | SEQ=55
09:10.348	ID:4	[WARN: IPv6 Route] No route found
09:10.348	ID:4	[WARN: IPv6 Route] No route found
09:10.360	ID:3	[WARN: IPv6 Route] No route found
09:10.360	ID:3	[WARN: IPv6 Route] No route found
09:10.394	ID:1	[DATA_RECV] TS=550013 | SRC=4 | SEQ=55 | DELAY_MS=12
09:10.715	ID:5	[NODE_STAT] TS=550001 | ID=5 | OF=0 | PRNT=4 | RANK=1024 | PCHG=2 | CPU=550000000 | LPM=0 | TX=0 | RX=0
09:10.715	ID:5	[DATA_SEND] TS=550001 | ID=5 | SEQ=54
09:10.715	ID:5	[WARN: IPv6 Route] No route found
09:10.715	ID:5	[WARN: IPv6 Route] No route found
09:10.736	ID:4	[WARN: IPv6 Route] No route found
09:10.736	ID:4	[WARN: IPv6 Route] No route found
09:10.773	ID:3	[WARN: IPv6 Route] No route found
09:10.773	ID:3	[WARN: IPv6 Route] No route found
09:10.788	ID:1	[DATA_RECV] TS=550407 | SRC=5 | SEQ=54 | DELAY_MS=406
09:10.899	ID:3	[NODE_STAT] TS=550001 | ID=3 | OF=0 | PRNT=1 | RANK=512 | PCHG=1 | CPU=550000000 | LPM=0 | TX=0 | RX=0
09:10.899	ID:3	[DATA_SEND] TS=550001 | ID=3 | SEQ=55
09:10.899	ID:3	[WARN: IPv6 Route] No route found
09:10.899	ID:3	[WARN: IPv6 Route] No route found
09:10.942	ID:1	[DATA_RECV] TS=550561 | SRC=3 | SEQ=55 | DELAY_MS=560
09:20.236	ID:2	[NODE_STAT] TS=560001 | ID=2 | OF=0 | PRNT=1 | RANK=768 | PCHG=1 | CPU=560000000 | LPM=0 | TX=0 | RX=0
09:20.236	ID:2	[DATA_SEND] TS=560001 | ID=2 | SEQ=56
09:20.236	ID:2	[WARN: IPv6 Route] No route found
09:20.236	ID:2	[WARN: IPv6 Route] No route found
09:20.240	ID:1	[DATA_RECV] TS=559859 | SRC=2 | SEQ=56 | DELAY_MS=0
09:20.348	ID:4	[NODE_STAT] TS=560001 | ID=4 | OF=0 | PRNT=3 | RANK=768 | PCHG=1 | CPU=560000000 | LPM=0 | TX=0 | RX=0
09:20.348	ID:4	[DATA_SEND] TS=560001 | ID=4 | SEQ=56
09:20.348	ID:4	[WARN: IPv6 Route] No route found
09:20.348	ID:4	[WARN: IPv6 Route] No route found
09:20.358	ID:3	[WARN: IPv6 Route] No route found
09:20.358	ID:3	[WARN: IPv6 Route] No route found
09:20.398	ID:1	[DATA_RECV] TS=560017 | SRC=4 | SEQ=56 | DELAY_MS=16
09:20.715	ID:5	[NODE_STAT] TS=560001 | ID=5 | OF=0 | PRNT=4 | RANK=1024 | PCHG=2 | CPU=560000000 | LPM=0 | TX=0 | RX=0
09:20.715	ID:5	[DATA_SEND] TS=560001 | ID=5 | SEQ=55
09:20.715	ID:5	[WARN: IPv6 Route] No route found
09:20.715	ID:5	[WARN: IPv6 Route] No route found
09:20.743	ID:4	[WARN: IPv6 Route] No route found
09:20.743	ID:4	[WARN: IPv6 Route] No route found
09:20.768	ID:3	[WARN: IPv6 Route] No route found
09:20.768	ID:3	[WARN: IPv6 Route] No route found
09:20.806	ID:1	[DATA_RECV] TS=560425 | SRC=5 | SEQ=55 | DELAY_MS=424
09:20.899	ID:3	[NODE_STAT] TS=560001 | ID=3 | OF=0 | PRNT=1 | RANK=512 | PCHG=1 | CPU=560000000 | LPM=0 | TX=0 | RX=0
09:20.899	ID:3	[DATA_SEND] TS=560001 | ID=3 | SEQ=56
09:20.899	ID:3	[WARN: IPv6 Route] No route found
09:20.899	ID:3	[WARN: IPv6 Route] No route found
09:20.943	ID:1	[DATA_RECV] TS=560562 | SRC=3 | SEQ=56 | DELAY_MS=561
09:30.236	ID:2	[NODE_STAT] TS=570001 | ID=2 | OF=0 | PRNT=1 | RANK=768 | PCHG=1 | CPU=570000000 | LPM=0 | TX=0 | RX=0
09:30.236	ID:2	[DATA_SEND] TS=570001 | ID=2 | SEQ=57
09:30.236	ID:2	[WARN: IPv6 Route] No route found
09:30.236	ID:2	[WARN: IPv6 Route] No route found
09:30.316	ID:1	[DATA_RECV] TS=569935 | SRC=2 | SEQ=57 | DELAY_MS=0
09:30.348	ID:4	[NODE_STAT] TS=570001 | ID=4 | OF=0 | PRNT=3 | RANK=768 | PCHG=1 | CPU=570000000 | LPM=0 | TX=0 | RX=0
09:30.348	ID:4	[DATA_SEND] TS=570001 | ID=4 | SEQ=57
09:30.348	ID:4	[WARN: IPv6 Route] No route found
09:30.348	ID:4	[WARN: IPv6 Route] No route found
09:30.382	ID:3	[WARN: IPv6 Route] No route found
09:30.382	ID:3	[WARN: IPv6 Route] No route found
09:30.410	ID:1	[DATA_RECV] TS=570029 | SRC=4 | SEQ=57 | DELAY_MS=28
09:30.715	ID:5	[NODE_STAT] TS=570001 | ID=5 | OF=0 | PRNT=4 | RANK=1024 | PCHG=2 | CPU=570000000 | LPM=0 | TX=0 | RX=0
09:30.715	ID:5	[DATA_SEND] TS=570001 | ID=5 | SEQ=56
09:30.715	ID:5	[WARN: IPv6 Route] No route found
09:30.715	ID:5	[WARN: IPv6 Route] No route found
09:30.738	ID:4	[WARN: IPv6 Route] No route found
09:30.738	ID:4	[WARN: IPv6 Route] No route found
09:30.771	ID:3	[WARN: IPv6 Route] No route found
09:30.771	ID:3	[WARN: IPv6 Route] No route found
09:30.791	ID:1	[DATA_RECV] TS=570410 | SRC=5 | SEQ=56 | DELAY_MS=409
09:30.899	ID:3	[NODE_STAT] TS=570001 | ID=3 | OF=0 | PRNT=1 | RANK=512 | PCHG=1 | CPU=570000000 | LPM=0 | TX=0 | RX=0
09:30.899	ID:3	[DATA_SEND] TS=570001 | ID=3 | SEQ=57
09:30.899	ID:3	[WARN: IPv6 Route] No route found
09:30.899	ID:3	[WARN: IPv6 Route] No route found
09:30.936	ID:1	[DATA_RECV] TS=570555 | SRC=3 | SEQ=57 | DELAY_MS=554
09:40.236	ID:2	[NODE_STAT] TS=580001 | ID=2 | OF=0 | PRNT=1 | RANK=768 | PCHG=1 | CPU=580000000 | LPM=0 | TX=0 | RX=0
09:40.236	ID:2	[DATA_SEND] TS=580001 | ID=2 | SEQ=58
09:40.236	ID:2	[WARN: IPv6 Route] No route found
09:40.236	ID:2	[WARN: IPv6 Route] No route found
09:40.254	ID:1	[DATA_RECV] TS=579873 | SRC=2 | SEQ=58 | DELAY_MS=0
09:40.348	ID:4	[NODE_STAT] TS=580001 | ID=4 | OF=0 | PRNT=3 | RANK=768 | PCHG=1 | CPU=580000000 | LPM=0 | TX=0 | RX=0
09:40.348	ID:4	[DATA_SEND] TS=580001 | ID=4 | SEQ=58
09:40.348	ID:4	[WARN: IPv6 Route] No route found
09:40.348	ID:4	[WARN: IPv6 Route] No route found
09:40.353	ID:3	[WARN: IPv6 Route] No route found
09:40.353	ID:3	[WARN: IPv6 Route] No route found
09:40.359	ID:1	[DATA_RECV] TS=579978 | SRC=4 | SEQ=58 | DELAY_MS=0
09:40.715	ID:5	[NODE_STAT] TS=580001 | ID=5 | OF=0 | PRNT=4 | RANK=1024 | PCHG=2 | CPU=580000000 | LPM=0 | TX=0 | RX=0
09:40.715	ID:5	[DATA_SEND] TS=580001 | ID=5 | SEQ=57
09:40.715	ID:5	[WARN: IPv6 Route] No route found
09:40.715	ID:5	[WARN: IPv6 Route] No route found
09:40.725	ID:4	[WARN: IPv6 Route] No route found
09:40.725	ID:4	[WARN: IPv6 Route] No route found
09:40.752	ID:3	[WARN: IPv6 Route] No route found
09:40.752	ID:3	[WARN: IPv6 Route] No route found
09:40.777	ID:1	[DATA_RECV] TS=580396 | SRC=5 | SEQ=57 | DELAY_MS=395
09:40.899	ID:3	[NODE_STAT] TS=580001 | ID=3 | OF=0 | PRNT=1 | RANK=512 | PCHG=1 | CPU=580000000 | LPM=0 | TX=0 | RX=0
09:40.899	ID:3	[DATA_SEND] TS=580001 | ID=3 | SEQ=58
09:40.899	ID:3	[WARN: IPv6 Route] No route found
09:40.899	ID:3	[WARN: IPv6 Route] No route found
09:40.937	ID:1	[DATA_RECV] TS=580556 | SRC=3 | SEQ=58 | DELAY_MS=555
09:50.236	ID:2	[NODE_STAT] TS=590001 | ID=2 | OF=0 | PRNT=1 | RANK=768 | PCHG=1 | CPU=590000000 | LPM=0 | TX=0 | RX=0
09:50.236	ID:2	[DATA_SEND] TS=590001 | ID=2 | SEQ=59
09:50.236	ID:2	[WARN: IPv6 Route] No route found
09:50.236	ID:2	[WARN: IPv6 Route] No route found
09:50.348	ID:4	[NODE_STAT] TS=590001 | ID=4 | OF=0 | PRNT=3 | RANK=768 | PCHG=1 | CPU=590000000 | LPM=0 | TX=0 | RX=0
09:50.348	ID:4	[DATA_SEND] TS=590001 | ID=4 | SEQ=59
09:50.348	ID:4	[WARN: IPv6 Route] No route found
09:50.348	ID:4	[WARN: IPv6 Route] No route found
09:50.377	ID:1	[DATA_RECV] TS=589996 | SRC=2 | SEQ=59 | DELAY_MS=0
09:50.385	ID:3	[WARN: IPv6 Route] No route found
09:50.385	ID:3	[WARN: IPv6 Route] No route found
09:50.418	ID:1	[DATA_RECV] TS=590037 | SRC=4 | SEQ=59 | DELAY_MS=36
09:50.715	ID:5	[NODE_STAT] TS=590001 | ID=5 | OF=0 | PRNT=4 | RANK=1024 | PCHG=2 | CPU=590000000 | LPM=0 | TX=0 | RX=0
09:50.715	ID:5	[DATA_SEND] TS=590001 | ID=5 | SEQ=58
09:50.715	ID:5	[WARN: IPv6 Route] No route found
09:50.715	ID:5	[WARN: IPv6 Route] No route found
09:50.750	ID:4	[WARN: IPv6 Route] No route found
09:50.750	ID:4	[WARN: IPv6 Route] No route found
09:50.790	ID:3	[WARN: IPv6 Route] No route found
09:50.790	ID:3	[WARN: IPv6 Route] No route found
09:50.795	ID:1	[DATA_RECV] TS=590414 | SRC=5 | SEQ=58 | DELAY_MS=413
09:50.899	ID:3	[NODE_STAT] TS=590001 | ID=3 | OF=0 | PRNT=1 | RANK=512 | PCHG=1 | CPU=590000000 | LPM=0 | TX=0 | RX=0
09:50.899	ID:3	[DATA_SEND] TS=590001 | ID=3 | SEQ=59
09:50.899	ID:3	[WARN: IPv6 Route] No route found
09:50.899	ID:3	[WARN: IPv6 Route] No route found
09:50.913	ID:1	[DATA_RECV] TS=590532 | SRC=3 | SEQ=59 | DELAY_MS=531
10:00.236	ID:2	[NODE_STAT] TS=600001 | ID=2 | OF=0 | PRNT=1 | RANK=1024 | PCHG=1 | CPU=600000000 | LPM=0 | TX=0 | RX=0
10:00.236	ID:2	[DATA_SEND] TS=600001 | ID=2 | SEQ=60
10:00.236	ID:2	[WARN: IPv6 Route] No route found
10:00.236	ID:2	[WARN: IPv6 Route] No route found
10:00.268	ID:1	[DATA_RECV] TS=599887 | SRC=2 | SEQ=60 | DELAY_MS=0
10:00.348	ID:4	[NODE_STAT] TS=600001 | ID=4 | OF=0 | PRNT=3 | RANK=768 | PCHG=1 | CPU=600000000 | LPM=0 | TX=0 | RX=0
10:00.348	ID:4	[DATA_SEND] TS=600001 | ID=4 | SEQ=60
10:00.348	ID:4	[WARN: IPv6 Route] No route found
10:00.348	ID:4	[WARN: IPv6 Route] No route found
10:00.392	ID:3	[WARN: IPv6 Route] No route found
10:00.392	ID:3	[WARN: IPv6 Route] No route found
10:00.435	ID:1	[DATA_RECV] TS=600054 | SRC=4 | SEQ=60 | DELAY_MS=53
10:00.715	ID:5	[NODE_STAT] TS=600001 | ID=5 | OF=0 | PRNT=4 | RANK=1024 | PCHG=2 | CPU=600000000 | LPM=0 | TX=0 | RX=0
10:00.715	ID:5	[DATA_SEND] TS=600001 | ID=5 | SEQ=59
10:00.715	ID:5	[WARN: IPv6 Route] No route found
10:00.715	ID:5	[WARN: IPv6 Route] No route found
10:00.741	ID:4	[WARN: IPv6 Route] No route found
10:00.741	ID:4	[WARN: IPv6 Route] No route found
10:00.775	ID:3	[WARN: IPv6 Route] No route found
10:00.775	ID:3	[WARN: IPv6 Route] No route found
10:00.803	ID:1	[DATA_RECV] TS=600422 | SRC=5 | SEQ=59 | DELAY_MS=421
10:00.899	ID:3	[NODE_STAT] TS=600001 | ID=3 | OF=0 | PRNT=1 | RANK=512 | PCHG=1 | CPU=600000000 | LPM=0 | TX=0 | RX=0
10:00.899	ID:3	[DATA_SEND] TS=600001 | ID=3 | SEQ=60
10:00.899	ID:3	[WARN: IPv6 Route] No route found
10:00.899	ID:3	[WARN: IPv6 Route] No route found
10:00.911	ID:1	[DATA_RECV] TS=600530 | SRC=3 | SEQ=60 | DELAY_MS=529
10:10.236	ID:2	[NODE_STAT] TS=610001 | ID=2 | OF=0 | PRNT=1 | RANK=1024 | PCHG=1 | CPU=610000000 | LPM=0 | TX=0 | RX=0
10:10.236	ID:2	[DATA_SEND] TS=610001 | ID=2 | SEQ=61
10:10.236	ID:2	[WARN: IPv6 Route] No route found
10:10.236	ID:2	[WARN: IPv6 Route] No route found
10:10.276	ID:1	[DATA_RECV] TS=609895 | SRC=2 | SEQ=61 | DELAY_MS=0
10:10.348	ID:4	[NODE_STAT] TS=610001 | ID=4 | OF=0 | PRNT=3 | RANK=768 | PCHG=1 | CPU=610000000 | LPM=0 | TX=0 | RX=0
10:10.348	ID:4	[DATA_SEND] TS=610001 | ID=4 | SEQ=61
10:10.348	ID:4	[WARN: IPv6 Route] No route found
10:10.348	ID:4	[WARN: IPv6 Route] No route found
10:10.356	ID:3	[WARN: IPv6 Route] No route found
10:10.356	ID:3	[WARN: IPv6 Route] No route found
10:10.373	ID:1	[DATA_RECV] TS=609992 | SRC=4 | SEQ=61 | DELAY_MS=0
10:10.715	ID:5	[NODE_STAT] TS=610001 | ID=5 | OF=0 | PRNT=4 | RANK=1024 | PCHG=2 | CPU=610000000 | LPM=0 | TX=0 | RX=0
10:10.715	ID:5	[DATA_SEND] TS=610001 | ID=5 | SEQ=60
10:10.715	ID:5	[WARN: IPv6 Route] No route found
10:10.715	ID:5	[WARN: IPv6 Route] No route found
10:10.731	ID:4	[WARN: IPv6 Route] No route found
10:10.731	ID:4	[WARN: IPv6 Route] No route found
10:10.773	ID:3	[WARN: IPv6 Route] No route found
10:10.773	ID:3	[WARN: IPv6 Route] No route found
10:10.794	ID:1	[DATA_RECV] TS=610413 | SRC=5 | SEQ=60 | DELAY_MS=412
10:10.899	ID:3	[NODE_STAT] TS=610001 | ID=3 | OF=0 | PRNT=1 | RANK=512 | PCHG=1 | CPU=610000000 | LPM=0 | TX=0 | RX=0
10:10.899	ID:3	[DATA_SEND] TS=610001 | ID=3 | SEQ=61
10:10.899	ID:3	[WARN: IPv6 Route] No route found
10:10.899	ID:3	[WARN: IPv6 Route] No route found
10:10.940	ID:1	[DATA_RECV] TS=610559 | SRC=3 | SEQ=61 | DELAY_MS=558
10:20.236	ID:2	[NODE_STAT] TS=620001 | ID=2 | OF=0 | PRNT=1 | RANK=1024 | PCHG=1 | CPU=620000000 | LPM=0 | TX=0 | RX=0
10:20.236	ID:2	[DATA_SEND] TS=620001 | ID=2 | SEQ=62
10:20.236	ID:2	[WARN: IPv6 Route] No route found
10:20.236	ID:2	[WARN: IPv6 Route] No route found
10:20.348	ID:4	[NODE_STAT] TS=620001 | ID=4 | OF=0 | PRNT=3 | RANK=768 | PCHG=1 | CPU=620000000 | LPM=0 | TX=0 | RX=0
10:20.348	ID:4	[DATA_SEND] TS=620001 | ID=4 | SEQ=62
10:20.348	ID:4	[WARN: IPv6 Route] No route found
10:20.348	ID:4	[WARN: IPv6 Route] No route found
10:20.382	ID:3	[WARN: IPv6 Route] No route found
10:20.382	ID:3	[WARN: IPv6 Route] No route found
10:20.418	ID:1	[DATA_RECV] TS=620037 | SRC=4 | SEQ=62 | DELAY_MS=36
10:20.469	ID:1	[DATA_RECV] TS=620088 | SRC=2 | SEQ=62 | DELAY_MS=87
10:20.715	ID:5	[NODE_STAT] TS=620001 | ID=5 | OF=0 | PRNT=4 | RANK=1024 | PCHG=2 | CPU=620000000 | LPM=0 | TX=0 | RX=0
10:20.715	ID:5	[DATA_SEND] TS=620001 | ID=5 | SEQ=61
10:20.715	ID:5	[WARN: IPv6 Route] No route found
10:20.715	ID:5	[WARN: IPv6 Route] No route found
10:20.725	ID:4	[WARN: IPv6 Route] No route found
10:20.725	ID:4	[WARN: IPv6 Route] No route found
10:20.752	ID:3	[WARN: IPv6 Route] No route found
10:20.752	ID:3	[WARN: IPv6 Route] No route found
10:20.770	ID:1	[DATA_RECV] TS=620389 | SRC=5 | SEQ=61 | DELAY_MS=388
10:20.899	ID:3	[NODE_STAT] TS=620001 | ID=3 | OF=0 | PRNT=1 | RANK=512 | PCHG=1 | CPU=620000000 | LPM=0 | TX=0 | RX=0
10:20.899	ID:3	[DATA_SEND] TS=620001 | ID=3 | SEQ=62
10:20.899	ID:3	[WARN: IPv6 Route] No route found
10:20.899	ID:3	[WARN: IPv6 Route] No route found
10:20.931	ID:1	[DATA_RECV] TS=620550 | SRC=3 | SEQ=62 | DELAY_MS=549
10:30.236	ID:2	[NODE_STAT] TS=630001 | ID=2 | OF=0 | PRNT=1 | RANK=1536 | PCHG=1 | CPU=630000000 | LPM=0 | TX=0 | RX=0
10:30.236	ID:2	[DATA_SEND] TS=630001 | ID=2 | SEQ=63
10:30.236	ID:2	[WARN: IPv6 Route] No route found
10:30.236	ID:2	[WARN: IPv6 Route] No route found
10:30.261	ID:1	[DATA_RECV] TS=629880 | SRC=2 | SEQ=63 | DELAY_MS=0
10:30.348	ID:4	[NODE_STAT] TS=630001 | ID=4 | OF=0 | PRNT=3 | RANK=768 | PCHG=1 | CPU=630000000 | LPM=0 | TX=0 | RX=0
10:30.348	ID:4	[DATA_SEND] TS=630001 | ID=4 | SEQ=63
10:30.348	ID:4	[WARN: IPv6 Route] No route found
10:30.348	ID:4	[WARN: IPv6 Route] No route found
10:30.372	ID:3	[WARN: IPv6 Route] No route found
10:30.372	ID:3	[WARN: IPv6 Route] No route found
10:30.416	ID:1	[DATA_RECV] TS=630035 | SRC=4 | SEQ=63 | DELAY_MS=34
10:30.715	ID:5	[NODE_STAT] TS=630001 | ID=5 | OF=0 | PRNT=4 | RANK=1024 | PCHG=2 | CPU=630000000 | LPM=0 | TX=0 | RX=0
10:30.715	ID:5	[DATA_SEND] TS=630001 | ID=5 | SEQ=62
10:30.715	ID:5	[WARN: IPv6 Route] No route found
10:30.715	ID:5	[WARN: IPv6 Route] No route found
10:30.752	ID:4	[WARN: IPv6 Route] No route found
10:30.752	ID:4	[WARN: IPv6 Route] No route found
10:30.774	ID:3	[WARN: IPv6 Route] No route found
10:30.774	ID:3	[WARN: IPv6 Route] No route found
10:30.813	ID:1	[DATA_RECV] TS=630432 | SRC=5 | SEQ=62 | DELAY_MS=431
10:30.899	ID:3	[NODE_STAT] TS=630001 | ID=3 | OF=0 | PRNT=1 | RANK=512 | PCHG=1 | CPU=630000000 | LPM=0 | TX=0 | RX=0
10:30.899	ID:3	[DATA_SEND] TS=630001 | ID=3 | SEQ=63
10:30.899	ID:3	[WARN: IPv6 Route] No route found
10:30.899	ID:3	[WARN: IPv6 Route] No route found
10:30.910	ID:1	[DATA_RECV] TS=630529 | SRC=3 | SEQ=63 | DELAY_MS=528
10:40.236	ID:2	[NODE_STAT] TS=640001 | ID=2 | OF=0 | PRNT=1 | RANK=1280 | PCHG=1 | CPU=640000000 | LPM=0 | TX=0 | RX=0
10:40.236	ID:2	[DATA_SEND] TS=640001 | ID=2 | SEQ=64
10:40.236	ID:2	[WARN: IPv6 Route] No route found
10:40.236	ID:2	[WARN: IPv6 Route] No route found
10:40.312	ID:1	[DATA_RECV] TS=639931 | SRC=2 | SEQ=64 | DELAY_MS=0
10:40.348	ID:4	[NODE_STAT] TS=640001 | ID=4 | OF=0 | PRNT=3 | RANK=768 | PCHG=1 | CPU=640000000 | LPM=0 | TX=0 | RX=0
10:40.348	ID:4	[DATA_SEND] TS=640001 | ID=4 | SEQ=64
10:40.348	ID:4	[WARN: IPv6 Route] No route found
10:40.348	ID:4	[WARN: IPv6 Route] No route found
10:40.358	ID:3	[WARN: IPv6 Route] No route found
10:40.358	ID:3	[WARN: IPv6 Route] No route found
10:40.368	ID:1	[DATA_RECV] TS=639987 | SRC=4 | SEQ=64 | DELAY_MS=0
10:40.715	ID:5	[NODE_STAT] TS=640001 | ID=5 | OF=0 | PRNT=4 | RANK=1024 | PCHG=2 | CPU=640000000 | LPM=0 | TX=0 | RX=0
10:40.715	ID:5	[DATA_SEND] TS=640001 | ID=5 | SEQ=63
10:40.715	ID:5	[WARN: IPv6 Route] No route found
10:40.715	ID:5	[WARN: IPv6 Route] No route found
10:40.735	ID:4	[WARN: IPv6 Route] No route found
10:40.735	ID:4	[WARN: IPv6 Route] No route found
10:40.751	ID:3	[WARN: IPv6 Route] No route found
10:40.751	ID:3	[WARN: IPv6 Route] No route found
10:40.789	ID:1	[DATA_RECV] TS=640408 | SRC=5 | SEQ=63 | DELAY_MS=407
10:40.899	ID:3	[NODE_STAT] TS=640001 | ID=3 | OF=0 | PRNT=1 | RANK=512 | PCHG=1 | CPU=640000000 | LPM=0 | TX=0 | RX=0
10:40.899	ID:3	[DATA_SEND] TS=640001 | ID=3 | SEQ=64
10:40.899	ID:3	[WARN: IPv6 Route] No route found
10:40.899	ID:3	[WARN: IPv6 Route] No route found
10:40.931	ID:1	[DATA_RECV] TS=640550 | SRC=3 | SEQ=64 | DELAY_MS=549
10:50.236	ID:2	[NODE_STAT] TS=650001 | ID=2 | OF=0 | PRNT=1 | RANK=1280 | PCHG=1 | CPU=650000000 | LPM=0 | TX=0 | RX=0
10:50.236	ID:2	[DATA_SEND] TS=650001 | ID=2 | SEQ=65
10:50.236	ID:2	[WARN: IPv6 Route] No route found
10:50.236	ID:2	[WARN: IPv6 Route] No route found
10:50.277	ID:1	[DATA_RECV] TS=649896 | SRC=2 | SEQ=65 | DELAY_MS=0
10:50.348	ID:4	[NODE_STAT] TS=650001 | ID=4 | OF=0 | PRNT=3 | RANK=768 | PCHG=1 | CPU=650000000 | LPM=0 | TX=0 | RX=0
10:50.348	ID:4	[DATA_SEND] TS=650001 | ID=4 | SEQ=65
10:50.348	ID:4	[WARN: IPv6 Route] No route found
10:50.348	ID:4	[WARN: IPv6 Route] No route found
10:50.377	ID:3	[WARN: IPv6 Route] No route found
10:50.377	ID:3	[WARN: IPv6 Route] No route found
10:50.414	ID:1	[DATA_RECV] TS=650033 | SRC=4 | SEQ=65 | DELAY_MS=32
10:50.715	ID:5	[NODE_STAT] TS=650001 | ID=5 | OF=0 | PRNT=4 | RANK=1024 | PCHG=2 | CPU=650000000 | LPM=0 | TX=0 | RX=0
10:50.715	ID:5	[DATA_SEND] TS=650001 | ID=5 | SEQ=64
10:50.715	ID:5	[WARN: IPv6 Route] No route found
10:50.715	ID:5	[WARN: IPv6 Route] No route found
10:50.746	ID:4	[WARN: IPv6 Route] No route found
10:50.746	ID:4	[WARN: IPv6 Route] No route found
10:50.783	ID:3	[WARN: IPv6 Route] No route found
10:50.783	ID:3	[WARN: IPv6 Route] No route found
10:50.817	ID:1	[DATA_RECV] TS=650436 | SRC=5 | SEQ=64 | DELAY_MS=435
10:50.899	ID:3	[NODE_STAT] TS=650001 | ID=3 | OF=0 | PRNT=1 | RANK=512 | PCHG=1 | CPU=650000000 | LPM=0 | TX=0 | RX=0
10:50.899	ID:3	[DATA_SEND] TS=650001 | ID=3 | SEQ=65
10:50.899	ID:3	[WARN: IPv6 Route] No route found
10:50.899	ID:3	[WARN: IPv6 Route] No route found
10:50.916	ID:1	[DATA_RECV] TS=650535 | SRC=3 | SEQ=65 | DELAY_MS=534
11:00.236	ID:2	[NODE_STAT] TS=660001 | ID=2 | OF=0 | PRNT=1 | RANK=1280 | PCHG=1 | CPU=660000000 | LPM=0 | TX=0 | RX=0
11:00.236	ID:2	[DATA_SEND] TS=660001 | ID=2 | SEQ=66
11:00.236	ID:2	[WARN: IPv6 Route] No route found
11:00.236	ID:2	[WARN: IPv6 Route] No route found
11:00.334	ID:1	[DATA_RECV] TS=659953 | SRC=2 | SEQ=66 | DELAY_MS=0
11:00.348	ID:4	[NODE_STAT] TS=660001 | ID=4 | OF=0 | PRNT=3 | RANK=768 | PCHG=1 | CPU=660000000 | LPM=0 | TX=0 | RX=0
11:00.348	ID:4	[DATA_SEND] TS=660001 | ID=4 | SEQ=66
11:00.348	ID:4	[WARN: IPv6 Route] No route found
11:00.348	ID:4	[WARN: IPv6 Route] No route found
11:00.386	ID:3	[WARN: IPv6 Route] No route found
11:00.386	ID:3	[WARN: IPv6 Route] No route found
11:00.395	ID:1	[DATA_RECV] TS=660014 | SRC=4 | SEQ=66 | DELAY_MS=13
11:00.715	ID:5	[NODE_STAT] TS=660001 | ID=5 | OF=0 | PRNT=4 | RANK=1024 | PCHG=2 | CPU=660000000 | LPM=0 | TX=0 | RX=0
11:00.715	ID:5	[DATA_SEND] TS=660001 | ID=5 | SEQ=65
11:00.715	ID:5	[WARN: IPv6 Route] No route found
11:00.715	ID:5	[WARN: IPv6 Route] No route found
11:00.750	ID:4	[WARN: IPv6 Route] No route found
11:00.750	ID:4	[WARN: IPv6 Route] No route found
11:00.790	ID:3	[WARN: IPv6 Route] No route found
11:00.790	ID:3	[WARN: IPv6 Route] No route found
11:00.834	ID:1	[DATA_RECV] TS=660453 | SRC=5 | SEQ=65 | DELAY_MS=452
11:00.899	ID:3	[NODE_STAT] TS=660001 | ID=3 | OF=0 | PRNT=1 | RANK=512 | PCHG=1 | CPU=660000000 | LPM=0 | TX=0 | RX=0
11:00.899	ID:3	[DATA_SEND] TS=660001 | ID=3 | SEQ=66
11:00.899	ID:3	[WARN: IPv6 Route] No route found
11:00.899	ID:3	[WARN: IPv6 Route] No route found
11:00.925	ID:1	[DATA_RECV] TS=660544 | SRC=3 | SEQ=66 | DELAY_MS=543
11:10.236	ID:2	[NODE_STAT] TS=670001 | ID=2 | OF=0 | PRNT=1 | RANK=1280 | PCHG=1 | CPU=670000000 | LPM=0 | TX=0 | RX=0
11:10.236	ID:2	[DATA_SEND] TS=670001 | ID=2 | SEQ=67
11:10.236	ID:2	[WARN: IPv6 Route] No route found
11:10.236	ID:2	[WARN: IPv6 Route] No route found
11:10.245	ID:1	[DATA_RECV] TS=669864 | SRC=2 | SEQ=67 | DELAY_MS=0
11:10.348	ID:4	[NODE_STAT] TS=670001 | ID=4 | OF=0 | PRNT=3 | RANK=768 | PCHG=1 | CPU=670000000 | LPM=0 | TX=0 | RX=0
11:10.348	ID:4	[DATA_SEND] TS=670001 | ID=4 | SEQ=67
11:10.348	ID:4	[WARN: IPv6 Route] No route found
11:10.348	ID:4	[WARN: IPv6 Route] No route found
11:10.388	ID:3	[WARN: IPv6 Route] No route found
11:10.388	ID:3	[WARN: IPv6 Route] No route found
11:10.405	ID:1	[DATA_RECV] TS=670024 | SRC=4 | SEQ=67 | DELAY_MS=23
11:10.715	ID:5	[NODE_STAT] TS=670001 | ID=5 | OF=0 | PRNT=4 | RANK=1024 | PCHG=2 | CPU=670000000 | LPM=0 | TX=0 | RX=0
11:10.715	ID:5	[DATA_SEND] TS=670001 | ID=5 | SEQ=66
11:10.715	ID:5	[WARN: IPv6 Route] No route found
11:10.715	ID:5	[WARN: IPv6 Route] No route found
11:10.752	ID:4	[WARN: IPv6 Route] No route found
11:10.752	ID:4	[WARN: IPv6 Route] No route found
11:10.781	ID:3	[WARN: IPv6 Route] No route found
11:10.781	ID:3	[WARN: IPv6 Route] No route found
11:10.799	ID:1	[DATA_RECV] TS=670418 | SRC=5 | SEQ=66 | DELAY_MS=417
11:10.899	ID:3	[NODE_STAT] TS=670001 | ID=3 | OF=0 | PRNT=1 | RANK=512 | PCHG=1 | CPU=670000000 | LPM=0 | TX=0 | RX=0
11:10.899	ID:3	[DATA_SEND] TS=670001 | ID=3 | SEQ=67
11:10.899	ID:3	[WARN: IPv6 Route] No route found
11:10.899	ID:3	[WARN: IPv6 Route] No route found
11:10.912	ID:1	[DATA_RECV] TS=670531 | SRC=3 | SEQ=67 | DELAY_MS=530
11:20.236	ID:2	[NODE_STAT] TS=680001 | ID=2 | OF=0 | PRNT=1 | RANK=1280 | PCHG=1 | CPU=680000000 | LPM=0 | TX=0 | RX=0
11:20.236	ID:2	[DATA_SEND] TS=680001 | ID=2 | SEQ=68
11:20.236	ID:2	[WARN: IPv6 Route] No route found
11:20.236	ID:2	[WARN: IPv6 Route] No route found
11:20.288	ID:1	[DATA_RECV] TS=679907 | SRC=2 | SEQ=68 | DELAY_MS=0
11:20.348	ID:4	[NODE_STAT] TS=680001 | ID=4 | OF=0 | PRNT=3 | RANK=768 | PCHG=1 | CPU=680000000 | LPM=0 | TX=0 | RX=0
11:20.348	ID:4	[DATA_SEND] TS=680001 | ID=4 | SEQ=68
11:20.348	ID:4	[WARN: IPv6 Route] No route found
11:20.348	ID:4	[WARN: IPv6 Route] No route found
11:20.392	ID:3	[WARN: IPv6 Route] No route found
11:20.392	ID:3	[WARN: IPv6 Route] No route found
11:20.435	ID:1	[DATA_RECV] TS=680054 | SRC=4 | SEQ=68 | DELAY_MS=53
11:20.715	ID:5	[NODE_STAT] TS=680001 | ID=5 | OF=0 | PRNT=4 | RANK=1024 | PCHG=2 | CPU=680000000 | LPM=0 | TX=0 | RX=0
11:20.715	ID:5	[DATA_SEND] TS=680001 | ID=5 | SEQ=67
11:20.715	ID:5	[WARN: IPv6 Route] No route found
11:20.715	ID:5	[WARN: IPv6 Route] No route found
11:20.748	ID:4	[WARN: IPv6 Route] No route found
11:20.748	ID:4	[WARN: IPv6 Route] No route found
11:20.761	ID:3	[WARN: IPv6 Route] No route found
11:20.761	ID:3	[WARN: IPv6 Route] No route found
11:20.778	ID:1	[DATA_RECV] TS=680397 | SRC=5 | SEQ=67 | DELAY_MS=396
11:20.899	ID:3	[NODE_STAT] TS=680001 | ID=3 | OF=0 | PRNT=1 | RANK=512 | PCHG=1 | CPU=680000000 | LPM=0 | TX=0 | RX=0
11:20.899	ID:3	[DATA_SEND] TS=680001 | ID=3 | SEQ=68
11:20.899	ID:3	[WARN: IPv6 Route] No route found
11:20.899	ID:3	[WARN: IPv6 Route] No route found
11:20.943	ID:1	[DATA_RECV] TS=680562 | SRC=3 | SEQ=68 | DELAY_MS=561
11:30.236	ID:2	[NODE_STAT] TS=690001 | ID=2 | OF=0 | PRNT=1 | RANK=1280 | PCHG=1 | CPU=690000000 | LPM=0 | TX=0 | RX=0
11:30.236	ID:2	[DATA_SEND] TS=690001 | ID=2 | SEQ=69
11:30.236	ID:2	[WARN: IPv6 Route] No route found
11:30.236	ID:2	[WARN: IPv6 Route] No route found
11:30.347	ID:1	[DATA_RECV] TS=689966 | SRC=2 | SEQ=69 | DELAY_MS=0
11:30.348	ID:4	[NODE_STAT] TS=690001 | ID=4 | OF=0 | PRNT=3 | RANK=768 | PCHG=1 | CPU=690000000 | LPM=0 | TX=0 | RX=0
11:30.348	ID:4	[DATA_SEND] TS=690001 | ID=4 | SEQ=69
11:30.348	ID:4	[WARN: IPv6 Route] No route found
11:30.348	ID:4	[WARN: IPv6 Route] No route found
11:30.359	ID:3	[WARN: IPv6 Route] No route found
11:30.359	ID:3	[WARN: IPv6 Route] No route found
11:30.394	ID:1	[DATA_RECV] TS=690013 | SRC=4 | SEQ=69 | DELAY_MS=12
11:30.715	ID:5	[NODE_STAT] TS=690001 | ID=5 | OF=0 | PRNT=4 | RANK=1024 | PCHG=2 | CPU=690000000 | LPM=0 | TX=0 | RX=0
11:30.715	ID:5	[DATA_SEND] TS=690001 | ID=5 | SEQ=68
11:30.715	ID:5	[WARN: IPv6 Route] No route found
11:30.715	ID:5	[WARN: IPv6 Route] No route found
11:30.729	ID:4	[WARN: IPv6 Route] No route found
11:30.729	ID:4	[WARN: IPv6 Route] No route found
11:30.773	ID:3	[WARN: IPv6 Route] No route found
11:30.773	ID:3	[WARN: IPv6 Route] No route found
11:30.803	ID:1	[DATA_RECV] TS=690422 | SRC=5 | SEQ=68 | DELAY_MS=421
11:30.899	ID:3	[NODE_STAT] TS=690001 | ID=3 | OF=0 | PRNT=1 | RANK=512 | PCHG=1 | CPU=690000000 | LPM=0 | TX=0 | RX=0
11:30.899	ID:3	[DATA_SEND] TS=690001 | ID=3 | SEQ=69
11:30.899	ID:3	[WARN: IPv6 Route] No route found
11:30.899	ID:3	[WARN: IPv6 Route] No route found
11:30.925	ID:1	[DATA_RECV] TS=690544 | SRC=3 | SEQ=69 | DELAY_MS=543
11:40.236	ID:2	[NODE_STAT] TS=700001 | ID=2 | OF=0 | PRNT=1 | RANK=1280 | PCHG=1 | CPU=700000000 | LPM=0 | TX=0 | RX=0
11:40.236	ID:2	[DATA_SEND] TS=700001 | ID=2 | SEQ=70
11:40.236	ID:2	[WARN: IPv6 Route] No route found
11:40.236	ID:2	[WARN: IPv6 Route] No route found
11:40.348	ID:4	[NODE_STAT] TS=700001 | ID=4 | OF=0 | PRNT=3 | RANK=768 | PCHG=1 | CPU=700000000 | LPM=0 | TX=0 | RX=0
11:40.348	ID:4	[DATA_SEND] TS=700001 | ID=4 | SEQ=70
11:40.348	ID:4	[WARN: IPv6 Route] No route found
11:40.348	ID:4	[WARN: IPv6 Route] No route found
11:40.387	ID:3	[WARN: IPv6 Route] No route found
11:40.387	ID:3	[WARN: IPv6 Route] No route found
11:40.414	ID:1	[DATA_RECV] TS=700033 | SRC=2 | SEQ=70 | DELAY_MS=32
11:40.420	ID:1	[DATA_RECV] TS=700039 | SRC=4 | SEQ=70 | DELAY_MS=38
11:40.715	ID:5	[NODE_STAT] TS=700001 | ID=5 | OF=0 | PRNT=4 | RANK=1024 | PCHG=2 | CPU=700000000 | LPM=0 | TX=0 | RX=0
11:40.715	ID:5	[DATA_SEND] TS=700001 | ID=5 | SEQ=69
11:40.715	ID:5	[WARN: IPv6 Route] No route found
11:40.715	ID:5	[WARN: IPv6 Route] No route found
11:40.753	ID:4	[WARN: IPv6 Route] No route found
11:40.753	ID:4	[WARN: IPv6 Route] No route found
11:40.773	ID:3	[WARN: IPv6 Route] No route found
11:40.773	ID:3	[WARN: IPv6 Route] No route found
11:40.793	ID:1	[DATA_RECV] TS=700412 | SRC=5 | SEQ=69 | DELAY_MS=411
11:40.899	ID:3	[NODE_STAT] TS=700001 | ID=3 | OF=0 | PRNT=1 | RANK=512 | PCHG=1 | CPU=700000000 | LPM=0 | TX=0 | RX=0
11:40.899	ID:3	[DATA_SEND] TS=700001 | ID=3 | SEQ=70
11:40.899	ID:3	[WARN: IPv6 Route] No route found
11:40.899	ID:3	[WARN: IPv6 Route] No route found
11:40.903	ID:1	[DATA_RECV] TS=700522 | SRC=3 | SEQ=70 | DELAY_MS=521
11:50.236	ID:2	[NODE_STAT] TS=710001 | ID=2 | OF=0 | PRNT=1 | RANK=1536 | PCHG=1 | CPU=710000000 | LPM=0 | TX=0 | RX=0
11:50.236	ID:2	[DATA_SEND] TS=710001 | ID=2 | SEQ=71
11:50.236	ID:2	[WARN: IPv6 Route] No route found
11:50.236	ID:2	[WARN: IPv6 Route] No route found
11:50.312	ID:1	[DATA_RECV] TS=709931 | SRC=2 | SEQ=71 | DELAY_MS=0
11:50.348	ID:4	[NODE_STAT] TS=710001 | ID=4 | OF=0 | PRNT=3 | RANK=768 | PCHG=1 | CPU=710000000 | LPM=0 | TX=0 | RX=0
11:50.348	ID:4	[DATA_SEND] TS=710001 | ID=4 | SEQ=71
11:50.348	ID:4	[WARN: IPv6 Route] No route found
11:50.348	ID:4	[WARN: IPv6 Route] No route found
11:50.392	ID:3	[WARN: IPv6 Route] No route found
11:50.392	ID:3	[WARN: IPv6 Route] No route found
11:50.407	ID:1	[DATA_RECV] TS=710026 | SRC=4 | SEQ=71 | DELAY_MS=25
11:50.715	ID:5	[NODE_STAT] TS=710001 | ID=5 | OF=0 | PRNT=4 | RANK=1024 | PCHG=2 | CPU=710000000 | LPM=0 | TX=0 | RX=0
11:50.715	ID:5	[DATA_SEND] TS=710001 | ID=5 | SEQ=70
11:50.715	ID:5	[WARN: IPv6 Route] No route found
11:50.715	ID:5	[WARN: IPv6 Route] No route found
11:50.755	ID:4	[WARN: IPv6 Route] No route found
11:50.755	ID:4	[WARN: IPv6 Route] No route found
11:50.775	ID:3	[WARN: IPv6 Route] No route found
11:50.775	ID:3	[WARN: IPv6 Route] No route found
11:50.787	ID:1	[DATA_RECV] TS=710406 | SRC=5 | SEQ=70 | DELAY_MS=405
11:50.899	ID:3	[NODE_STAT] TS=710001 | ID=3 | OF=0 | PRNT=1 | RANK=512 | PCHG=1 | CPU=710000000 | LPM=0 | TX=0 | RX=0
11:50.899	ID:3	[DATA_SEND] TS=710001 | ID=3 | SEQ=71
11:50.899	ID:3	[WARN: IPv6 Route] No route found
11:50.899	ID:3	[WARN: IPv6 Route] No route found
11:50.942	ID:1	[DATA_RECV] TS=710561 | SRC=3 | SEQ=71 | DELAY_MS=560
12:00.236	ID:2	[NODE_STAT] TS=720001 | ID=2 | OF=0 | PRNT=1 | RANK=1536 | PCHG=1 | CPU=720000000 | LPM=0 | TX=0 | RX=0
12:00.236	ID:2	[DATA_SEND] TS=720001 | ID=2 | SEQ=72
12:00.236	ID:2	[WARN: IPv6 Route] No route found
12:00.236	ID:2	[WARN: IPv6 Route] No route found
12:00.254	ID:1	[DATA_RECV] TS=719873 | SRC=2 | SEQ=72 | DELAY_MS=0
12:00.348	ID:4	[NODE_STAT] TS=720001 | ID=4 | OF=0 | PRNT=3 | RANK=768 | PCHG=1 | CPU=720000000 | LPM=0 | TX=0 | RX=0
12:00.348	ID:4	[DATA_SEND] TS=720001 | ID=4 | SEQ=72
12:00.348	ID:4	[WARN: IPv6 Route] No route found
12:00.348	ID:4	[WARN: IPv6 Route] No route found
12:00.373	ID:3	[WARN: IPv6 Route] No route found
12:00.373	ID:3	[WARN: IPv6 Route] No route found
12:00.392	ID:1	[DATA_RECV] TS=720011 | SRC=4 | SEQ=72 | DELAY_MS=10
12:00.715	ID:5	[NODE_STAT] TS=720001 | ID=5 | OF=0 | PRNT=4 | RANK=1024 | PCHG=2 | CPU=720000000 | LPM=0 | TX=0 | RX=0
12:00.715	ID:5	[DATA_SEND] TS=720001 | ID=5 | SEQ=71
12:00.715	ID:5	[WARN: IPv6 Route] No route found
12:00.715	ID:5	[WARN: IPv6 Route] No route found
12:00.721	ID:4	[WARN: IPv6 Route] No route found
12:00.721	ID:4	[WARN: IPv6 Route] No route found
12:00.755	ID:3	[WARN: IPv6 Route] No route found
12:00.755	ID:3	[WARN: IPv6 Route] No route found
12:00.763	ID:1	[DATA_RECV] TS=720382 | SRC=5 | SEQ=71 | DELAY_MS=381
12:00.899	ID:3	[NODE_STAT] TS=720001 | ID=3 | OF=0 | PRNT=1 | RANK=512 | PCHG=1 | CPU=720000000 | LPM=0 | TX=0 | RX=0
12:00.899	ID:3	[DATA_SEND] TS=720001 | ID=3 | SEQ=72
12:00.899	ID:3	[WARN: IPv6 Route] No route found
12:00.899	ID:3	[WARN: IPv6 Route] No route found
12:00.915	ID:1	[DATA_RECV] TS=720534 | SRC=3 | SEQ=72 | DELAY_MS=533
12:10.236	ID:2	[NODE_STAT] TS=730001 | ID=2 | OF=0 | PRNT=1 | RANK=1536 | PCHG=1 | CPU=730000000 | LPM=0 | TX=0 | RX=0
12:10.236	ID:2	[DATA_SEND] TS=730001 | ID=2 | SEQ=73
12:10.236	ID:2	[WARN: IPv6 Route] No route found
12:10.236	ID:2	[WARN: IPv6 Route] No route found
12:10.348	ID:4	[NODE_STAT] TS=730001 | ID=4 | OF=0 | PRNT=3 | RANK=768 | PCHG=1 | CPU=730000000 | LPM=0 | TX=0 | RX=0
12:10.348	ID:4	[DATA_SEND] TS=730001 | ID=4 | SEQ=73
12:10.348	ID:4	[WARN: IPv6 Route] No route found
12:10.348	ID:4	[WARN: IPv6 Route] No route found
12:10.381	ID:3	[WARN: IPv6 Route] No route found
12:10.381	ID:3	[WARN: IPv6 Route] No route found
12:10.391	ID:1	[DATA_RECV] TS=730010 | SRC=4 | SEQ=73 | DELAY_MS=9
12:10.414	ID:1	[DATA_RECV] TS=730033 | SRC=2 | SEQ=73 | DELAY_MS=32
12:10.715	ID:5	[NODE_STAT] TS=730001 | ID=5 | OF=0 | PRNT=4 | RANK=1024 | PCHG=2 | CPU=730000000 | LPM=0 | TX=0 | RX=0
12:10.715	ID:5	[DATA_SEND] TS=730001 | ID=5 | SEQ=72
12:10.715	ID:5	[WARN: IPv6 Route] No route found
12:10.715	ID:5	[WARN: IPv6 Route] No route found
12:10.742	ID:4	[WARN: IPv6 Route] No route found
12:10.742	ID:4	[WARN: IPv6 Route] No route found
12:10.752	ID:3	[WARN: IPv6 Route] No route found
12:10.752	ID:3	[WARN: IPv6 Route] No route found
12:10.789	ID:1	[DATA_RECV] TS=730408 | SRC=5 | SEQ=72 | DELAY_MS=407
12:10.899	ID:3	[NODE_STAT] TS=730001 | ID=3 | OF=0 | PRNT=1 | RANK=512 | PCHG=1 | CPU=730000000 | LPM=0 | TX=0 | RX=0
12:10.899	ID:3	[DATA_SEND] TS=730001 | ID=3 | SEQ=73
12:10.899	ID:3	[WARN: IPv6 Route] No route found
12:10.899	ID:3	[WARN: IPv6 Route] No route found
12:10.924	ID:1	[DATA_RECV] TS=730543 | SRC=3 | SEQ=73 | DELAY_MS=542
12:20.236	ID:2	[NODE_STAT] TS=740001 | ID=2 | OF=0 | PRNT=1 | RANK=1792 | PCHG=1 | CPU=740000000 | LPM=0 | TX=0 | RX=0
12:20.236	ID:2	[DATA_SEND] TS=740001 | ID=2 | SEQ=74
12:20.236	ID:2	[WARN: IPv6 Route] No route found
12:20.236	ID:2	[WARN: IPv6 Route] No route found
12:20.242	ID:1	[DATA_RECV] TS=739861 | SRC=2 | SEQ=74 | DELAY_MS=0
12:20.348	ID:4	[NODE_STAT] TS=740001 | ID=4 | OF=0 | PRNT=3 | RANK=768 | PCHG=1 | CPU=740000000 | LPM=0 | TX=0 | RX=0
12:20.348	ID:4	[DATA_SEND] TS=740001 | ID=4 | SEQ=74
12:20.348	ID:4	[WARN: IPv6 Route] No route found
12:20.348	ID:4	[WARN: IPv6 Route] No route found
12:20.360	ID:3	[WARN: IPv6 Route] No route found
12:20.360	ID:3	[WARN: IPv6 Route] No route found
12:20.387	ID:1	[DATA_RECV] TS=740006 | SRC=4 | SEQ=74 | DELAY_MS=5
12:20.715	ID:5	[NODE_STAT] TS=740001 | ID=5 | OF=0 | PRNT=4 | RANK=1024 | PCHG=2 | CPU=740000000 | LPM=0 | TX=0 | RX=0
12:20.715	ID:5	[DATA_SEND] TS=740001 | ID=5 | SEQ=73
12:20.715	ID:5	[WARN: IPv6 Route] No route found
12:20.715	ID:5	[WARN: IPv6 Route] No route found
12:20.719	ID:4	[WARN: IPv6 Route] No route found
12:20.719	ID:4	[WARN: IPv6 Route] No route found
12:20.737	ID:3	[WARN: IPv6 Route] No route found
12:20.737	ID:3	[WARN: IPv6 Route] No route found
12:20.778	ID:1	[DATA_RECV] TS=740397 | SRC=5 | SEQ=73 | DELAY_MS=396
12:20.899	ID:3	[NODE_STAT] TS=740001 | ID=3 | OF=0 | PRNT=1 | RANK=512 | PCHG=1 | CPU=740000000 | LPM=0 | TX=0 | RX=0
12:20.899	ID:3	[DATA_SEND] TS=740001 | ID=3 | SEQ=74
12:20.899	ID:3	[WARN: IPv6 Route] No route found
12:20.899	ID:3	[WARN: IPv6 Route] No route found
12:20.905	ID:1	[DATA_RECV] TS=740524 | SRC=3 | SEQ=74 | DELAY_MS=523
12:30.236	ID:2	[NODE_STAT] TS=750001 | ID=2 | OF=0 | PRNT=1 | RANK=1536 | PCHG=1 | CPU=750000000 | LPM=0 | TX=0 | RX=0
12:30.236	ID:2	[DATA_SEND] TS=750001 | ID=2 | SEQ=75
12:30.236	ID:2	[WARN: IPv6 Route] No route found
12:30.236	ID:2	[WARN: IPv6 Route] No route found
12:30.310	ID:1	[DATA_RECV] TS=749929 | SRC=2 | SEQ=75 | DELAY_MS=0
12:30.348	ID:4	[NODE_STAT] TS=750001 | ID=4 | OF=0 | PRNT=3 | RANK=768 | PCHG=1 | CPU=750000000 | LPM=0 | TX=0 | RX=0
12:30.348	ID:4	[DATA_SEND] TS=750001 | ID=4 | SEQ=75
12:30.348	ID:4	[WARN: IPv6 Route] No route found
12:30.348	ID:4	[WARN: IPv6 Route] No route found
12:30.392	ID:3	[WARN: IPv6 Route] No route found
12:30.392	ID:3	[WARN: IPv6 Route] No route found
12:30.433	ID:1	[DATA_RECV] TS=750052 | SRC=4 | SEQ=75 | DELAY_MS=51
12:30.715	ID:5	[NODE_STAT] TS=750001 | ID=5 | OF=0 | PRNT=4 | RANK=1024 | PCHG=2 | CPU=750000000 | LPM=0 | TX=0 | RX=0
12:30.715	ID:5	[DATA_SEND] TS=750001 | ID=5 | SEQ=74
12:30.715	ID:5	[WARN: IPv6 Route] No route found
12:30.715	ID:5	[WARN: IPv6 Route] No route found
12:30.754	ID:4	[WARN: IPv6 Route] No route found
12:30.754	ID:4	[WARN: IPv6 Route] No route found
12:30.775	ID:3	[WARN: IPv6 Route] No route found
12:30.775	ID:3	[WARN: IPv6 Route] No route found
12:30.809	ID:1	[DATA_RECV] TS=750428 | SRC=5 | SEQ=74 | DELAY_MS=427
12:30.899	ID:3	[NODE_STAT] TS=750001 | ID=3 | OF=0 | PRNT=1 | RANK=512 | PCHG=1 | CPU=750000000 | LPM=0 | TX=0 | RX=0
12:30.899	ID:3	[DATA_SEND] TS=750001 | ID=3 | SEQ=75
12:30.899	ID:3	[WARN: IPv6 Route] No route found
12:30.899	ID:3	[WARN: IPv6 Route] No route found
12:30.925	ID:1	[DATA_RECV] TS=750544 | SRC=3 | SEQ=75 | DELAY_MS=543
12:40.236	ID:2	[NODE_STAT] TS=760001 | ID=2 | OF=0 | PRNT=1 | RANK=1536 | PCHG=1 | CPU=760000000 | LPM=0 | TX=0 | RX=0
12:40.236	ID:2	[DATA_SEND] TS=760001 | ID=2 | SEQ=76
12:40.236	ID:2	[WARN: IPv6 Route] No route found
12:40.236	ID:2	[WARN: IPv6 Route] No route found
12:40.348	ID:4	[NODE_STAT] TS=760001 | ID=4 | OF=0 | PRNT=3 | RANK=768 | PCHG=1 | CPU=760000000 | LPM=0 | TX=0 | RX=0
12:40.348	ID:4	[DATA_SEND] TS=760001 | ID=4 | SEQ=76
12:40.348	ID:4	[WARN: IPv6 Route] No route found
12:40.348	ID:4	[WARN: IPv6 Route] No route found
12:40.368	ID:1	[DATA_RECV] TS=759987 | SRC=2 | SEQ=76 | DELAY_MS=0
12:40.393	ID:3	[WARN: IPv6 Route] No route found
12:40.393	ID:3	[WARN: IPv6 Route] No route found
12:40.439	ID:1	[DATA_RECV] TS=760058 | SRC=4 | SEQ=76 | DELAY_MS=57
12:40.715	ID:5	[NODE_STAT] TS=760001 | ID=5 | OF=0 | PRNT=4 | RANK=1024 | PCHG=2 | CPU=760000000 | LPM=0 | TX=0 | RX=0
12:40.715	ID:5	[DATA_SEND] TS=760001 | ID=5 | SEQ=75
12:40.715	ID:5	[WARN: IPv6 Route] No route found
12:40.715	ID:5	[WARN: IPv6 Route] No route found
12:40.749	ID:4	[WARN: IPv6 Route] No route found
12:40.749	ID:4	[WARN: IPv6 Route] No route found
12:40.789	ID:3	[WARN: IPv6 Route] No route found
12:40.789	ID:3	[WARN: IPv6 Route] No route found
12:40.798	ID:1	[DATA_RECV] TS=760417 | SRC=5 | SEQ=75 | DELAY_MS=416
12:40.899	ID:3	[NODE_STAT] TS=760001 | ID=3 | OF=0 | PRNT=1 | RANK=512 | PCHG=1 | CPU=760000000 | LPM=0 | TX=0 | RX=0
12:40.899	ID:3	[DATA_SEND] TS=760001 | ID=3 | SEQ=76
12:40.899	ID:3	[WARN: IPv6 Route] No route found
12:40.899	ID:3	[WARN: IPv6 Route] No route found
12:40.920	ID:1	[DATA_RECV] TS=760539 | SRC=3 | SEQ=76 | DELAY_MS=538
12:50.236	ID:2	[NODE_STAT] TS=770001 | ID=2 | OF=0 | PRNT=1 | RANK=1792 | PCHG=1 | CPU=770000000 | LPM=0 | TX=0 | RX=0
12:50.236	ID:2	[DATA_SEND] TS=770001 | ID=2 | SEQ=77
12:50.236	ID:2	[WARN: IPv6 Route] No route found
12:50.236	ID:2	[WARN: IPv6 Route] No route found
12:50.312	ID:1	[DATA_RECV] TS=769931 | SRC=2 | SEQ=77 | DELAY_MS=0
12:50.348	ID:4	[NODE_STAT] TS=770001 | ID=4 | OF=0 | PRNT=3 | RANK=768 | PCHG=1 | CPU=770000000 | LPM=0 | TX=0 | RX=0
12:50.348	ID:4	[DATA_SEND] TS=770001 | ID=4 | SEQ=77
12:50.348	ID:4	[WARN: IPv6 Route] No route found
12:50.348	ID:4	[WARN: IPv6 Route] No route found
12:50.389	ID:3	[WARN: IPv6 Route] No route found
12:50.389	ID:3	[WARN: IPv6 Route] No route found
12:50.397	ID:1	[DATA_RECV] TS=770016 | SRC=4 | SEQ=77 | DELAY_MS=15
12:50.715	ID:5	[NODE_STAT] TS=770001 | ID=5 | OF=0 | PRNT=4 | RANK=1024 | PCHG=2 | CPU=770000000 | LPM=0 | TX=0 | RX=0
12:50.715	ID:5	[DATA_SEND] TS=770001 | ID=5 | SEQ=76
12:50.715	ID:5	[WARN: IPv6 Route] No route found
12:50.715	ID:5	[WARN: IPv6 Route] No route found
12:50.747	ID:4	[WARN: IPv6 Route] No route found
12:50.747	ID:4	[WARN: IPv6 Route] No route found
12:50.753	ID:3	[WARN: IPv6 Route] No route found
12:50.753	ID:3	[WARN: IPv6 Route] No route found
12:50.761	ID:1	[DATA_RECV] TS=770380 | SRC=5 | SEQ=76 | DELAY_MS=379
12:50.899	ID:3	[NODE_STAT] TS=770001 | ID=3 | OF=0 | PRNT=1 | RANK=512 | PCHG=1 | CPU=770000000 | LPM=0 | TX=0 | RX=0
12:50.899	ID:3	[DATA_SEND] TS=770001 | ID=3 | SEQ=77
12:50.899	ID:3	[WARN: IPv6 Route] No route found
12:50.899	ID:3	[WARN: IPv6 Route] No route found
12:50.938	ID:1	[DATA_RECV] TS=770557 | SRC=3 | SEQ=77 | DELAY_MS=556
13:00.236	ID:2	[NODE_STAT] TS=780001 | ID=2 | OF=0 | PRNT=1 | RANK=1536 | PCHG=1 | CPU=780000000 | LPM=0 | TX=0 | RX=0
13:00.236	ID:2	[DATA_SEND] TS=780001 | ID=2 | SEQ=78
13:00.236	ID:2	[WARN: IPv6 Route] No route found
13:00.236	ID:2	[WARN: IPv6 Route] No route found
13:00.348	ID:4	[NODE_STAT] TS=780001 | ID=4 | OF=0 | PRNT=3 | RANK=768 | PCHG=1 | CPU=780000000 | LPM=0 | TX=0 | RX=0
13:00.348	ID:4	[DATA_SEND] TS=780001 | ID=4 | SEQ=78
13:00.348	ID:4	[WARN: IPv6 Route] No route found
13:00.348	ID:4	[WARN: IPv6 Route] No route found
13:00.352	ID:1	[DATA_RECV] TS=779971 | SRC=2 | SEQ=78 | DELAY_MS=0
13:00.368	ID:3	[WARN: IPv6 Route] No route found
13:00.368	ID:3	[WARN: IPv6 Route] No route found
13:00.411	ID:1	[DATA_RECV] TS=780030 | SRC=4 | SEQ=78 | DELAY_MS=29
13:00.715	ID:5	[NODE_STAT] TS=780001 | ID=5 | OF=0 | PRNT=4 | RANK=1024 | PCHG=2 | CPU=780000000 | LPM=0 | TX=0 | RX=0
13:00.715	ID:5	[DATA_SEND] TS=780001 | ID=5 | SEQ=77
13:00.715	ID:5	[WARN: IPv6 Route] No route found
13:00.715	ID:5	[WARN: IPv6 Route] No route found
13:00.740	ID:4	[WARN: IPv6 Route] No route found
13:00.740	ID:4	[WARN: IPv6 Route] No route found
13:00.746	ID:3	[WARN: IPv6 Route] No route found
13:00.746	ID:3	[WARN: IPv6 Route] No route found
13:00.777	ID:1	[DATA_RECV] TS=780396 | SRC=5 | SEQ=77 | DELAY_MS=395
13:00.899	ID:3	[NODE_STAT] TS=780001 | ID=3 | OF=0 | PRNT=1 | RANK=512 | PCHG=1 | CPU=780000000 | LPM=0 | TX=0 | RX=0
13:00.899	ID:3	[DATA_SEND] TS=780001 | ID=3 | SEQ=78
13:00.899	ID:3	[WARN: IPv6 Route] No route found
13:00.899	ID:3	[WARN: IPv6 Route] No route found
13:00.943	ID:1	[DATA_RECV] TS=780562 | SRC=3 | SEQ=78 | DELAY_MS=561
13:10.236	ID:2	[NODE_STAT] TS=790001 | ID=2 | OF=0 | PRNT=1 | RANK=1792 | PCHG=1 | CPU=790000000 | LPM=0 | TX=0 | RX=0
13:10.236	ID:2	[DATA_SEND] TS=790001 | ID=2 | SEQ=79
13:10.236	ID:2	[WARN: IPv6 Route] No route found
13:10.236	ID:2	[WARN: IPv6 Route] No route found
13:10.313	ID:1	[DATA_RECV] TS=789932 | SRC=2 | SEQ=79 | DELAY_MS=0
13:10.348	ID:4	[NODE_STAT] TS=790001 | ID=4 | OF=0 | PRNT=3 | RANK=768 | PCHG=1 | CPU=790000000 | LPM=0 | TX=0 | RX=0
13:10.348	ID:4	[DATA_SEND] TS=790001 | ID=4 | SEQ=79
13:10.348	ID:4	[WARN: IPv6 Route] No route found
13:10.348	ID:4	[WARN: IPv6 Route] No route found
13:10.382	ID:3	[WARN: IPv6 Route] No route found
13:10.382	ID:3	[WARN: IPv6 Route] No route found
13:10.402	ID:1	[DATA_RECV] TS=790021 | SRC=4 | SEQ=79 | DELAY_MS=20
13:10.715	ID:5	[NODE_STAT] TS=790001 | ID=5 | OF=0 | PRNT=4 | RANK=1024 | PCHG=2 | CPU=790000000 | LPM=0 | TX=0 | RX=0
13:10.715	ID:5	[DATA_SEND] TS=790001 | ID=5 | SEQ=78
13:10.715	ID:5	[WARN: IPv6 Route] No route found
13:10.715	ID:5	[WARN: IPv6 Route] No route found
13:10.736	ID:4	[WARN: IPv6 Route] No route found
13:10.736	ID:4	[WARN: IPv6 Route] No route found
13:10.774	ID:3	[WARN: IPv6 Route] No route found
13:10.774	ID:3	[WARN: IPv6 Route] No route found
13:10.804	ID:1	[DATA_RECV] TS=790423 | SRC=5 | SEQ=78 | DELAY_MS=422
13:10.899	ID:3	[NODE_STAT] TS=790001 | ID=3 | OF=0 | PRNT=1 | RANK=512 | PCHG=1 | CPU=790000000 | LPM=0 | TX=0 | RX=0
13:10.899	ID:3	[DATA_SEND] TS=790001 | ID=3 | SEQ=79
13:10.899	ID:3	[WARN: IPv6 Route] No route found
13:10.899	ID:3	[WARN: IPv6 Route] No route found
13:10.924	ID:1	[DATA_RECV] TS=790543 | SRC=3 | SEQ=79 | DELAY_MS=542
13:20.236	ID:2	[NODE_STAT] TS=800001 | ID=2 | OF=0 | PRNT=1 | RANK=1792 | PCHG=1 | CPU=800000000 | LPM=0 | TX=0 | RX=0
13:20.236	ID:2	[DATA_SEND] TS=800001 | ID=2 | SEQ=80
13:20.236	ID:2	[WARN: IPv6 Route] No route found
13:20.236	ID:2	[WARN: IPv6 Route] No route found
13:20.259	ID:1	[DATA_RECV] TS=799878 | SRC=2 | SEQ=80 | DELAY_MS=0
13:20.348	ID:4	[NODE_STAT] TS=800001 | ID=4 | OF=0 | PRNT=3 | RANK=768 | PCHG=1 | CPU=800000000 | LPM=0 | TX=0 | RX=0
13:20.348	ID:4	[DATA_SEND] TS=800001 | ID=4 | SEQ=80
13:20.348	ID:4	[WARN: IPv6 Route] No route found
13:20.348	ID:4	[WARN: IPv6 Route] No route found
13:20.354	ID:3	[WARN: IPv6 Route] No route found
13:20.354	ID:3	[WARN: IPv6 Route] No route found
13:20.397	ID:1	[DATA_RECV] TS=800016 | SRC=4 | SEQ=80 | DELAY_MS=15
13:20.715	ID:5	[NODE_STAT] TS=800001 | ID=5 | OF=0 | PRNT=4 | RANK=1024 | PCHG=2 | CPU=800000000 | LPM=0 | TX=0 | RX=0
13:20.715	ID:5	[DATA_SEND] TS=800001 | ID=5 | SEQ=79
13:20.715	ID:5	[WARN: IPv6 Route] No route found
13:20.715	ID:5	[WARN: IPv6 Route] No route found
13:20.724	ID:4	[WARN: IPv6 Route] No route found
13:20.724	ID:4	[WARN: IPv6 Route] No route found
13:20.732	ID:3	[WARN: IPv6 Route] No route found
13:20.732	ID:3	[WARN: IPv6 Route] No route found
13:20.778	ID:1	[DATA_RECV] TS=800397 | SRC=5 | SEQ=79 | DELAY_MS=396
13:20.899	ID:3	[NODE_STAT] TS=800001 | ID=3 | OF=0 | PRNT=1 | RANK=512 | PCHG=1 | CPU=800000000 | LPM=0 | TX=0 | RX=0
13:20.899	ID:3	[DATA_SEND] TS=800001 | ID=3 | SEQ=80
13:20.899	ID:3	[WARN: IPv6 Route] No route found
13:20.899	ID:3	[WARN: IPv6 Route] No route found
13:20.944	ID:1	[DATA_RECV] TS=800563 | SRC=3 | SEQ=80 | DELAY_MS=562
13:30.236	ID:2	[NODE_STAT] TS=810001 | ID=2 | OF=0 | PRNT=1 | RANK=1792 | PCHG=1 | CPU=810000000 | LPM=0 | TX=0 | RX=0
13:30.236	ID:2	[DATA_SEND] TS=810001 | ID=2 | SEQ=81
13:30.236	ID:2	[WARN: IPv6 Route] No route found
13:30.236	ID:2	[WARN: IPv6 Route] No route found
13:30.255	ID:1	[DATA_RECV] TS=809874 | SRC=2 | SEQ=81 | DELAY_MS=0
13:30.348	ID:4	[NODE_STAT] TS=810001 | ID=4 | OF=0 | PRNT=3 | RANK=768 | PCHG=1 | CPU=810000000 | LPM=0 | TX=0 | RX=0
13:30.348	ID:4	[DATA_SEND] TS=810001 | ID=4 | SEQ=81
13:30.348	ID:4	[WARN: IPv6 Route] No route found
13:30.348	ID:4	[WARN: IPv6 Route] No route found
13:30.366	ID:3	[WARN: IPv6 Route] No route found
13:30.366	ID:3	[WARN: IPv6 Route] No route found
13:30.380	ID:1	[DATA_RECV] TS=809999 | SRC=4 | SEQ=81 | DELAY_MS=0
13:30.715	ID:5	[NODE_STAT] TS=810001 | ID=5 | OF=0 | PRNT=4 | RANK=1024 | PCHG=2 | CPU=810000000 | LPM=0 | TX=0 | RX=0
13:30.715	ID:5	[DATA_SEND] TS=810001 | ID=5 | SEQ=80
13:30.715	ID:5	[WARN: IPv6 Route] No route found
13:30.715	ID:5	[WARN: IPv6 Route] No route found
13:30.755	ID:4	[WARN: IPv6 Route] No route found
13:30.755	ID:4	[WARN: IPv6 Route] No route found
13:30.774	ID:3	[WARN: IPv6 Route] No route found
13:30.774	ID:3	[WARN: IPv6 Route] No route found
13:30.798	ID:1	[DATA_RECV] TS=810417 | SRC=5 | SEQ=80 | DELAY_MS=416
13:30.899	ID:3	[NODE_STAT] TS=810001 | ID=3 | OF=0 | PRNT=1 | RANK=512 | PCHG=1 | CPU=810000000 | LPM=0 | TX=0 | RX=0
13:30.899	ID:3	[DATA_SEND] TS=810001 | ID=3 | SEQ=81
13:30.899	ID:3	[WARN: IPv6 Route] No route found
13:30.899	ID:3	[WARN: IPv6 Route] No route found
13:30.922	ID:1	[DATA_RECV] TS=810541 | SRC=3 | SEQ=81 | DELAY_MS=540
13:40.236	ID:2	[NODE_STAT] TS=820001 | ID=2 | OF=0 | PRNT=1 | RANK=1536 | PCHG=1 | CPU=820000000 | LPM=0 | TX=0 | RX=0
13:40.236	ID:2	[DATA_SEND] TS=820001 | ID=2 | SEQ=82
13:40.236	ID:2	[WARN: IPv6 Route] No route found
13:40.236	ID:2	[WARN: IPv6 Route] No route found
13:40.304	ID:1	[DATA_RECV] TS=819923 | SRC=2 | SEQ=82 | DELAY_MS=0
13:40.348	ID:4	[NODE_STAT] TS=820001 | ID=4 | OF=0 | PRNT=3 | RANK=768 | PCHG=1 | CPU=820000000 | LPM=0 | TX=0 | RX=0
13:40.348	ID:4	[DATA_SEND] TS=820001 | ID=4 | SEQ=82
13:40.348	ID:4	[WARN: IPv6 Route] No route found
13:40.348	ID:4	[WARN: IPv6 Route] No route found
13:40.359	ID:3	[WARN: IPv6 Route] No route found
13:40.359	ID:3	[WARN: IPv6 Route] No route found
13:40.394	ID:1	[DATA_RECV] TS=820013 | SRC=4 | SEQ=82 | DELAY_MS=12
13:40.715	ID:5	[NODE_STAT] TS=820001 | ID=5 | OF=0 | PRNT=4 | RANK=1024 | PCHG=2 | CPU=820000000 | LPM=0 | TX=0 | RX=0
13:40.715	ID:5	[DATA_SEND] TS=820001 | ID=5 | SEQ=81
13:40.715	ID:5	[WARN: IPv6 Route] No route found
13:40.715	ID:5	[WARN: IPv6 Route] No route found
13:40.733	ID:4	[WARN: IPv6 Route] No route found
13:40.733	ID:4	[WARN: IPv6 Route] No route found
13:40.741	ID:3	[WARN: IPv6 Route] No route found
13:40.741	ID:3	[WARN: IPv6 Route] No route found
13:40.747	ID:1	[DATA_RECV] TS=820366 | SRC=5 | SEQ=81 | DELAY_MS=365
13:40.899	ID:3	[NODE_STAT] TS=820001 | ID=3 | OF=0 | PRNT=1 | RANK=512 | PCHG=1 | CPU=820000000 | LPM=0 | TX=0 | RX=0
13:40.899	ID:3	[DATA_SEND] TS=820001 | ID=3 | SEQ=82
13:40.899	ID:3	[WARN: IPv6 Route] No route found
13:40.899	ID:3	[WARN: IPv6 Route] No route found
13:40.915	ID:1	[DATA_RECV] TS=820534 | SRC=3 | SEQ=82 | DELAY_MS=533
13:50.236	ID:2	[NODE_STAT] TS=830001 | ID=2 | OF=0 | PRNT=1 | RANK=1536 | PCHG=1 | CPU=830000000 | LPM=0 | TX=0 | RX=0
13:50.236	ID:2	[DATA_SEND] TS=830001 | ID=2 | SEQ=83
13:50.236	ID:2	[WARN: IPv6 Route] No route found
13:50.236	ID:2	[WARN: IPv6 Route] No route found
13:50.348	ID:4	[NODE_STAT] TS=830001 | ID=4 | OF=0 | PRNT=3 | RANK=768 | PCHG=1 | CPU=830000000 | LPM=0 | TX=0 | RX=0
13:50.348	ID:4	[DATA_SEND] TS=830001 | ID=4 | SEQ=83
13:50.348	ID:4	[WARN: IPv6 Route] No route found
13:50.348	ID:4	[WARN: IPv6 Route] No route found
13:50.376	ID:3	[WARN: IPv6 Route] No route found
13:50.376	ID:3	[WARN: IPv6 Route] No route found
13:50.385	ID:1	[DATA_RECV] TS=830004 | SRC=4 | SEQ=83 | DELAY_MS=3
13:50.392	ID:1	[DATA_RECV] TS=830011 | SRC=2 | SEQ=83 | DELAY_MS=10
13:50.715	ID:5	[NODE_STAT] TS=830001 | ID=5 | OF=0 | PRNT=4 | RANK=1024 | PCHG=2 | CPU=830000000 | LPM=0 | TX=0 | RX=0
13:50.715	ID:5	[DATA_SEND] TS=830001 | ID=5 | SEQ=82
13:50.715	ID:5	[WARN: IPv6 Route] No route found
13:50.715	ID:5	[WARN: IPv6 Route] No route found
13:50.722	ID:4	[WARN: IPv6 Route] No route found
13:50.722	ID:4	[WARN: IPv6 Route] No route found
13:50.762	ID:3	[WARN: IPv6 Route] No route found
13:50.762	ID:3	[WARN: IPv6 Route] No route found
13:50.788	ID:1	[DATA_RECV] TS=830407 | SRC=5 | SEQ=82 | DELAY_MS=406
13:50.899	ID:3	[NODE_STAT] TS=830001 | ID=3 | OF=0 | PRNT=1 | RANK=512 | PCHG=1 | CPU=830000000 | LPM=0 | TX=0 | RX=0
13:50.899	ID:3	[DATA_SEND] TS=830001 | ID=3 | SEQ=83
13:50.899	ID:3	[WARN: IPv6 Route] No route found
13:50.899	ID:3	[WARN: IPv6 Route] No route found
13:50.908	ID:1	[DATA_RECV] TS=830527 | SRC=3 | SEQ=83 | DELAY_MS=526
14:00.236	ID:2	[NODE_STAT] TS=840001 | ID=2 | OF=0 | PRNT=1 | RANK=1792 | PCHG=1 | CPU=840000000 | LPM=0 | TX=0 | RX=0
14:00.236	ID:2	[DATA_SEND] TS=840001 | ID=2 | SEQ=84
14:00.236	ID:2	[WARN: IPv6 Route] No route found
14:00.236	ID:2	[WARN: IPv6 Route] No route found
14:00.335	ID:1	[DATA_RECV] TS=839954 | SRC=2 | SEQ=84 | DELAY_MS=0
14:00.348	ID:4	[NODE_STAT] TS=840001 | ID=4 | OF=0 | PRNT=3 | RANK=768 | PCHG=1 | CPU=840000000 | LPM=0 | TX=0 | RX=0
14:00.348	ID:4	[DATA_SEND] TS=840001 | ID=4 | SEQ=84
14:00.348	ID:4	[WARN: IPv6 Route] No route found
14:00.348	ID:4	[WARN: IPv6 Route] No route found
14:00.391	ID:3	[WARN: IPv6 Route] No route found
14:00.391	ID:3	[WARN: IPv6 Route] No route found
14:00.398	ID:1	[DATA_RECV] TS=840017 | SRC=4 | SEQ=84 | DELAY_MS=16
14:00.715	ID:5	[NODE_STAT] TS=840001 | ID=5 | OF=0 | PRNT=4 | RANK=1024 | PCHG=2 | CPU=840000000 | LPM=0 | TX=0 | RX=0
14:00.715	ID:5	[DATA_SEND] TS=840001 | ID=5 | SEQ=83
14:00.715	ID:5	[WARN: IPv6 Route] No route found
14:00.715	ID:5	[WARN: IPv6 Route] No route found
14:00.749	ID:4	[WARN: IPv6 Route] No route found
14:00.749	ID:4	[WARN: IPv6 Route] No route found
14:00.784	ID:3	[WARN: IPv6 Route] No route found
14:00.784	ID:3	[WARN: IPv6 Route] No route found
14:00.818	ID:1	[DATA_RECV] TS=840437 | SRC=5 | SEQ=83 | DELAY_MS=436
14:00.899	ID:3	[NODE_STAT] TS=840001 | ID=3 | OF=0 | PRNT=1 | RANK=512 | PCHG=1 | CPU=840000000 | LPM=0 | TX=0 | RX=0
14:00.899	ID:3	[DATA_SEND] TS=840001 | ID=3 | SEQ=84
14:00.899	ID:3	[WARN: IPv6 Route] No route found
14:00.899	ID:3	[WARN: IPv6 Route] No route found
14:00.931	ID:1	[DATA_RECV] TS=840550 | SRC=3 | SEQ=84 | DELAY_MS=549
14:10.236	ID:2	[NODE_STAT] TS=850001 | ID=2 | OF=0 | PRNT=1 | RANK=1792 | PCHG=1 | CPU=850000000 | LPM=0 | TX=0 | RX=0
14:10.236	ID:2	[DATA_SEND] TS=850001 | ID=2 | SEQ=85
14:10.236	ID:2	[WARN: IPv6 Route] No route found
14:10.236	ID:2	[WARN: IPv6 Route] No route found
14:10.273	ID:1	[DATA_RECV] TS=849892 | SRC=2 | SEQ=85 | DELAY_MS=0
14:10.348	ID:4	[NODE_STAT] TS=850001 | ID=4 | OF=0 | PRNT=3 | RANK=768 | PCHG=1 | CPU=850000000 | LPM=0 | TX=0 | RX=0
14:10.348	ID:4	[DATA_SEND] TS=850001 | ID=4 | SEQ=85
14:10.348	ID:4	[WARN: IPv6 Route] No route found
14:10.348	ID:4	[WARN: IPv6 Route] No route found
14:10.366	ID:3	[WARN: IPv6 Route] No route found
14:10.366	ID:3	[WARN: IPv6 Route] No route found
14:10.412	ID:1	[DATA_RECV] TS=850031 | SRC=4 | SEQ=85 | DELAY_MS=30
14:10.715	ID:5	[NODE_STAT] TS=850001 | ID=5 | OF=0 | PRNT=4 | RANK=1024 | PCHG=2 | CPU=850000000 | LPM=0 | TX=0 | RX=0
14:10.715	ID:5	[DATA_SEND] TS=850001 | ID=5 | SEQ=84
14:10.715	ID:5	[WARN: IPv6 Route] No route found
14:10.715	ID:5	[WARN: IPv6 Route] No route found
14:10.748	ID:4	[WARN: IPv6 Route] No route found
14:10.748	ID:4	[WARN: IPv6 Route] No route found
14:10.773	ID:3	[WARN: IPv6 Route] No route found
14:10.773	ID:3	[WARN: IPv6 Route] No route found
14:10.787	ID:1	[DATA_RECV] TS=850406 | SRC=5 | SEQ=84 | DELAY_MS=405
14:10.899	ID:3	[NODE_STAT] TS=850001 | ID=3 | OF=0 | PRNT=1 | RANK=512 | PCHG=1 | CPU=850000000 | LPM=0 | TX=0 | RX=0
14:10.899	ID:3	[DATA_SEND] TS=850001 | ID=3 | SEQ=85
14:10.899	ID:3	[WARN: IPv6 Route] No route found
14:10.899	ID:3	[WARN: IPv6 Route] No route found
14:10.915	ID:1	[DATA_RECV] TS=850534 | SRC=3 | SEQ=85 | DELAY_MS=533
14:20.236	ID:2	[NODE_STAT] TS=860001 | ID=2 | OF=0 | PRNT=1 | RANK=1536 | PCHG=1 | CPU=860000000 | LPM=0 | TX=0 | RX=0
14:20.236	ID:2	[DATA_SEND] TS=860001 | ID=2 | SEQ=86
14:20.236	ID:2	[WARN: IPv6 Route] No route found
14:20.236	ID:2	[WARN: IPv6 Route] No route found
14:20.348	ID:4	[NODE_STAT] TS=860001 | ID=4 | OF=0 | PRNT=3 | RANK=768 | PCHG=1 | CPU=860000000 | LPM=0 | TX=0 | RX=0
14:20.348	ID:4	[DATA_SEND] TS=860001 | ID=4 | SEQ=86
14:20.348	ID:4	[WARN: IPv6 Route] No route found
14:20.348	ID:4	[WARN: IPv6 Route] No route found
14:20.359	ID:3	[WARN: IPv6 Route] No route found
14:20.359	ID:3	[WARN: IPv6 Route] No route found
14:20.362	ID:1	[DATA_RECV] TS=859981 | SRC=2 | SEQ=86 | DELAY_MS=0
14:20.391	ID:1	[DATA_RECV] TS=860010 | SRC=4 | SEQ=86 | DELAY_MS=9
14:20.715	ID:5	[NODE_STAT] TS=860001 | ID=5 | OF=0 | PRNT=4 | RANK=1024 | PCHG=2 | CPU=860000000 | LPM=0 | TX=0 | RX=0
14:20.715	ID:5	[DATA_SEND] TS=860001 | ID=5 | SEQ=85
14:20.715	ID:5	[WARN: IPv6 Route] No route found
14:20.715	ID:5	[WARN: IPv6 Route] No route found
14:20.737	ID:4	[WARN: IPv6 Route] No route found
14:20.737	ID:4	[WARN: IPv6 Route] No route found
14:20.754	ID:3	[WARN: IPv6 Route] No route found
14:20.754	ID:3	[WARN: IPv6 Route] No route found
14:20.791	ID:1	[DATA_RECV] TS=860410 | SRC=5 | SEQ=85 | DELAY_MS=409
14:20.899	ID:3	[NODE_STAT] TS=860001 | ID=3 | OF=0 | PRNT=1 | RANK=512 | PCHG=1 | CPU=860000000 | LPM=0 | TX=0 | RX=0
14:20.899	ID:3	[DATA_SEND] TS=860001 | ID=3 | SEQ=86
14:20.899	ID:3	[WARN: IPv6 Route] No route found
14:20.899	ID:3	[WARN: IPv6 Route] No route found
14:20.915	ID:1	[DATA_RECV] TS=860534 | SRC=3 | SEQ=86 | DELAY_MS=533
14:30.236	ID:2	[NODE_STAT] TS=870001 | ID=2 | OF=0 | PRNT=1 | RANK=1792 | PCHG=1 | CPU=870000000 | LPM=0 | TX=0 | RX=0
14:30.236	ID:2	[DATA_SEND] TS=870001 | ID=2 | SEQ=87
14:30.236	ID:2	[WARN: IPv6 Route] No route found
14:30.236	ID:2	[WARN: IPv6 Route] No route found
14:30.348	ID:4	[NODE_STAT] TS=870001 | ID=4 | OF=0 | PRNT=3 | RANK=768 | PCHG=1 | CPU=870000000 | LPM=0 | TX=0 | RX=0
14:30.348	ID:4	[DATA_SEND] TS=870001 | ID=4 | SEQ=87
14:30.348	ID:4	[WARN: IPv6 Route] No route found
14:30.348	ID:4	[WARN: IPv6 Route] No route found
14:30.383	ID:1	[DATA_RECV] TS=870002 | SRC=2 | SEQ=87 | DELAY_MS=1
14:30.388	ID:3	[WARN: IPv6 Route] No route found
14:30.388	ID:3	[WARN: IPv6 Route] No route found
14:30.394	ID:1	[DATA_RECV] TS=870013 | SRC=4 | SEQ=87 | DELAY_MS=12
14:30.715	ID:5	[NODE_STAT] TS=870001 | ID=5 | OF=0 | PRNT=4 | RANK=1024 | PCHG=2 | CPU=870000000 | LPM=0 | TX=0 | RX=0
14:30.715	ID:5	[DATA_SEND] TS=870001 | ID=5 | SEQ=86
14:30.715	ID:5	[WARN: IPv6 Route] No route found
14:30.715	ID:5	[WARN: IPv6 Route] No route found
14:30.726	ID:4	[WARN: IPv6 Route] No route found
14:30.726	ID:4	[WARN: IPv6 Route] No route found
14:30.772	ID:3	[WARN: IPv6 Route] No route found
14:30.772	ID:3	[WARN: IPv6 Route] No route found
14:30.811	ID:1	[DATA_RECV] TS=870430 | SRC=5 | SEQ=86 | DELAY_MS=429
14:30.899	ID:3	[NODE_STAT] TS=870001 | ID=3 | OF=0 | PRNT=1 | RANK=512 | PCHG=1 | CPU=870000000 | LPM=0 | TX=0 | RX=0
14:30.899	ID:3	[DATA_SEND] TS=870001 | ID=3 | SEQ=87
14:30.899	ID:3	[WARN: IPv6 Route] No route found
14:30.899	ID:3	[WARN: IPv6 Route] No route found
14:30.909	ID:1	[DATA_RECV] TS=870528 | SRC=3 | SEQ=87 | DELAY_MS=527
14:40.236	ID:2	[NODE_STAT] TS=880001 | ID=2 | OF=0 | PRNT=1 | RANK=2048 | PCHG=1 | CPU=880000000 | LPM=0 | TX=0 | RX=0
14:40.236	ID:2	[DATA_SEND] TS=880001 | ID=2 | SEQ=88
14:40.236	ID:2	[WARN: IPv6 Route] No route found
14:40.236	ID:2	[WARN: IPv6 Route] No route found
14:40.264	ID:1	[DATA_RECV] TS=879883 | SRC=2 | SEQ=88 | DELAY_MS=0
14:40.348	ID:4	[NODE_STAT] TS=880001 | ID=4 | OF=0 | PRNT=3 | RANK=768 | PCHG=1 | CPU=880000000 | LPM=0 | TX=0 | RX=0
14:40.348	ID:4	[DATA_SEND] TS=880001 | ID=4 | SEQ=88
14:40.348	ID:4	[WARN: IPv6 Route] No route found
14:40.348	ID:4	[WARN: IPv6 Route] No route found
14:40.357	ID:3	[WARN: IPv6 Route] No route found
14:40.357	ID:3	[WARN: IPv6 Route] No route found
14:40.372	ID:1	[DATA_RECV] TS=879991 | SRC=4 | SEQ=88 | DELAY_MS=0
14:40.715	ID:5	[NODE_STAT] TS=880001 | ID=5 | OF=0 | PRNT=4 | RANK=1024 | PCHG=2 | CPU=880000000 | LPM=0 | TX=0 | RX=0
14:40.715	ID:5	[DATA_SEND] TS=880001 | ID=5 | SEQ=87
14:40.715	ID:5	[WARN: IPv6 Route] No route found
14:40.715	ID:5	[WARN: IPv6 Route] No route found
14:40.737	ID:4	[WARN: IPv6 Route] No route found
14:40.737	ID:4	[WARN: IPv6 Route] No route found
14:40.760	ID:3	[WARN: IPv6 Route] No route found
14:40.760	ID:3	[WARN: IPv6 Route] No route found
14:40.777	ID:1	[DATA_RECV] TS=880396 | SRC=5 | SEQ=87 | DELAY_MS=395
14:40.899	ID:3	[NODE_STAT] TS=880001 | ID=3 | OF=0 | PRNT=1 | RANK=512 | PCHG=1 | CPU=880000000 | LPM=0 | TX=0 | RX=0
14:40.899	ID:3	[DATA_SEND] TS=880001 | ID=3 | SEQ=88
14:40.899	ID:3	[WARN: IPv6 Route] No route found
14:40.899	ID:3	[WARN: IPv6 Route] No route found
14:40.927	ID:1	[DATA_RECV] TS=880546 | SRC=3 | SEQ=88 | DELAY_MS=545
14:50.236	ID:2	[NODE_STAT] TS=890001 | ID=2 | OF=0 | PRNT=1 | RANK=1792 | PCHG=1 | CPU=890000000 | LPM=0 | TX=0 | RX=0
14:50.236	ID:2	[DATA_SEND] TS=890001 | ID=2 | SEQ=89
14:50.236	ID:2	[WARN: IPv6 Route] No route found
14:50.236	ID:2	[WARN: IPv6 Route] No route found
14:50.291	ID:1	[DATA_RECV] TS=889910 | SRC=2 | SEQ=89 | DELAY_MS=0
14:50.348	ID:4	[NODE_STAT] TS=890001 | ID=4 | OF=0 | PRNT=3 | RANK=768 | PCHG=1 | CPU=890000000 | LPM=0 | TX=0 | RX=0
14:50.348	ID:4	[DATA_SEND] TS=890001 | ID=4 | SEQ=89
14:50.348	ID:4	[WARN: IPv6 Route] No route found
14:50.348	ID:4	[WARN: IPv6 Route] No route found
14:50.392	ID:3	[WARN: IPv6 Route] No route found
14:50.392	ID:3	[WARN: IPv6 Route] No route found
14:50.411	ID:1	[DATA_RECV] TS=890030 | SRC=4 | SEQ=89 | DELAY_MS=29
14:50.715	ID:5	[NODE_STAT] TS=890001 | ID=5 | OF=0 | PRNT=4 | RANK=1024 | PCHG=2 | CPU=890000000 | LPM=0 | TX=0 | RX=0
14:50.715	ID:5	[DATA_SEND] TS=890001 | ID=5 | SEQ=88
14:50.715	ID:5	[WARN: IPv6 Route] No route found
14:50.715	ID:5	[WARN: IPv6 Route] No route found
14:50.740	ID:4	[WARN: IPv6 Route] No route found
14:50.740	ID:4	[WARN: IPv6 Route] No route found
14:50.777	ID:3	[WARN: IPv6 Route] No route found
14:50.777	ID:3	[WARN: IPv6 Route] No route found
14:50.796	ID:1	[DATA_RECV] TS=890415 | SRC=5 | SEQ=88 | DELAY_MS=414
14:50.899	ID:3	[NODE_STAT] TS=890001 | ID=3 | OF=0 | PRNT=1 | RANK=512 | PCHG=1 | CPU=890000000 | LPM=0 | TX=0 | RX=0
14:50.899	ID:3	[DATA_SEND] TS=890001 | ID=3 | SEQ=89
14:50.899	ID:3	[WARN: IPv6 Route] No route found
14:50.899	ID:3	[WARN: IPv6 Route] No route found
14:50.917	ID:1	[DATA_RECV] TS=890536 | SRC=3 | SEQ=89 | DELAY_MS=535
15:00.236	ID:2	[NODE_STAT] TS=900001 | ID=2 | OF=0 | PRNT=1 | RANK=1792 | PCHG=1 | CPU=900000000 | LPM=0 | TX=0 | RX=0
15:00.236	ID:2	[DATA_SEND] TS=900001 | ID=2 | SEQ=90
15:00.236	ID:2	[WARN: IPv6 Route] No route found
15:00.236	ID:2	[WARN: IPv6 Route] No route found
15:00.321	ID:1	[DATA_RECV] TS=899940 | SRC=2 | SEQ=90 | DELAY_MS=0
15:00.348	ID:4	[NODE_STAT] TS=900001 | ID=4 | OF=0 | PRNT=3 | RANK=768 | PCHG=1 | CPU=900000000 | LPM=0 | TX=0 | RX=0
15:00.348	ID:4	[DATA_SEND] TS=900001 | ID=4 | SEQ=90
15:00.348	ID:4	[WARN: IPv6 Route] No route found
15:00.348	ID:4	[WARN: IPv6 Route] No route found
15:00.355	ID:3	[WARN: IPv6 Route] No route found
15:00.355	ID:3	[WARN: IPv6 Route] No route found
15:00.366	ID:1	[DATA_RECV] TS=899985 | SRC=4 | SEQ=90 | DELAY_MS=0
15:00.715	ID:5	[NODE_STAT] TS=900001 | ID=5 | OF=0 | PRNT=4 | RANK=1024 | PCHG=2 | CPU=900000000 | LPM=0 | TX=0 | RX=0
15:00.715	ID:5	[DATA_SEND] TS=900001 | ID=5 | SEQ=89
15:00.715	ID:5	[WARN: IPv6 Route] No route found
15:00.715	ID:5	[WARN: IPv6 Route] No route found
15:00.733	ID:4	[WARN: IPv6 Route] No route found
15:00.733	ID:4	[WARN: IPv6 Route] No route found
15:00.743	ID:3	[WARN: IPv6 Route] No route found
15:00.743	ID:3	[WARN: IPv6 Route] No route found
15:00.750	ID:1	[DATA_RECV] TS=900369 | SRC=5 | SEQ=89 | DELAY_MS=368
15:00.899	ID:3	[NODE_STAT] TS=900001 | ID=3 | OF=0 | PRNT=1 | RANK=512 | PCHG=1 | CPU=900000000 | LPM=0 | TX=0 | RX=0
15:00.899	ID:3	[DATA_SEND] TS=900001 | ID=3 | SEQ=90
15:00.899	ID:3	[WARN: IPv6 Route] No route found
15:00.899	ID:3	[WARN: IPv6 Route] No route found
15:00.926	ID:1	[DATA_RECV] TS=900545 | SRC=3 | SEQ=90 | DELAY_MS=544
15:10.236	ID:2	[NODE_STAT] TS=910001 | ID=2 | OF=0 | PRNT=1 | RANK=1792 | PCHG=1 | CPU=910000000 | LPM=0 | TX=0 | RX=0
15:10.236	ID:2	[DATA_SEND] TS=910001 | ID=2 | SEQ=91
15:10.236	ID:2	[WARN: IPv6 Route] No route found
15:10.236	ID:2	[WARN: IPv6 Route] No route found
15:10.275	ID:1	[DATA_RECV] TS=909894 | SRC=2 | SEQ=91 | DELAY_MS=0
15:10.348	ID:4	[NODE_STAT] TS=910001 | ID=4 | OF=0 | PRNT=3 | RANK=768 | PCHG=1 | CPU=910000000 | LPM=0 | TX=0 | RX=0
15:10.348	ID:4	[DATA_SEND] TS=910001 | ID=4 | SEQ=91
15:10.348	ID:4	[WARN: IPv6 Route] No route found
15:10.348	ID:4	[WARN: IPv6 Route] No route found
15:10.381	ID:3	[WARN: IPv6 Route] No route found
15:10.381	ID:3	[WARN: IPv6 Route] No route found
15:10.412	ID:1	[DATA_RECV] TS=910031 | SRC=4 | SEQ=91 | DELAY_MS=30
15:10.715	ID:5	[NODE_STAT] TS=910001 | ID=5 | OF=0 | PRNT=4 | RANK=1024 | PCHG=2 | CPU=910000000 | LPM=0 | TX=0 | RX=0
15:10.715	ID:5	[DATA_SEND] TS=910001 | ID=5 | SEQ=90
15:10.715	ID:5	[WARN: IPv6 Route] No route found
15:10.715	ID:5	[WARN: IPv6 Route] No route found
15:10.745	ID:4	[WARN: IPv6 Route] No route found
15:10.745	ID:4	[WARN: IPv6 Route] No route found
15:10.787	ID:3	[WARN: IPv6 Route] No route found
15:10.787	ID:3	[WARN: IPv6 Route] No route found
15:10.806	ID:1	[DATA_RECV] TS=910425 | SRC=5 | SEQ=90 | DELAY_MS=424
15:10.899	ID:3	[NODE_STAT] TS=910001 | ID=3 | OF=0 | PRNT=1 | RANK=512 | PCHG=1 | CPU=910000000 | LPM=0 | TX=0 | RX=0
15:10.899	ID:3	[DATA_SEND] TS=910001 | ID=3 | SEQ=91
15:10.899	ID:3	[WARN: IPv6 Route] No route found
15:10.899	ID:3	[WARN: IPv6 Route] No route found
15:10.936	ID:1	[DATA_RECV] TS=910555 | SRC=3 | SEQ=91 | DELAY_MS=554
15:20.236	ID:2	[NODE_STAT] TS=920001 | ID=2 | OF=0 | PRNT=1 | RANK=1792 | PCHG=1 | CPU=920000000 | LPM=0 | TX=0 | RX=0
15:20.236	ID:2	[DATA_SEND] TS=920001 | ID=2 | SEQ=92
15:20.236	ID:2	[WARN: IPv6 Route] No route found
15:20.236	ID:2	[WARN: IPv6 Route] No route found
15:20.313	ID:1	[DATA_RECV] TS=919932 | SRC=2 | SEQ=92 | DELAY_MS=0
15:20.348	ID:4	[NODE_STAT] TS=920001 | ID=4 | OF=0 | PRNT=3 | RANK=768 | PCHG=1 | CPU=920000000 | LPM=0 | TX=0 | RX=0
15:20.348	ID:4	[DATA_SEND] TS=920001 | ID=4 | SEQ=92
15:20.348	ID:4	[WARN: IPv6 Route] No route found
15:20.348	ID:4	[WARN: IPv6 Route] No route found
15:20.369	ID:3	[WARN: IPv6 Route] No route found
15:20.369	ID:3	[WARN: IPv6 Route] No route found
15:20.388	ID:1	[DATA_RECV] TS=920007 | SRC=4 | SEQ=92 | DELAY_MS=6
15:20.715	ID:5	[NODE_STAT] TS=920001 | ID=5 | OF=0 | PRNT=4 | RANK=1024 | PCHG=2 | CPU=920000000 | LPM=0 | TX=0 | RX=0
15:20.715	ID:5	[DATA_SEND] TS=920001 | ID=5 | SEQ=91
15:20.715	ID:5	[WARN: IPv6 Route] No route found
15:20.715	ID:5	[WARN: IPv6 Route] No route found
15:20.730	ID:4	[WARN: IPv6 Route] No route found
15:20.730	ID:4	[WARN: IPv6 Route] No route found
15:20.754	ID:3	[WARN: IPv6 Route] No route found
15:20.754	ID:3	[WARN: IPv6 Route] No route found
15:20.793	ID:1	[DATA_RECV] TS=920412 | SRC=5 | SEQ=91 | DELAY_MS=411
15:20.899	ID:3	[NODE_STAT] TS=920001 | ID=3 | OF=0 | PRNT=1 | RANK=512 | PCHG=1 | CPU=920000000 | LPM=0 | TX=0 | RX=0
15:20.899	ID:3	[DATA_SEND] TS=920001 | ID=3 | SEQ=92
15:20.899	ID:3	[WARN: IPv6 Route] No route found
15:20.899	ID:3	[WARN: IPv6 Route] No route found
15:20.912	ID:1	[DATA_RECV] TS=920531 | SRC=3 | SEQ=92 | DELAY_MS=530
15:30.236	ID:2	[NODE_STAT] TS=930001 | ID=2 | OF=0 | PRNT=1 | RANK=1792 | PCHG=1 | CPU=930000000 | LPM=0 | TX=0 | RX=0
15:30.236	ID:2	[DATA_SEND] TS=930001 | ID=2 | SEQ=93
15:30.236	ID:2	[WARN: IPv6 Route] No route found
15:30.236	ID:2	[WARN: IPv6 Route] No route found
15:30.314	ID:1	[DATA_RECV] TS=929933 | SRC=2 | SEQ=93 | DELAY_MS=0
15:30.348	ID:4	[NODE_STAT] TS=930001 | ID=4 | OF=0 | PRNT=3 | RANK=768 | PCHG=1 | CPU=930000000 | LPM=0 | TX=0 | RX=0
15:30.348	ID:4	[DATA_SEND] TS=930001 | ID=4 | SEQ=93
15:30.348	ID:4	[WARN: IPv6 Route] No route found
15:30.348	ID:4	[WARN: IPv6 Route] No route found
15:30.362	ID:3	[WARN: IPv6 Route] No route found
15:30.362	ID:3	[WARN: IPv6 Route] No route found
15:30.371	ID:1	[DATA_RECV] TS=929990 | SRC=4 | SEQ=93 | DELAY_MS=0
15:30.715	ID:5	[NODE_STAT] TS=930001 | ID=5 | OF=0 | PRNT=4 | RANK=1024 | PCHG=2 | CPU=930000000 | LPM=0 | TX=0 | RX=0
15:30.715	ID:5	[DATA_SEND] TS=930001 | ID=5 | SEQ=92
15:30.715	ID:5	[WARN: IPv6 Route] No route found
15:30.715	ID:5	[WARN: IPv6 Route] No route found
15:30.759	ID:4	[WARN: IPv6 Route] No route found
15:30.759	ID:4	[WARN: IPv6 Route] No route found
15:30.797	ID:3	[WARN: IPv6 Route] No route found
15:30.797	ID:3	[WARN: IPv6 Route] No route found
15:30.831	ID:1	[DATA_RECV] TS=930450 | SRC=5 | SEQ=92 | DELAY_MS=449
15:30.899	ID:3	[NODE_STAT] TS=930001 | ID=3 | OF=0 | PRNT=1 | RANK=512 | PCHG=1 | CPU=930000000 | LPM=0 | TX=0 | RX=0
15:30.899	ID:3	[DATA_SEND] TS=930001 | ID=3 | SEQ=93
15:30.899	ID:3	[WARN: IPv6 Route] No route found
15:30.899	ID:3	[WARN: IPv6 Route] No route found
15:30.933	ID:1	[DATA_RECV] TS=930552 | SRC=3 | SEQ=93 | DELAY_MS=551
15:40.236	ID:2	[NODE_STAT] TS=940001 | ID=2 | OF=0 | PRNT=1 | RANK=1792 | PCHG=1 | CPU=940000000 | LPM=0 | TX=0 | RX=0
15:40.236	ID:2	[DATA_SEND] TS=940001 | ID=2 | SEQ=94
15:40.236	ID:2	[WARN: IPv6 Route] No route found
15:40.236	ID:2	[WARN: IPv6 Route] No route found
15:40.305	ID:1	[DATA_RECV] TS=939924 | SRC=2 | SEQ=94 | DELAY_MS=0
15:40.348	ID:4	[NODE_STAT] TS=940001 | ID=4 | OF=0 | PRNT=3 | RANK=768 | PCHG=1 | CPU=940000000 | LPM=0 | TX=0 | RX=0
15:40.348	ID:4	[DATA_SEND] TS=940001 | ID=4 | SEQ=94
15:40.348	ID:4	[WARN: IPv6 Route] No route found
15:40.348	ID:4	[WARN: IPv6 Route] No route found
15:40.366	ID:3	[WARN: IPv6 Route] No route found
15:40.366	ID:3	[WARN: IPv6 Route] No route found
15:40.372	ID:1	[DATA_RECV] TS=939991 | SRC=4 | SEQ=94 | DELAY_MS=0
15:40.715	ID:5	[NODE_STAT] TS=940001 | ID=5 | OF=0 | PRNT=4 | RANK=1024 | PCHG=2 | CPU=940000000 | LPM=0 | TX=0 | RX=0
15:40.715	ID:5	[DATA_SEND] TS=940001 | ID=5 | SEQ=93
15:40.715	ID:5	[WARN: IPv6 Route] No route found
15:40.715	ID:5	[WARN: IPv6 Route] No route found
15:40.731	ID:4	[WARN: IPv6 Route] No route found
15:40.731	ID:4	[WARN: IPv6 Route] No route found
15:40.741	ID:3	[WARN: IPv6 Route] No route found
15:40.741	ID:3	[WARN: IPv6 Route] No route found
15:40.750	ID:1	[DATA_RECV] TS=940369 | SRC=5 | SEQ=93 | DELAY_MS=368
15:40.899	ID:3	[NODE_STAT] TS=940001 | ID=3 | OF=0 | PRNT=1 | RANK=512 | PCHG=1 | CPU=940000000 | LPM=0 | TX=0 | RX=0
15:40.899	ID:3	[DATA_SEND] TS=940001 | ID=3 | SEQ=94
15:40.899	ID:3	[WARN: IPv6 Route] No route found
15:40.899	ID:3	[WARN: IPv6 Route] No route found
15:40.914	ID:1	[DATA_RECV] TS=940533 | SRC=3 | SEQ=94 | DELAY_MS=532
15:50.236	ID:2	[NODE_STAT] TS=950001 | ID=2 | OF=0 | PRNT=1 | RANK=1792 | PCHG=1 | CPU=950000000 | LPM=0 | TX=0 | RX=0
15:50.236	ID:2	[DATA_SEND] TS=950001 | ID=2 | SEQ=95
15:50.236	ID:2	[WARN: IPv6 Route] No route found
15:50.236	ID:2	[WARN: IPv6 Route] No route found
15:50.338	ID:1	[DATA_RECV] TS=949957 | SRC=2 | SEQ=95 | DELAY_MS=0
15:50.348	ID:4	[NODE_STAT] TS=950001 | ID=4 | OF=0 | PRNT=3 | RANK=768 | PCHG=1 | CPU=950000000 | LPM=0 | TX=0 | RX=0
15:50.348	ID:4	[DATA_SEND] TS=950001 | ID=4 | SEQ=95
15:50.348	ID:4	[WARN: IPv6 Route] No route found
15:50.348	ID:4	[WARN: IPv6 Route] No route found
15:50.363	ID:3	[WARN: IPv6 Route] No route found
15:50.363	ID:3	[WARN: IPv6 Route] No route found
15:50.400	ID:1	[DATA_RECV] TS=950019 | SRC=4 | SEQ=95 | DELAY_MS=18
15:50.715	ID:5	[NODE_STAT] TS=950001 | ID=5 | OF=0 | PRNT=4 | RANK=1024 | PCHG=2 | CPU=950000000 | LPM=0 | TX=0 | RX=0
15:50.715	ID:5	[DATA_SEND] TS=950001 | ID=5 | SEQ=94
15:50.715	ID:5	[WARN: IPv6 Route] No route found
15:50.715	ID:5	[WARN: IPv6 Route] No route found
15:50.734	ID:4	[WARN: IPv6 Route] No route found
15:50.734	ID:4	[WARN: IPv6 Route] No route found
15:50.742	ID:3	[WARN: IPv6 Route] No route found
15:50.742	ID:3	[WARN: IPv6 Route] No route found
15:50.772	ID:1	[DATA_RECV] TS=950391 | SRC=5 | SEQ=94 | DELAY_MS=390
15:50.899	ID:3	[NODE_STAT] TS=950001 | ID=3 | OF=0 | PRNT=1 | RANK=512 | PCHG=1 | CPU=950000000 | LPM=0 | TX=0 | RX=0
15:50.899	ID:3	[DATA_SEND] TS=950001 | ID=3 | SEQ=95
15:50.899	ID:3	[WARN: IPv6 Route] No route found
15:50.899	ID:3	[WARN: IPv6 Route] No route found
15:50.936	ID:1	[DATA_RECV] TS=950555 | SRC=3 | SEQ=95 | DELAY_MS=554
16:00.236	ID:2	[NODE_STAT] TS=960001 | ID=2 | OF=0 | PRNT=1 | RANK=1792 | PCHG=1 | CPU=960000000 | LPM=0 | TX=0 | RX=0
16:00.236	ID:2	[DATA_SEND] TS=960001 | ID=2 | SEQ=96
16:00.236	ID:2	[WARN: IPv6 Route] No route found
16:00.236	ID:2	[WARN: IPv6 Route] No route found
16:00.255	ID:1	[DATA_RECV] TS=959874 | SRC=2 | SEQ=96 | DELAY_MS=0
16:00.348	ID:4	[NODE_STAT] TS=960001 | ID=4 | OF=0 | PRNT=3 | RANK=768 | PCHG=1 | CPU=960000000 | LPM=0 | TX=0 | RX=0
16:00.348	ID:4	[DATA_SEND] TS=960001 | ID=4 | SEQ=96
16:00.348	ID:4	[WARN: IPv6 Route] No route found
16:00.348	ID:4	[WARN: IPv6 Route] No route found
16:00.376	ID:3	[WARN: IPv6 Route] No route found
16:00.376	ID:3	[WARN: IPv6 Route] No route found
16:00.385	ID:1	[DATA_RECV] TS=960004 | SRC=4 | SEQ=96 | DELAY_MS=3
16:00.715	ID:5	[NODE_STAT] TS=960001 | ID=5 | OF=0 | PRNT=4 | RANK=1024 | PCHG=2 | CPU=960000000 | LPM=0 | TX=0 | RX=0
16:00.715	ID:5	[DATA_SEND] TS=960001 | ID=5 | SEQ=95
16:00.715	ID:5	[WARN: IPv6 Route] No route found
16:00.715	ID:5	[WARN: IPv6 Route] No route found
16:00.731	ID:4	[WARN: IPv6 Route] No route found
16:00.731	ID:4	[WARN: IPv6 Route] No route found
16:00.761	ID:3	[WARN: IPv6 Route] No route found
16:00.761	ID:3	[WARN: IPv6 Route] No route found
16:00.792	ID:1	[DATA_RECV] TS=960411 | SRC=5 | SEQ=95 | DELAY_MS=410
16:00.899	ID:3	[NODE_STAT] TS=960001 | ID=3 | OF=0 | PRNT=1 | RANK=512 | PCHG=1 | CPU=960000000 | LPM=0 | TX=0 | RX=0
16:00.899	ID:3	[DATA_SEND] TS=960001 | ID=3 | SEQ=96
16:00.899	ID:3	[WARN: IPv6 Route] No route found
16:00.899	ID:3	[WARN: IPv6 Route] No route found
16:00.929	ID:1	[DATA_RECV] TS=960548 | SRC=3 | SEQ=96 | DELAY_MS=547
16:10.236	ID:2	[NODE_STAT] TS=970001 | ID=2 | OF=0 | PRNT=1 | RANK=1792 | PCHG=1 | CPU=970000000 | LPM=0 | TX=0 | RX=0
16:10.236	ID:2	[DATA_SEND] TS=970001 | ID=2 | SEQ=97
16:10.236	ID:2	[WARN: IPv6 Route] No route found
16:10.236	ID:2	[WARN: IPv6 Route] No route found
16:10.302	ID:1	[DATA_RECV] TS=969921 | SRC=2 | SEQ=97 | DELAY_MS=0
16:10.348	ID:4	[NODE_STAT] TS=970001 | ID=4 | OF=0 | PRNT=3 | RANK=768 | PCHG=1 | CPU=970000000 | LPM=0 | TX=0 | RX=0
16:10.348	ID:4	[DATA_SEND] TS=970001 | ID=4 | SEQ=97
16:10.348	ID:4	[WARN: IPv6 Route] No route found
16:10.348	ID:4	[WARN: IPv6 Route] No route found
16:10.365	ID:3	[WARN: IPv6 Route] No route found
16:10.365	ID:3	[WARN: IPv6 Route] No route found
16:10.405	ID:1	[DATA_RECV] TS=970024 | SRC=4 | SEQ=97 | DELAY_MS=23
16:10.715	ID:5	[NODE_STAT] TS=970001 | ID=5 | OF=0 | PRNT=4 | RANK=1024 | PCHG=2 | CPU=970000000 | LPM=0 | TX=0 | RX=0
16:10.715	ID:5	[DATA_SEND] TS=970001 | ID=5 | SEQ=96
16:10.715	ID:5	[WARN: IPv6 Route] No route found
16:10.715	ID:5	[WARN: IPv6 Route] No route found
16:10.748	ID:4	[WARN: IPv6 Route] No route found
16:10.748	ID:4	[WARN: IPv6 Route] No route found
16:10.761	ID:3	[WARN: IPv6 Route] No route found
16:10.761	ID:3	[WARN: IPv6 Route] No route found
16:10.775	ID:1	[DATA_RECV] TS=970394 | SRC=5 | SEQ=96 | DELAY_MS=393
16:10.899	ID:3	[NODE_STAT] TS=970001 | ID=3 | OF=0 | PRNT=1 | RANK=512 | PCHG=1 | CPU=970000000 | LPM=0 | TX=0 | RX=0
16:10.899	ID:3	[DATA_SEND] TS=970001 | ID=3 | SEQ=97
16:10.899	ID:3	[WARN: IPv6 Route] No route found
16:10.899	ID:3	[WARN: IPv6 Route] No route found
16:10.906	ID:1	[DATA_RECV] TS=970525 | SRC=3 | SEQ=97 | DELAY_MS=524
16:20.236	ID:2	[NODE_STAT] TS=980001 | ID=2 | OF=0 | PRNT=1 | RANK=1536 | PCHG=1 | CPU=980000000 | LPM=0 | TX=0 | RX=0
16:20.236	ID:2	[DATA_SEND] TS=980001 | ID=2 | SEQ=98
16:20.236	ID:2	[WARN: IPv6 Route] No route found
16:20.236	ID:2	[WARN: IPv6 Route] No route found
16:20.251	ID:1	[DATA_RECV] TS=979870 | SRC=2 | SEQ=98 | DELAY_MS=0
16:20.348	ID:4	[NODE_STAT] TS=980001 | ID=4 | OF=0 | PRNT=3 | RANK=768 | PCHG=1 | CPU=980000000 | LPM=0 | TX=0 | RX=0
16:20.348	ID:4	[DATA_SEND] TS=980001 | ID=4 | SEQ=98
16:20.348	ID:4	[WARN: IPv6 Route] No route found
16:20.348	ID:4	[WARN: IPv6 Route] No route found
16:20.387	ID:3	[WARN: IPv6 Route] No route found
16:20.387	ID:3	[WARN: IPv6 Route] No route found
16:20.412	ID:1	[DATA_RECV] TS=980031 | SRC=4 | SEQ=98 | DELAY_MS=30
16:20.715	ID:5	[NODE_STAT] TS=980001 | ID=5 | OF=0 | PRNT=4 | RANK=1024 | PCHG=2 | CPU=980000000 | LPM=0 | TX=0 | RX=0
16:20.715	ID:5	[DATA_SEND] TS=980001 | ID=5 | SEQ=97
16:20.715	ID:5	[WARN: IPv6 Route] No route found
16:20.715	ID:5	[WARN: IPv6 Route] No route found
16:20.756	ID:4	[WARN: IPv6 Route] No route found
16:20.756	ID:4	[WARN: IPv6 Route] No route found
16:20.763	ID:3	[WARN: IPv6 Route] No route found
16:20.763	ID:3	[WARN: IPv6 Route] No route found
16:20.794	ID:1	[DATA_RECV] TS=980413 | SRC=5 | SEQ=97 | DELAY_MS=412
16:20.899	ID:3	[NODE_STAT] TS=980001 | ID=3 | OF=0 | PRNT=1 | RANK=512 | PCHG=1 | CPU=980000000 | LPM=0 | TX=0 | RX=0
16:20.899	ID:3	[DATA_SEND] TS=980001 | ID=3 | SEQ=98
16:20.899	ID:3	[WARN: IPv6 Route] No route found
16:20.899	ID:3	[WARN: IPv6 Route] No route found
16:20.910	ID:1	[DATA_RECV] TS=980529 | SRC=3 | SEQ=98 | DELAY_MS=528
16:30.236	ID:2	[NODE_STAT] TS=990001 | ID=2 | OF=0 | PRNT=1 | RANK=1536 | PCHG=1 | CPU=990000000 | LPM=0 | TX=0 | RX=0
16:30.236	ID:2	[DATA_SEND] TS=990001 | ID=2 | SEQ=99
16:30.236	ID:2	[WARN: IPv6 Route] No route found
16:30.236	ID:2	[WARN: IPv6 Route] No route found
16:30.242	ID:1	[DATA_RECV] TS=989861 | SRC=2 | SEQ=99 | DELAY_MS=0
16:30.348	ID:4	[NODE_STAT] TS=990001 | ID=4 | OF=0 | PRNT=3 | RANK=768 | PCHG=1 | CPU=990000000 | LPM=0 | TX=0 | RX=0
16:30.348	ID:4	[DATA_SEND] TS=990001 | ID=4 | SEQ=99
16:30.348	ID:4	[WARN: IPv6 Route] No route found
16:30.348	ID:4	[WARN: IPv6 Route] No route found
16:30.360	ID:3	[WARN: IPv6 Route] No route found
16:30.360	ID:3	[WARN: IPv6 Route] No route found
16:30.369	ID:1	[DATA_RECV] TS=989988 | SRC=4 | SEQ=99 | DELAY_MS=0
16:30.715	ID:5	[NODE_STAT] TS=990001 | ID=5 | OF=0 | PRNT=4 | RANK=1024 | PCHG=2 | CPU=990000000 | LPM=0 | TX=0 | RX=0
16:30.715	ID:5	[DATA_SEND] TS=990001 | ID=5 | SEQ=98
16:30.715	ID:5	[WARN: IPv6 Route] No route found
16:30.715	ID:5	[WARN: IPv6 Route] No route found
16:30.749	ID:4	[WARN: IPv6 Route] No route found
16:30.749	ID:4	[WARN: IPv6 Route] No route found
16:30.758	ID:3	[WARN: IPv6 Route] No route found
16:30.758	ID:3	[WARN: IPv6 Route] No route found
16:30.777	ID:1	[DATA_RECV] TS=990396 | SRC=5 | SEQ=98 | DELAY_MS=395
16:30.899	ID:3	[NODE_STAT] TS=990001 | ID=3 | OF=0 | PRNT=1 | RANK=512 | PCHG=1 | CPU=990000000 | LPM=0 | TX=0 | RX=0
16:30.899	ID:3	[DATA_SEND] TS=990001 | ID=3 | SEQ=99
16:30.899	ID:3	[WARN: IPv6 Route] No route found
16:30.899	ID:3	[WARN: IPv6 Route] No route found
16:30.943	ID:1	[DATA_RECV] TS=990562 | SRC=3 | SEQ=99 | DELAY_MS=561
16:40.236	ID:2	[NODE_STAT] TS=1000001 | ID=2 | OF=0 | PRNT=1 | RANK=1280 | PCHG=1 | CPU=1000000000 | LPM=0 | TX=0 | RX=0
16:40.236	ID:2	[DATA_SEND] TS=1000001 | ID=2 | SEQ=100
16:40.236	ID:2	[WARN: IPv6 Route] No route found
16:40.236	ID:2	[WARN: IPv6 Route] No route found
16:40.293	ID:1	[DATA_RECV] TS=999912 | SRC=2 | SEQ=100 | DELAY_MS=0
16:40.348	ID:4	[NODE_STAT] TS=1000001 | ID=4 | OF=0 | PRNT=3 | RANK=768 | PCHG=1 | CPU=1000000000 | LPM=0 | TX=0 | RX=0
16:40.348	ID:4	[DATA_SEND] TS=1000001 | ID=4 | SEQ=100
16:40.348	ID:4	[WARN: IPv6 Route] No route found
16:40.348	ID:4	[WARN: IPv6 Route] No route found
16:40.367	ID:3	[WARN: IPv6 Route] No route found
16:40.367	ID:3	[WARN: IPv6 Route] No route found
16:40.394	ID:1	[DATA_RECV] TS=1000013 | SRC=4 | SEQ=100 | DELAY_MS=12
16:40.715	ID:5	[NODE_STAT] TS=1000001 | ID=5 | OF=0 | PRNT=4 | RANK=1024 | PCHG=2 | CPU=1000000000 | LPM=0 | TX=0 | RX=0
16:40.715	ID:5	[DATA_SEND] TS=1000001 | ID=5 | SEQ=99
16:40.715	ID:5	[WARN: IPv6 Route] No route found
16:40.715	ID:5	[WARN: IPv6 Route] No route found
16:40.740	ID:4	[WARN: IPv6 Route] No route found
16:40.740	ID:4	[WARN: IPv6 Route] No route found
16:40.773	ID:3	[WARN: IPv6 Route] No route found
16:40.773	ID:3	[WARN: IPv6 Route] No route found
16:40.778	ID:1	[DATA_RECV] TS=1000397 | SRC=5 | SEQ=99 | DELAY_MS=396
16:40.899	ID:3	[NODE_STAT] TS=1000001 | ID=3 | OF=0 | PRNT=1 | RANK=512 | PCHG=1 | CPU=1000000000 | LPM=0 | TX=0 | RX=0
16:40.899	ID:3	[DATA_SEND] TS=1000001 | ID=3 | SEQ=100
16:40.899	ID:3	[WARN: IPv6 Route] No route found
16:40.899	ID:3	[WARN: IPv6 Route] No route found
16:40.938	ID:1	[DATA_RECV] TS=1000557 | SRC=3 | SEQ=100 | DELAY_MS=556
16:50.236	ID:2	[NODE_STAT] TS=1010001 | ID=2 | OF=0 | PRNT=1 | RANK=1536 | PCHG=1 | CPU=1010000000 | LPM=0 | TX=0 | RX=0
16:50.236	ID:2	[DATA_SEND] TS=1010001 | ID=2 | SEQ=101
16:50.236	ID:2	[WARN: IPv6 Route] No route found
16:50.236	ID:2	[WARN: IPv6 Route] No route found
16:50.260	ID:1	[DATA_RECV] TS=1009879 | SRC=2 | SEQ=101 | DELAY_MS=0
16:50.348	ID:4	[NODE_STAT] TS=1010001 | ID=4 | OF=0 | PRNT=3 | RANK=768 | PCHG=1 | CPU=1010000000 | LPM=0 | TX=0 | RX=0
16:50.348	ID:4	[DATA_SEND] TS=1010001 | ID=4 | SEQ=101
16:50.348	ID:4	[WARN: IPv6 Route] No route found
16:50.348	ID:4	[WARN: IPv6 Route] No route found
16:50.387	ID:3	[WARN: IPv6 Route] No route found
16:50.387	ID:3	[WARN: IPv6 Route] No route found
16:50.430	ID:1	[DATA_RECV] TS=1010049 | SRC=4 | SEQ=101 | DELAY_MS=48
16:50.715	ID:5	[NODE_STAT] TS=1010001 | ID=5 | OF=0 | PRNT=4 | RANK=1024 | PCHG=2 | CPU=1010000000 | LPM=0 | TX=0 | RX=0
16:50.715	ID:5	[DATA_SEND] TS=1010001 | ID=5 | SEQ=100
16:50.715	ID:5	[WARN: IPv6 Route] No route found
16:50.715	ID:5	[WARN: IPv6 Route] No route found
16:50.734	ID:4	[WARN: IPv6 Route] No route found
16:50.734	ID:4	[WARN: IPv6 Route] No route found
16:50.767	ID:3	[WARN: IPv6 Route] No route found
16:50.767	ID:3	[WARN: IPv6 Route] No route found
16:50.772	ID:1	[DATA_RECV] TS=1010391 | SRC=5 | SEQ=100 | DELAY_MS=390
16:50.899	ID:3	[NODE_STAT] TS=1010001 | ID=3 | OF=0 | PRNT=1 | RANK=512 | PCHG=1 | CPU=1010000000 | LPM=0 | TX=0 | RX=0
16:50.899	ID:3	[DATA_SEND] TS=1010001 | ID=3 | SEQ=101
16:50.899	ID:3	[WARN: IPv6 Route] No route found
16:50.899	ID:3	[WARN: IPv6 Route] No route found
16:50.913	ID:1	[DATA_RECV] TS=1010532 | SRC=3 | SEQ=101 | DELAY_MS=531
17:00.236	ID:2	[NODE_STAT] TS=1020001 | ID=2 | OF=0 | PRNT=1 | RANK=1280 | PCHG=1 | CPU=1020000000 | LPM=0 | TX=0 | RX=0
17:00.236	ID:2	[DATA_SEND] TS=1020001 | ID=2 | SEQ=102
17:00.236	ID:2	[WARN: IPv6 Route] No route found
17:00.236	ID:2	[WARN: IPv6 Route] No route found
17:00.244	ID:1	[DATA_RECV] TS=1019863 | SRC=2 | SEQ=102 | DELAY_MS=0
17:00.348	ID:4	[NODE_STAT] TS=1020001 | ID=4 | OF=0 | PRNT=3 | RANK=768 | PCHG=1 | CPU=1020000000 | LPM=0 | TX=0 | RX=0
17:00.348	ID:4	[DATA_SEND] TS=1020001 | ID=4 | SEQ=102
17:00.348	ID:4	[WARN: IPv6 Route] No route found
17:00.348	ID:4	[WARN: IPv6 Route] No route found
17:00.367	ID:3	[WARN: IPv6 Route] No route found
17:00.367	ID:3	[WARN: IPv6 Route] No route found
17:00.385	ID:1	[DATA_RECV] TS=1020004 | SRC=4 | SEQ=102 | DELAY_MS=3
17:00.715	ID:5	[NODE_STAT] TS=1020001 | ID=5 | OF=0 | PRNT=4 | RANK=1024 | PCHG=2 | CPU=1020000000 | LPM=0 | TX=0 | RX=0
17:00.715	ID:5	[DATA_SEND] TS=1020001 | ID=5 | SEQ=101
17:00.715	ID:5	[WARN: IPv6 Route] No route found
17:00.715	ID:5	[WARN: IPv6 Route] No route found
17:00.751	ID:4	[WARN: IPv6 Route] No route found
17:00.751	ID:4	[WARN: IPv6 Route] No route found
17:00.764	ID:3	[WARN: IPv6 Route] No route found
17:00.764	ID:3	[WARN: IPv6 Route] No route found
17:00.787	ID:1	[DATA_RECV] TS=1020406 | SRC=5 | SEQ=101 | DELAY_MS=405
17:00.899	ID:3	[NODE_STAT] TS=1020001 | ID=3 | OF=0 | PRNT=1 | RANK=512 | PCHG=1 | CPU=1020000000 | LPM=0 | TX=0 | RX=0
17:00.899	ID:3	[DATA_SEND] TS=1020001 | ID=3 | SEQ=102
17:00.899	ID:3	[WARN: IPv6 Route] No route found
17:00.899	ID:3	[WARN: IPv6 Route] No route found
17:00.908	ID:1	[DATA_RECV] TS=1020527 | SRC=3 | SEQ=102 | DELAY_MS=526
17:10.236	ID:2	[NODE_STAT] TS=1030001 | ID=2 | OF=0 | PRNT=1 | RANK=1280 | PCHG=1 | CPU=1030000000 | LPM=0 | TX=0 | RX=0
17:10.236	ID:2	[DATA_SEND] TS=1030001 | ID=2 | SEQ=103
17:10.236	ID:2	[WARN: IPv6 Route] No route found
17:10.236	ID:2	[WARN: IPv6 Route] No route found
17:10.278	ID:1	[DATA_RECV] TS=1029897 | SRC=2 | SEQ=103 | DELAY_MS=0
17:10.348	ID:4	[NODE_STAT] TS=1030001 | ID=4 | OF=0 | PRNT=3 | RANK=768 | PCHG=1 | CPU=1030000000 | LPM=0 | TX=0 | RX=0
17:10.348	ID:4	[DATA_SEND] TS=1030001 | ID=4 | SEQ=103
17:10.348	ID:4	[WARN: IPv6 Route] No route found
17:10.348	ID:4	[WARN: IPv6 Route] No route found
17:10.384	ID:3	[WARN: IPv6 Route] No route found
17:10.384	ID:3	[WARN: IPv6 Route] No route found
17:10.392	ID:1	[DATA_RECV] TS=1030011 | SRC=4 | SEQ=103 | DELAY_MS=10
17:10.715	ID:5	[NODE_STAT] TS=1030001 | ID=5 | OF=0 | PRNT=4 | RANK=1024 | PCHG=2 | CPU=1030000000 | LPM=0 | TX=0 | RX=0
17:10.715	ID:5	[DATA_SEND] TS=1030001 | ID=5 | SEQ=102
17:10.715	ID:5	[WARN: IPv6 Route] No route found
17:10.715	ID:5	[WARN: IPv6 Route] No route found
17:10.730	ID:4	[WARN: IPv6 Route] No route found
17:10.730	ID:4	[WARN: IPv6 Route] No route found
17:10.775	ID:3	[WARN: IPv6 Route] No route found
17:10.775	ID:3	[WARN: IPv6 Route] No route found
17:10.814	ID:1	[DATA_RECV] TS=1030433 | SRC=5 | SEQ=102 | DELAY_MS=432
17:10.899	ID:3	[NODE_STAT] TS=1030001 | ID=3 | OF=0 | PRNT=1 | RANK=512 | PCHG=1 | CPU=1030000000 | LPM=0 | TX=0 | RX=0
17:10.899	ID:3	[DATA_SEND] TS=1030001 | ID=3 | SEQ=103
17:10.899	ID:3	[WARN: IPv6 Route] No route found
17:10.899	ID:3	[WARN: IPv6 Route] No route found
17:10.929	ID:1	[DATA_RECV] TS=1030548 | SRC=3 | SEQ=103 | DELAY_MS=547
17:20.236	ID:2	[NODE_STAT] TS=1040001 | ID=2 | OF=0 | PRNT=1 | RANK=1024 | PCHG=1 | CPU=1040000000 | LPM=0 | TX=0 | RX=0
17:20.236	ID:2	[DATA_SEND] TS=1040001 | ID=2 | SEQ=104
17:20.236	ID:2	[WARN: IPv6 Route] No route found
17:20.236	ID:2	[WARN: IPv6 Route] No route found
17:20.321	ID:1	[DATA_RECV] TS=1039940 | SRC=2 | SEQ=104 | DELAY_MS=0
17:20.348	ID:4	[NODE_STAT] TS=1040001 | ID=4 | OF=0 | PRNT=3 | RANK=768 | PCHG=1 | CPU=1040000000 | LPM=0 | TX=0 | RX=0
17:20.348	ID:4	[DATA_SEND] TS=1040001 | ID=4 | SEQ=104
17:20.348	ID:4	[WARN: IPv6 Route] No route found
17:20.348	ID:4	[WARN: IPv6 Route] No route found
17:20.356	ID:3	[WARN: IPv6 Route] No route found
17:20.356	ID:3	[WARN: IPv6 Route] No route found
17:20.389	ID:1	[DATA_RECV] TS=1040008 | SRC=4 | SEQ=104 | DELAY_MS=7
17:20.715	ID:5	[NODE_STAT] TS=1040001 | ID=5 | OF=0 | PRNT=4 | RANK=1024 | PCHG=2 | CPU=1040000000 | LPM=0 | TX=0 | RX=0
17:20.715	ID:5	[DATA_SEND] TS=1040001 | ID=5 | SEQ=103
17:20.715	ID:5	[WARN: IPv6 Route] No route found
17:20.715	ID:5	[WARN: IPv6 Route] No route found
17:20.734	ID:4	[WARN: IPv6 Route] No route found
17:20.734	ID:4	[WARN: IPv6 Route] No route found
17:20.749	ID:3	[WARN: IPv6 Route] No route found
17:20.749	ID:3	[WARN: IPv6 Route] No route found
17:20.782	ID:1	[DATA_RECV] TS=1040401 | SRC=5 | SEQ=103 | DELAY_MS=400
17:20.899	ID:3	[NODE_STAT] TS=1040001 | ID=3 | OF=0 | PRNT=1 | RANK=512 | PCHG=1 | CPU=1040000000 | LPM=0 | TX=0 | RX=0
17:20.899	ID:3	[DATA_SEND] TS=1040001 | ID=3 | SEQ=104
17:20.899	ID:3	[WARN: IPv6 Route] No route found
17:20.899	ID:3	[WARN: IPv6 Route] No route found
17:20.929	ID:1	[DATA_RECV] TS=1040548 | SRC=3 | SEQ=104 | DELAY_MS=547
17:30.236	ID:2	[NODE_STAT] TS=1050001 | ID=2 | OF=0 | PRNT=1 | RANK=1280 | PCHG=1 | CPU=1050000000 | LPM=0 | TX=0 | RX=0
17:30.236	ID:2	[DATA_SEND] TS=1050001 | ID=2 | SEQ=105
17:30.236	ID:2	[WARN: IPv6 Route] No route found
17:30.236	ID:2	[WARN: IPv6 Route] No route found
17:30.314	ID:1	[DATA_RECV] TS=1049933 | SRC=2 | SEQ=105 | DELAY_MS=0
17:30.348	ID:4	[NODE_STAT] TS=1050001 | ID=4 | OF=0 | PRNT=3 | RANK=768 | PCHG=1 | CPU=1050000000 | LPM=0 | TX=0 | RX=0
17:30.348	ID:4	[DATA_SEND] TS=1050001 | ID=4 | SEQ=105
17:30.348	ID:4	[WARN: IPv6 Route] No route found
17:30.348	ID:4	[WARN: IPv6 Route] No route found
17:30.378	ID:3	[WARN: IPv6 Route] No route found
17:30.378	ID:3	[WARN: IPv6 Route] No route found
17:30.421	ID:1	[DATA_RECV] TS=1050040 | SRC=4 | SEQ=105 | DELAY_MS=39
17:30.715	ID:5	[NODE_STAT] TS=1050001 | ID=5 | OF=0 | PRNT=4 | RANK=1024 | PCHG=2 | CPU=1050000000 | LPM=0 | TX=0 | RX=0
17:30.715	ID:5	[DATA_SEND] TS=1050001 | ID=5 | SEQ=104
17:30.715	ID:5	[WARN: IPv6 Route] No route found
17:30.715	ID:5	[WARN: IPv6 Route] No route found
17:30.721	ID:4	[WARN: IPv6 Route] No route found
17:30.721	ID:4	[WARN: IPv6 Route] No route found
17:30.727	ID:3	[WARN: IPv6 Route] No route found
17:30.727	ID:3	[WARN: IPv6 Route] No route found
17:30.773	ID:1	[DATA_RECV] TS=1050392 | SRC=5 | SEQ=104 | DELAY_MS=391
17:30.899	ID:3	[NODE_STAT] TS=1050001 | ID=3 | OF=0 | PRNT=1 | RANK=512 | PCHG=1 | CPU=1050000000 | LPM=0 | TX=0 | RX=0
17:30.899	ID:3	[DATA_SEND] TS=1050001 | ID=3 | SEQ=105
17:30.899	ID:3	[WARN: IPv6 Route] No route found
17:30.899	ID:3	[WARN: IPv6 Route] No route found
17:30.942	ID:1	[DATA_RECV] TS=1050561 | SRC=3 | SEQ=105 | DELAY_MS=560
17:40.236	ID:2	[NODE_STAT] TS=1060001 | ID=2 | OF=0 | PRNT=1 | RANK=1280 | PCHG=1 | CPU=1060000000 | LPM=0 | TX=0 | RX=0
17:40.236	ID:2	[DATA_SEND] TS=1060001 | ID=2 | SEQ=106
17:40.236	ID:2	[WARN: IPv6 Route] No route found
17:40.236	ID:2	[WARN: IPv6 Route] No route found
17:40.273	ID:1	[DATA_RECV] TS=1059892 | SRC=2 | SEQ=106 | DELAY_MS=0
17:40.348	ID:4	[NODE_STAT] TS=1060001 | ID=4 | OF=0 | PRNT=3 | RANK=768 | PCHG=1 | CPU=1060000000 | LPM=0 | TX=0 | RX=0
17:40.348	ID:4	[DATA_SEND] TS=1060001 | ID=4 | SEQ=106
17:40.348	ID:4	[WARN: IPv6 Route] No route found
17:40.348	ID:4	[WARN: IPv6 Route] No route found
17:40.360	ID:3	[WARN: IPv6 Route] No route found
17:40.360	ID:3	[WARN: IPv6 Route] No route found
17:40.367	ID:1	[DATA_RECV] TS=1059986 | SRC=4 | SEQ=106 | DELAY_MS=0
17:40.715	ID:5	[NODE_STAT] TS=1060001 | ID=5 | OF=0 | PRNT=4 | RANK=1024 | PCHG=2 | CPU=1060000000 | LPM=0 | TX=0 | RX=0
17:40.715	ID:5	[DATA_SEND] TS=1060001 | ID=5 | SEQ=105
17:40.715	ID:5	[WARN: IPv6 Route] No route found
17:40.715	ID:5	[WARN: IPv6 Route] No route found
17:40.750	ID:4	[WARN: IPv6 Route] No route found
17:40.750	ID:4	[WARN: IPv6 Route] No route found
17:40.759	ID:3	[WARN: IPv6 Route] No route found
17:40.759	ID:3	[WARN: IPv6 Route] No route found
17:40.797	ID:1	[DATA_RECV] TS=1060416 | SRC=5 | SEQ=105 | DELAY_MS=415
17:40.899	ID:3	[NODE_STAT] TS=1060001 | ID=3 | OF=0 | PRNT=1 | RANK=512 | PCHG=1 | CPU=1060000000 | LPM=0 | TX=0 | RX=0
17:40.899	ID:3	[DATA_SEND] TS=1060001 | ID=3 | SEQ=106
17:40.899	ID:3	[WARN: IPv6 Route] No route found
17:40.899	ID:3	[WARN: IPv6 Route] No route found
17:40.924	ID:1	[DATA_RECV] TS=1060543 | SRC=3 | SEQ=106 | DELAY_MS=542
17:50.236	ID:2	[NODE_STAT] TS=1070001 | ID=2 | OF=0 | PRNT=1 | RANK=1280 | PCHG=1 | CPU=1070000000 | LPM=0 | TX=0 | RX=0
17:50.236	ID:2	[DATA_SEND] TS=1070001 | ID=2 | SEQ=107
17:50.236	ID:2	[WARN: IPv6 Route] No route found
17:50.236	ID:2	[WARN: IPv6 Route] No route found
17:50.244	ID:1	[DATA_RECV] TS=1069863 | SRC=2 | SEQ=107 | DELAY_MS=0
17:50.348	ID:4	[NODE_STAT] TS=1070001 | ID=4 | OF=0 | PRNT=3 | RANK=768 | PCHG=1 | CPU=1070000000 | LPM=0 | TX=0 | RX=0
17:50.348	ID:4	[DATA_SEND] TS=1070001 | ID=4 | SEQ=107
17:50.348	ID:4	[WARN: IPv6 Route] No route found
17:50.348	ID:4	[WARN: IPv6 Route] No route found
17:50.393	ID:3	[WARN: IPv6 Route] No route found
17:50.393	ID:3	[WARN: IPv6 Route] No route found
17:50.418	ID:1	[DATA_RECV] TS=1070037 | SRC=4 | SEQ=107 | DELAY_MS=36
17:50.715	ID:5	[NODE_STAT] TS=1070001 | ID=5 | OF=0 | PRNT=4 | RANK=1024 | PCHG=2 | CPU=1070000000 | LPM=0 | TX=0 | RX=0
17:50.715	ID:5	[DATA_SEND] TS=1070001 | ID=5 | SEQ=106
17:50.715	ID:5	[WARN: IPv6 Route] No route found
17:50.715	ID:5	[WARN: IPv6 Route] No route found
17:50.749	ID:4	[WARN: IPv6 Route] No route found
17:50.749	ID:4	[WARN: IPv6 Route] No route found
17:50.762	ID:3	[WARN: IPv6 Route] No route found
17:50.762	ID:3	[WARN: IPv6 Route] No route found
17:50.784	ID:1	[DATA_RECV] TS=1070403 | SRC=5 | SEQ=106 | DELAY_MS=402
17:50.899	ID:3	[NODE_STAT] TS=1070001 | ID=3 | OF=0 | PRNT=1 | RANK=512 | PCHG=1 | CPU=1070000000 | LPM=0 | TX=0 | RX=0
17:50.899	ID:3	[DATA_SEND] TS=1070001 | ID=3 | SEQ=107
17:50.899	ID:3	[WARN: IPv6 Route] No route found
17:50.899	ID:3	[WARN: IPv6 Route] No route found
17:50.903	ID:1	[DATA_RECV] TS=1070522 | SRC=3 | SEQ=107 | DELAY_MS=521
18:00.236	ID:2	[NODE_STAT] TS=1080001 | ID=2 | OF=0 | PRNT=1 | RANK=1280 | PCHG=1 | CPU=1080000000 | LPM=0 | TX=0 | RX=0
18:00.236	ID:2	[DATA_SEND] TS=1080001 | ID=2 | SEQ=108
18:00.236	ID:2	[WARN: IPv6 Route] No route found
18:00.236	ID:2	[WARN: IPv6 Route] No route found
18:00.246	ID:1	[DATA_RECV] TS=1079865 | SRC=2 | SEQ=108 | DELAY_MS=0
18:00.348	ID:4	[NODE_STAT] TS=1080001 | ID=4 | OF=0 | PRNT=3 | RANK=768 | PCHG=1 | CPU=1080000000 | LPM=0 | TX=0 | RX=0
18:00.348	ID:4	[DATA_SEND] TS=1080001 | ID=4 | SEQ=108
18:00.348	ID:4	[WARN: IPv6 Route] No route found
18:00.348	ID:4	[WARN: IPv6 Route] No route found
18:00.364	ID:3	[WARN: IPv6 Route] No route found
18:00.364	ID:3	[WARN: IPv6 Route] No route found
18:00.386	ID:1	[DATA_RECV] TS=1080005 | SRC=4 | SEQ=108 | DELAY_MS=4
18:00.715	ID:5	[NODE_STAT] TS=1080001 | ID=5 | OF=0 | PRNT=4 | RANK=1024 | PCHG=2 | CPU=1080000000 | LPM=0 | TX=0 | RX=0
18:00.715	ID:5	[DATA_SEND] TS=1080001 | ID=5 | SEQ=107
18:00.715	ID:5	[WARN: IPv6 Route] No route found
18:00.715	ID:5	[WARN: IPv6 Route] No route found
18:00.739	ID:4	[WARN: IPv6 Route] No route found
18:00.739	ID:4	[WARN: IPv6 Route] No route found
18:00.748	ID:3	[WARN: IPv6 Route] No route found
18:00.748	ID:3	[WARN: IPv6 Route] No route found
18:00.787	ID:1	[DATA_RECV] TS=1080406 | SRC=5 | SEQ=107 | DELAY_MS=405
18:00.899	ID:3	[NODE_STAT] TS=1080001 | ID=3 | OF=0 | PRNT=1 | RANK=512 | PCHG=1 | CPU=1080000000 | LPM=0 | TX=0 | RX=0
18:00.899	ID:3	[DATA_SEND] TS=1080001 | ID=3 | SEQ=108
18:00.899	ID:3	[WARN: IPv6 Route] No route found
18:00.899	ID:3	[WARN: IPv6 Route] No route found
18:00.928	ID:1	[DATA_RECV] TS=1080547 | SRC=3 | SEQ=108 | DELAY_MS=546
18:10.236	ID:2	[NODE_STAT] TS=1090001 | ID=2 | OF=0 | PRNT=1 | RANK=1024 | PCHG=1 | CPU=1090000000 | LPM=0 | TX=0 | RX=0
18:10.236	ID:2	[DATA_SEND] TS=1090001 | ID=2 | SEQ=109
18:10.236	ID:2	[WARN: IPv6 Route] No route found
18:10.236	ID:2	[WARN: IPv6 Route] No route found
18:10.251	ID:1	[DATA_RECV] TS=1089870 | SRC=2 | SEQ=109 | DELAY_MS=0
18:10.348	ID:4	[NODE_STAT] TS=1090001 | ID=4 | OF=0 | PRNT=3 | RANK=768 | PCHG=1 | CPU=1090000000 | LPM=0 | TX=0 | RX=0
18:10.348	ID:4	[DATA_SEND] TS=1090001 | ID=4 | SEQ=109
18:10.348	ID:4	[WARN: IPv6 Route] No route found
18:10.348	ID:4	[WARN: IPv6 Route] No route found
18:10.366	ID:3	[WARN: IPv6 Route] No route found
18:10.366	ID:3	[WARN: IPv6 Route] No route found
18:10.384	ID:1	[DATA_RECV] TS=1090003 | SRC=4 | SEQ=109 | DELAY_MS=2
18:10.715	ID:5	[NODE_STAT] TS=1090001 | ID=5 | OF=0 | PRNT=4 | RANK=1024 | PCHG=2 | CPU=1090000000 | LPM=0 | TX=0 | RX=0
18:10.715	ID:5	[DATA_SEND] TS=1090001 | ID=5 | SEQ=108
18:10.715	ID:5	[WARN: IPv6 Route] No route found
18:10.715	ID:5	[WARN: IPv6 Route] No route found
18:10.728	ID:4	[WARN: IPv6 Route] No route found
18:10.728	ID:4	[WARN: IPv6 Route] No route found
18:10.771	ID:3	[WARN: IPv6 Route] No route found
18:10.771	ID:3	[WARN: IPv6 Route] No route found
18:10.807	ID:1	[DATA_RECV] TS=1090426 | SRC=5 | SEQ=108 | DELAY_MS=425
18:10.899	ID:3	[NODE_STAT] TS=1090001 | ID=3 | OF=0 | PRNT=1 | RANK=512 | PCHG=1 | CPU=1090000000 | LPM=0 | TX=0 | RX=0
18:10.899	ID:3	[DATA_SEND] TS=1090001 | ID=3 | SEQ=109
18:10.899	ID:3	[WARN: IPv6 Route] No route found
18:10.899	ID:3	[WARN: IPv6 Route] No route found
18:10.920	ID:1	[DATA_RECV] TS=1090539 | SRC=3 | SEQ=109 | DELAY_MS=538
18:20.236	ID:2	[NODE_STAT] TS=1100001 | ID=2 | OF=0 | PRNT=1 | RANK=1024 | PCHG=1 | CPU=1100000000 | LPM=0 | TX=0 | RX=0
18:20.236	ID:2	[DATA_SEND] TS=1100001 | ID=2 | SEQ=110
18:20.236	ID:2	[WARN: IPv6 Route] No route found
18:20.236	ID:2	[WARN: IPv6 Route] No route found
18:20.301	ID:1	[DATA_RECV] TS=1099920 | SRC=2 | SEQ=110 | DELAY_MS=0
18:20.348	ID:4	[NODE_STAT] TS=1100001 | ID=4 | OF=0 | PRNT=3 | RANK=768 | PCHG=1 | CPU=1100000000 | LPM=0 | TX=0 | RX=0
18:20.348	ID:4	[DATA_SEND] TS=1100001 | ID=4 | SEQ=110
18:20.348	ID:4	[WARN: IPv6 Route] No route found
18:20.348	ID:4	[WARN: IPv6 Route] No route found
18:20.388	ID:3	[WARN: IPv6 Route] No route found
18:20.388	ID:3	[WARN: IPv6 Route] No route found
18:20.397	ID:1	[DATA_RECV] TS=1100016 | SRC=4 | SEQ=110 | DELAY_MS=15
18:20.715	ID:5	[NODE_STAT] TS=1100001 | ID=5 | OF=0 | PRNT=4 | RANK=1024 | PCHG=2 | CPU=1100000000 | LPM=0 | TX=0 | RX=0
18:20.715	ID:5	[DATA_SEND] TS=1100001 | ID=5 | SEQ=109
18:20.715	ID:5	[WARN: IPv6 Route] No route found
18:20.715	ID:5	[WARN: IPv6 Route] No route found
18:20.752	ID:4	[WARN: IPv6 Route] No route found
18:20.752	ID:4	[WARN: IPv6 Route] No route found
18:20.798	ID:3	[WARN: IPv6 Route] No route found
18:20.798	ID:3	[WARN: IPv6 Route] No route found
18:20.833	ID:1	[DATA_RECV] TS=1100452 | SRC=5 | SEQ=109 | DELAY_MS=451
18:20.899	ID:3	[NODE_STAT] TS=1100001 | ID=3 | OF=0 | PRNT=1 | RANK=512 | PCHG=1 | CPU=1100000000 | LPM=0 | TX=0 | RX=0
18:20.899	ID:3	[DATA_SEND] TS=1100001 | ID=3 | SEQ=110
18:20.899	ID:3	[WARN: IPv6 Route] No route found
18:20.899	ID:3	[WARN: IPv6 Route] No route found
18:20.915	ID:1	[DATA_RECV] TS=1100534 | SRC=3 | SEQ=110 | DELAY_MS=533
18:30.236	ID:2	[NODE_STAT] TS=1110001 | ID=2 | OF=0 | PRNT=1 | RANK=1024 | PCHG=1 | CPU=1110000000 | LPM=0 | TX=0 | RX=0
18:30.236	ID:2	[DATA_SEND] TS=1110001 | ID=2 | SEQ=111
18:30.236	ID:2	[WARN: IPv6 Route] No route found
18:30.236	ID:2	[WARN: IPv6 Route] No route found
18:30.296	ID:1	[DATA_RECV] TS=1109915 | SRC=2 | SEQ=111 | DELAY_MS=0
18:30.348	ID:4	[NODE_STAT] TS=1110001 | ID=4 | OF=0 | PRNT=3 | RANK=768 | PCHG=1 | CPU=1110000000 | LPM=0 | TX=0 | RX=0
18:30.348	ID:4	[DATA_SEND] TS=1110001 | ID=4 | SEQ=111
18:30.348	ID:4	[WARN: IPv6 Route] No route found
18:30.348	ID:4	[WARN: IPv6 Route] No route found
18:30.365	ID:3	[WARN: IPv6 Route] No route found
18:30.365	ID:3	[WARN: IPv6 Route] No route found
18:30.384	ID:1	[DATA_RECV] TS=1110003 | SRC=4 | SEQ=111 | DELAY_MS=2
18:30.715	ID:5	[NODE_STAT] TS=1110001 | ID=5 | OF=0 | PRNT=4 | RANK=1024 | PCHG=2 | CPU=1110000000 | LPM=0 | TX=0 | RX=0
18:30.715	ID:5	[DATA_SEND] TS=1110001 | ID=5 | SEQ=110
18:30.715	ID:5	[WARN: IPv6 Route] No route found
18:30.715	ID:5	[WARN: IPv6 Route] No route found
18:30.722	ID:4	[WARN: IPv6 Route] No route found
18:30.722	ID:4	[WARN: IPv6 Route] No route found
18:30.752	ID:3	[WARN: IPv6 Route] No route found
18:30.752	ID:3	[WARN: IPv6 Route] No route found
18:30.772	ID:1	[DATA_RECV] TS=1110391 | SRC=5 | SEQ=110 | DELAY_MS=390
18:30.899	ID:3	[NODE_STAT] TS=1110001 | ID=3 | OF=0 | PRNT=1 | RANK=512 | PCHG=1 | CPU=1110000000 | LPM=0 | TX=0 | RX=0
18:30.899	ID:3	[DATA_SEND] TS=1110001 | ID=3 | SEQ=111
18:30.899	ID:3	[WARN: IPv6 Route] No route found
18:30.899	ID:3	[WARN: IPv6 Route] No route found
18:30.910	ID:1	[DATA_RECV] TS=1110529 | SRC=3 | SEQ=111 | DELAY_MS=528
18:40.236	ID:2	[NODE_STAT] TS=1120001 | ID=2 | OF=0 | PRNT=1 | RANK=1024 | PCHG=1 | CPU=1120000000 | LPM=0 | TX=0 | RX=0
18:40.236	ID:2	[DATA_SEND] TS=1120001 | ID=2 | SEQ=112
18:40.236	ID:2	[WARN: IPv6 Route] No route found
18:40.236	ID:2	[WARN: IPv6 Route] No route found
18:40.267	ID:1	[DATA_RECV] TS=1119886 | SRC=2 | SEQ=112 | DELAY_MS=0
18:40.348	ID:4	[NODE_STAT] TS=1120001 | ID=4 | OF=0 | PRNT=3 | RANK=768 | PCHG=1 | CPU=1120000000 | LPM=0 | TX=0 | RX=0
18:40.348	ID:4	[DATA_SEND] TS=1120001 | ID=4 | SEQ=112
18:40.348	ID:4	[WARN: IPv6 Route] No route found
18:40.348	ID:4	[WARN: IPv6 Route] No route found
18:40.389	ID:3	[WARN: IPv6 Route] No route found
18:40.389	ID:3	[WARN: IPv6 Route] No route found
18:40.406	ID:1	[DATA_RECV] TS=1120025 | SRC=4 | SEQ=112 | DELAY_MS=24
18:40.715	ID:5	[NODE_STAT] TS=1120001 | ID=5 | OF=0 | PRNT=4 | RANK=1024 | PCHG=2 | CPU=1120000000 | LPM=0 | TX=0 | RX=0
18:40.715	ID:5	[DATA_SEND] TS=1120001 | ID=5 | SEQ=111
18:40.715	ID:5	[WARN: IPv6 Route] No route found
18:40.715	ID:5	[WARN: IPv6 Route] No route found
18:40.744	ID:4	[WARN: IPv6 Route] No route found
18:40.744	ID:4	[WARN: IPv6 Route] No route found
18:40.757	ID:3	[WARN: IPv6 Route] No route found
18:40.757	ID:3	[WARN: IPv6 Route] No route found
18:40.767	ID:1	[DATA_RECV] TS=1120386 | SRC=5 | SEQ=111 | DELAY_MS=385
18:40.899	ID:3	[NODE_STAT] TS=1120001 | ID=3 | OF=0 | PRNT=1 | RANK=512 | PCHG=1 | CPU=1120000000 | LPM=0 | TX=0 | RX=0
18:40.899	ID:3	[DATA_SEND] TS=1120001 | ID=3 | SEQ=112
18:40.899	ID:3	[WARN: IPv6 Route] No route found
18:40.899	ID:3	[WARN: IPv6 Route] No route found
18:40.924	ID:1	[DATA_RECV] TS=1120543 | SRC=3 | SEQ=112 | DELAY_MS=542
18:50.236	ID:2	[NODE_STAT] TS=1130001 | ID=2 | OF=0 | PRNT=1 | RANK=1024 | PCHG=1 | CPU=1130000000 | LPM=0 | TX=0 | RX=0
18:50.236	ID:2	[DATA_SEND] TS=1130001 | ID=2 | SEQ=113
18:50.236	ID:2	[WARN: IPv6 Route] No route found
18:50.236	ID:2	[WARN: IPv6 Route] No route found
18:50.304	ID:1	[DATA_RECV] TS=1129923 | SRC=2 | SEQ=113 | DELAY_MS=0
18:50.348	ID:4	[NODE_STAT] TS=1130001 | ID=4 | OF=0 | PRNT=3 | RANK=768 | PCHG=1 | CPU=1130000000 | LPM=0 | TX=0 | RX=0
18:50.348	ID:4	[DATA_SEND] TS=1130001 | ID=4 | SEQ=113
18:50.348	ID:4	[WARN: IPv6 Route] No route found
18:50.348	ID:4	[WARN: IPv6 Route] No route found
18:50.360	ID:3	[WARN: IPv6 Route] No route found
18:50.360	ID:3	[WARN: IPv6 Route] No route found
18:50.383	ID:1	[DATA_RECV] TS=1130002 | SRC=4 | SEQ=113 | DELAY_MS=1
18:50.715	ID:5	[NODE_STAT] TS=1130001 | ID=5 | OF=0 | PRNT=4 | RANK=1024 | PCHG=2 | CPU=1130000000 | LPM=0 | TX=0 | RX=0
18:50.715	ID:5	[DATA_SEND] TS=1130001 | ID=5 | SEQ=112
18:50.715	ID:5	[WARN: IPv6 Route] No route found
18:50.715	ID:5	[WARN: IPv6 Route] No route found
18:50.734	ID:4	[WARN: IPv6 Route] No route found
18:50.734	ID:4	[WARN: IPv6 Route] No route found
18:50.761	ID:3	[WARN: IPv6 Route] No route found
18:50.761	ID:3	[WARN: IPv6 Route] No route found
18:50.796	ID:1	[DATA_RECV] TS=1130415 | SRC=5 | SEQ=112 | DELAY_MS=414
18:50.899	ID:3	[NODE_STAT] TS=1130001 | ID=3 | OF=0 | PRNT=1 | RANK=512 | PCHG=1 | CPU=1130000000 | LPM=0 | TX=0 | RX=0
18:50.899	ID:3	[DATA_SEND] TS=1130001 | ID=3 | SEQ=113
18:50.899	ID:3	[WARN: IPv6 Route] No route found
18:50.899	ID:3	[WARN: IPv6 Route] No route found
18:50.915	ID:1	[DATA_RECV] TS=1130534 | SRC=3 | SEQ=113 | DELAY_MS=533
19:00.236	ID:2	[NODE_STAT] TS=1140001 | ID=2 | OF=0 | PRNT=1 | RANK=1024 | PCHG=1 | CPU=1140000000 | LPM=0 | TX=0 | RX=0
19:00.236	ID:2	[DATA_SEND] TS=1140001 | ID=2 | SEQ=114
19:00.236	ID:2	[WARN: IPv6 Route] No route found
19:00.236	ID:2	[WARN: IPv6 Route] No route found
19:00.265	ID:1	[DATA_RECV] TS=1139884 | SRC=2 | SEQ=114 | DELAY_MS=0
19:00.348	ID:4	[NODE_STAT] TS=1140001 | ID=4 | OF=0 | PRNT=3 | RANK=768 | PCHG=1 | CPU=1140000000 | LPM=0 | TX=0 | RX=0
19:00.348	ID:4	[DATA_SEND] TS=1140001 | ID=4 | SEQ=114
19:00.348	ID:4	[WARN: IPv6 Route] No route found
19:00.348	ID:4	[WARN: IPv6 Route] No route found
19:00.390	ID:3	[WARN: IPv6 Route] No route found
19:00.390	ID:3	[WARN: IPv6 Route] No route found
19:00.420	ID:1	[DATA_RECV] TS=1140039 | SRC=4 | SEQ=114 | DELAY_MS=38
19:00.715	ID:5	[NODE_STAT] TS=1140001 | ID=5 | OF=0 | PRNT=4 | RANK=1024 | PCHG=2 | CPU=1140000000 | LPM=0 | TX=0 | RX=0
19:00.715	ID:5	[DATA_SEND] TS=1140001 | ID=5 | SEQ=113
19:00.715	ID:5	[WARN: IPv6 Route] No route found
19:00.715	ID:5	[WARN: IPv6 Route] No route found
19:00.735	ID:4	[WARN: IPv6 Route] No route found
19:00.735	ID:4	[WARN: IPv6 Route] No route found
19:00.779	ID:3	[WARN: IPv6 Route] No route found
19:00.779	ID:3	[WARN: IPv6 Route] No route found
19:00.820	ID:1	[DATA_RECV] TS=1140439 | SRC=5 | SEQ=113 | DELAY_MS=438
19:00.899	ID:3	[NODE_STAT] TS=1140001 | ID=3 | OF=0 | PRNT=1 | RANK=512 | PCHG=1 | CPU=1140000000 | LPM=0 | TX=0 | RX=0
19:00.899	ID:3	[DATA_SEND] TS=1140001 | ID=3 | SEQ=114
19:00.899	ID:3	[WARN: IPv6 Route] No route found
19:00.899	ID:3	[WARN: IPv6 Route] No route found
19:00.940	ID:1	[DATA_RECV] TS=1140559 | SRC=3 | SEQ=114 | DELAY_MS=558
19:10.236	ID:2	[NODE_STAT] TS=1150001 | ID=2 | OF=0 | PRNT=1 | RANK=1024 | PCHG=1 | CPU=1150000000 | LPM=0 | TX=0 | RX=0
19:10.236	ID:2	[DATA_SEND] TS=1150001 | ID=2 | SEQ=115
19:10.236	ID:2	[WARN: IPv6 Route] No route found
19:10.236	ID:2	[WARN: IPv6 Route] No route found
19:10.249	ID:1	[DATA_RECV] TS=1149868 | SRC=2 | SEQ=115 | DELAY_MS=0
19:10.348	ID:4	[NODE_STAT] TS=1150001 | ID=4 | OF=0 | PRNT=3 | RANK=768 | PCHG=1 | CPU=1150000000 | LPM=0 | TX=0 | RX=0
19:10.348	ID:4	[DATA_SEND] TS=1150001 | ID=4 | SEQ=115
19:10.348	ID:4	[WARN: IPv6 Route] No route found
19:10.348	ID:4	[WARN: IPv6 Route] No route found
19:10.372	ID:3	[WARN: IPv6 Route] No route found
19:10.372	ID:3	[WARN: IPv6 Route] No route found
19:10.407	ID:1	[DATA_RECV] TS=1150026 | SRC=4 | SEQ=115 | DELAY_MS=25
19:10.715	ID:5	[NODE_STAT] TS=1150001 | ID=5 | OF=0 | PRNT=4 | RANK=1024 | PCHG=2 | CPU=1150000000 | LPM=0 | TX=0 | RX=0
19:10.715	ID:5	[DATA_SEND] TS=1150001 | ID=5 | SEQ=114
19:10.715	ID:5	[WARN: IPv6 Route] No route found
19:10.715	ID:5	[WARN: IPv6 Route] No route found
19:10.733	ID:4	[WARN: IPv6 Route] No route found
19:10.733	ID:4	[WARN: IPv6 Route] No route found
19:10.763	ID:3	[WARN: IPv6 Route] No route found
19:10.763	ID:3	[WARN: IPv6 Route] No route found
19:10.779	ID:1	[DATA_RECV] TS=1150398 | SRC=5 | SEQ=114 | DELAY_MS=397
19:10.899	ID:3	[NODE_STAT] TS=1150001 | ID=3 | OF=0 | PRNT=1 | RANK=512 | PCHG=1 | CPU=1150000000 | LPM=0 | TX=0 | RX=0
19:10.899	ID:3	[DATA_SEND] TS=1150001 | ID=3 | SEQ=115
19:10.899	ID:3	[WARN: IPv6 Route] No route found
19:10.899	ID:3	[WARN: IPv6 Route] No route found
19:10.923	ID:1	[DATA_RECV] TS=1150542 | SRC=3 | SEQ=115 | DELAY_MS=541
19:20.236	ID:2	[NODE_STAT] TS=1160001 | ID=2 | OF=0 | PRNT=1 | RANK=768 | PCHG=1 | CPU=1160000000 | LPM=0 | TX=0 | RX=0
19:20.236	ID:2	[DATA_SEND] TS=1160001 | ID=2 | SEQ=116
19:20.236	ID:2	[WARN: IPv6 Route] No route found
19:20.236	ID:2	[WARN: IPv6 Route] No route found
19:20.269	ID:1	[DATA_RECV] TS=1159888 | SRC=2 | SEQ=116 | DELAY_MS=0
19:20.348	ID:4	[NODE_STAT] TS=1160001 | ID=4 | OF=0 | PRNT=3 | RANK=768 | PCHG=1 | CPU=1160000000 | LPM=0 | TX=0 | RX=0
19:20.348	ID:4	[DATA_SEND] TS=1160001 | ID=4 | SEQ=116
19:20.348	ID:4	[WARN: IPv6 Route] No route found
19:20.348	ID:4	[WARN: IPv6 Route] No route found
19:20.365	ID:3	[WARN: IPv6 Route] No route found
19:20.365	ID:3	[WARN: IPv6 Route] No route found
19:20.385	ID:1	[DATA_RECV] TS=1160004 | SRC=4 | SEQ=116 | DELAY_MS=3
19:20.715	ID:5	[NODE_STAT] TS=1160001 | ID=5 | OF=0 | PRNT=4 | RANK=1024 | PCHG=2 | CPU=1160000000 | LPM=0 | TX=0 | RX=0
19:20.715	ID:5	[DATA_SEND] TS=1160001 | ID=5 | SEQ=115
19:20.715	ID:5	[WARN: IPv6 Route] No route found
19:20.715	ID:5	[WARN: IPv6 Route] No route found
19:20.752	ID:4	[WARN: IPv6 Route] No route found
19:20.752	ID:4	[WARN: IPv6 Route] No route found
19:20.797	ID:3	[WARN: IPv6 Route] No route found
19:20.797	ID:3	[WARN: IPv6 Route] No route found
19:20.833	ID:1	[DATA_RECV] TS=1160452 | SRC=5 | SEQ=115 | DELAY_MS=451
19:20.899	ID:3	[NODE_STAT] TS=1160001 | ID=3 | OF=0 | PRNT=1 | RANK=512 | PCHG=1 | CPU=1160000000 | LPM=0 | TX=0 | RX=0
19:20.899	ID:3	[DATA_SEND] TS=1160001 | ID=3 | SEQ=116
19:20.899	ID:3	[WARN: IPv6 Route] No route found
19:20.899	ID:3	[WARN: IPv6 Route] No route found
19:20.944	ID:1	[DATA_RECV] TS=1160563 | SRC=3 | SEQ=116 | DELAY_MS=562
19:30.236	ID:2	[NODE_STAT] TS=1170001 | ID=2 | OF=0 | PRNT=1 | RANK=768 | PCHG=1 | CPU=1170000000 | LPM=0 | TX=0 | RX=0
19:30.236	ID:2	[DATA_SEND] TS=1170001 | ID=2 | SEQ=117
19:30.236	ID:2	[WARN: IPv6 Route] No route found
19:30.236	ID:2	[WARN: IPv6 Route] No route found
19:30.291	ID:1	[DATA_RECV] TS=1169910 | SRC=2 | SEQ=117 | DELAY_MS=0
19:30.348	ID:4	[NODE_STAT] TS=1170001 | ID=4 | OF=0 | PRNT=3 | RANK=768 | PCHG=1 | CPU=1170000000 | LPM=0 | TX=0 | RX=0
19:30.348	ID:4	[DATA_SEND] TS=1170001 | ID=4 | SEQ=117
19:30.348	ID:4	[WARN: IPv6 Route] No route found
19:30.348	ID:4	[WARN: IPv6 Route] No route found
19:30.363	ID:3	[WARN: IPv6 Route] No route found
19:30.363	ID:3	[WARN: IPv6 Route] No route found
19:30.407	ID:1	[DATA_RECV] TS=1170026 | SRC=4 | SEQ=117 | DELAY_MS=25
19:30.715	ID:5	[NODE_STAT] TS=1170001 | ID=5 | OF=0 | PRNT=4 | RANK=1024 | PCHG=2 | CPU=1170000000 | LPM=0 | TX=0 | RX=0
19:30.715	ID:5	[DATA_SEND] TS=1170001 | ID=5 | SEQ=116
19:30.715	ID:5	[WARN: IPv6 Route] No route found
19:30.715	ID:5	[WARN: IPv6 Route] No route found
19:30.747	ID:4	[WARN: IPv6 Route] No route found
19:30.747	ID:4	[WARN: IPv6 Route] No route found
19:30.773	ID:3	[WARN: IPv6 Route] No route found
19:30.773	ID:3	[WARN: IPv6 Route] No route found
19:30.797	ID:1	[DATA_RECV] TS=1170416 | SRC=5 | SEQ=116 | DELAY_MS=415
19:30.899	ID:3	[NODE_STAT] TS=1170001 | ID=3 | OF=0 | PRNT=1 | RANK=512 | PCHG=1 | CPU=1170000000 | LPM=0 | TX=0 | RX=0
19:30.899	ID:3	[DATA_SEND] TS=1170001 | ID=3 | SEQ=117
19:30.899	ID:3	[WARN: IPv6 Route] No route found
19:30.899	ID:3	[WARN: IPv6 Route] No route found
19:30.940	ID:1	[DATA_RECV] TS=1170559 | SRC=3 | SEQ=117 | DELAY_MS=558
19:40.236	ID:2	[NODE_STAT] TS=1180001 | ID=2 | OF=0 | PRNT=1 | RANK=1024 | PCHG=1 | CPU=1180000000 | LPM=0 | TX=0 | RX=0
19:40.236	ID:2	[DATA_SEND] TS=1180001 | ID=2 | SEQ=118
19:40.236	ID:2	[WARN: IPv6 Route] No route found
19:40.236	ID:2	[WARN: IPv6 Route] No route found
19:40.277	ID:1	[DATA_RECV] TS=1179896 | SRC=2 | SEQ=118 | DELAY_MS=0
19:40.348	ID:4	[NODE_STAT] TS=1180001 | ID=4 | OF=0 | PRNT=3 | RANK=768 | PCHG=1 | CPU=1180000000 | LPM=0 | TX=0 | RX=0
19:40.348	ID:4	[DATA_SEND] TS=1180001 | ID=4 | SEQ=118
19:40.348	ID:4	[WARN: IPv6 Route] No route found
19:40.348	ID:4	[WARN: IPv6 Route] No route found
19:40.368	ID:3	[WARN: IPv6 Route] No route found
19:40.368	ID:3	[WARN: IPv6 Route] No route found
19:40.405	ID:1	[DATA_RECV] TS=1180024 | SRC=4 | SEQ=118 | DELAY_MS=23
19:40.715	ID:5	[NODE_STAT] TS=1180001 | ID=5 | OF=0 | PRNT=4 | RANK=1024 | PCHG=2 | CPU=1180000000 | LPM=0 | TX=0 | RX=0
19:40.715	ID:5	[DATA_SEND] TS=1180001 | ID=5 | SEQ=117
19:40.715	ID:5	[WARN: IPv6 Route] No route found
19:40.715	ID:5	[WARN: IPv6 Route] No route found
19:40.752	ID:4	[WARN: IPv6 Route] No route found
19:40.752	ID:4	[WARN: IPv6 Route] No route found
19:40.766	ID:3	[WARN: IPv6 Route] No route found
19:40.766	ID:3	[WARN: IPv6 Route] No route found
19:40.781	ID:1	[DATA_RECV] TS=1180400 | SRC=5 | SEQ=117 | DELAY_MS=399
19:40.899	ID:3	[NODE_STAT] TS=1180001 | ID=3 | OF=0 | PRNT=1 | RANK=512 | PCHG=1 | CPU=1180000000 | LPM=0 | TX=0 | RX=0
19:40.899	ID:3	[DATA_SEND] TS=1180001 | ID=3 | SEQ=118
19:40.899	ID:3	[WARN: IPv6 Route] No route found
19:40.899	ID:3	[WARN: IPv6 Route] No route found
19:40.924	ID:1	[DATA_RECV] TS=1180543 | SRC=3 | SEQ=118 | DELAY_MS=542
19:50.236	ID:2	[NODE_STAT] TS=1190001 | ID=2 | OF=0 | PRNT=1 | RANK=768 | PCHG=1 | CPU=1190000000 | LPM=0 | TX=0 | RX=0
19:50.236	ID:2	[DATA_SEND] TS=1190001 | ID=2 | SEQ=119
19:50.236	ID:2	[WARN: IPv6 Route] No route found
19:50.236	ID:2	[WARN: IPv6 Route] No route found
19:50.346	ID:1	[DATA_RECV] TS=1189965 | SRC=2 | SEQ=119 | DELAY_MS=0
19:50.348	ID:4	[NODE_STAT] TS=1190001 | ID=4 | OF=0 | PRNT=3 | RANK=768 | PCHG=1 | CPU=1190000000 | LPM=0 | TX=0 | RX=0
19:50.348	ID:4	[DATA_SEND] TS=1190001 | ID=4 | SEQ=119
19:50.348	ID:4	[WARN: IPv6 Route] No route found
19:50.348	ID:4	[WARN: IPv6 Route] No route found
19:50.380	ID:3	[WARN: IPv6 Route] No route found
19:50.380	ID:3	[WARN: IPv6 Route] No route found
19:50.400	ID:1	[DATA_RECV] TS=1190019 | SRC=4 | SEQ=119 | DELAY_MS=18
19:50.715	ID:5	[NODE_STAT] TS=1190001 | ID=5 | OF=0 | PRNT=4 | RANK=1024 | PCHG=2 | CPU=1190000000 | LPM=0 | TX=0 | RX=0
19:50.715	ID:5	[DATA_SEND] TS=1190001 | ID=5 | SEQ=118
19:50.715	ID:5	[WARN: IPv6 Route] No route found
19:50.715	ID:5	[WARN: IPv6 Route] No route found
19:50.747	ID:4	[WARN: IPv6 Route] No route found
19:50.747	ID:4	[WARN: IPv6 Route] No route found
19:50.753	ID:3	[WARN: IPv6 Route] No route found
19:50.753	ID:3	[WARN: IPv6 Route] No route found
19:50.758	ID:1	[DATA_RECV] TS=1190377 | SRC=5 | SEQ=118 | DELAY_MS=376
19:50.899	ID:3	[NODE_STAT] TS=1190001 | ID=3 | OF=0 | PRNT=1 | RANK=512 | PCHG=1 | CPU=1190000000 | LPM=0 | TX=0 | RX=0
19:50.899	ID:3	[DATA_SEND] TS=1190001 | ID=3 | SEQ=119
19:50.899	ID:3	[WARN: IPv6 Route] No route found
19:50.899	ID:3	[WARN: IPv6 Route] No route found
19:50.938	ID:1	[DATA_RECV] TS=1190557 | SRC=3 | SEQ=119 | DELAY_MS=556
20:00.236	ID:2	[NODE_STAT] TS=1200001 | ID=2 | OF=0 | PRNT=1 | RANK=1024 | PCHG=1 | CPU=1200000000 | LPM=0 | TX=0 | RX=0
20:00.236	ID:2	[DATA_SEND] TS=1200001 | ID=2 | SEQ=120
20:00.236	ID:2	[WARN: IPv6 Route] No route found
20:00.236	ID:2	[WARN: IPv6 Route] No route found
20:00.256	ID:1	[DATA_RECV] TS=1199875 | SRC=2 | SEQ=120 | DELAY_MS=0
20:00.348	ID:4	[NODE_STAT] TS=1200001 | ID=4 | OF=0 | PRNT=3 | RANK=768 | PCHG=1 | CPU=1200000000 | LPM=0 | TX=0 | RX=0
20:00.348	ID:4	[DATA_SEND] TS=1200001 | ID=4 | SEQ=120
20:00.348	ID:4	[WARN: IPv6 Route] No route found
20:00.348	ID:4	[WARN: IPv6 Route] No route found
20:00.390	ID:3	[WARN: IPv6 Route] No route found
20:00.390	ID:3	[WARN: IPv6 Route] No route found
20:00.405	ID:1	[DATA_RECV] TS=1200024 | SRC=4 | SEQ=120 | DELAY_MS=23
20:00.715	ID:5	[NODE_STAT] TS=1200001 | ID=5 | OF=0 | PRNT=4 | RANK=1024 | PCHG=2 | CPU=1200000000 | LPM=0 | TX=0 | RX=0
20:00.715	ID:5	[DATA_SEND] TS=1200001 | ID=5 | SEQ=119
20:00.715	ID:5	[WARN: IPv6 Route] No route found
20:00.715	ID:5	[WARN: IPv6 Route] No route found
20:00.751	ID:4	[WARN: IPv6 Route] No route found
20:00.751	ID:4	[WARN: IPv6 Route] No route found
20:00.769	ID:3	[WARN: IPv6 Route] No route found
20:00.769	ID:3	[WARN: IPv6 Route] No route found
20:00.778	ID:1	[DATA_RECV] TS=1200397 | SRC=5 | SEQ=119 | DELAY_MS=396
20:00.899	ID:3	[NODE_STAT] TS=1200001 | ID=3 | OF=0 | PRNT=1 | RANK=512 | PCHG=1 | CPU=1200000000 | LPM=0 | TX=0 | RX=0
20:00.899	ID:3	[DATA_SEND] TS=1200001 | ID=3 | SEQ=120
20:00.899	ID:3	[WARN: IPv6 Route] No route found
20:00.899	ID:3	[WARN: IPv6 Route] No route found
20:00.929	ID:1	[DATA_RECV] TS=1200548 | SRC=3 | SEQ=120 | DELAY_MS=547
20:10.236	ID:2	[NODE_STAT] TS=1210001 | ID=2 | OF=0 | PRNT=1 | RANK=1024 | PCHG=1 | CPU=1210000000 | LPM=0 | TX=0 | RX=0
20:10.236	ID:2	[DATA_SEND] TS=1210001 | ID=2 | SEQ=121
20:10.236	ID:2	[WARN: IPv6 Route] No route found
20:10.236	ID:2	[WARN: IPv6 Route] No route found
20:10.317	ID:1	[DATA_RECV] TS=1209936 | SRC=2 | SEQ=121 | DELAY_MS=0
20:10.348	ID:4	[NODE_STAT] TS=1210001 | ID=4 | OF=0 | PRNT=3 | RANK=768 | PCHG=1 | CPU=1210000000 | LPM=0 | TX=0 | RX=0
20:10.348	ID:4	[DATA_SEND] TS=1210001 | ID=4 | SEQ=121
20:10.348	ID:4	[WARN: IPv6 Route] No route found
20:10.348	ID:4	[WARN: IPv6 Route] No route found
20:10.358	ID:3	[WARN: IPv6 Route] No route found
20:10.358	ID:3	[WARN: IPv6 Route] No route found
20:10.397	ID:1	[DATA_RECV] TS=1210016 | SRC=4 | SEQ=121 | DELAY_MS=15
20:10.715	ID:5	[NODE_STAT] TS=1210001 | ID=5 | OF=0 | PRNT=4 | RANK=1024 | PCHG=2 | CPU=1210000000 | LPM=0 | TX=0 | RX=0
20:10.715	ID:5	[DATA_SEND] TS=1210001 | ID=5 | SEQ=120
20:10.715	ID:5	[WARN: IPv6 Route] No route found
20:10.715	ID:5	[WARN: IPv6 Route] No route found
20:10.753	ID:4	[WARN: IPv6 Route] No route found
20:10.753	ID:4	[WARN: IPv6 Route] No route found
20:10.775	ID:3	[WARN: IPv6 Route] No route found
20:10.775	ID:3	[WARN: IPv6 Route] No route found
20:10.798	ID:1	[DATA_RECV] TS=1210417 | SRC=5 | SEQ=120 | DELAY_MS=416
20:10.899	ID:3	[NODE_STAT] TS=1210001 | ID=3 | OF=0 | PRNT=1 | RANK=512 | PCHG=1 | CPU=1210000000 | LPM=0 | TX=0 | RX=0
20:10.899	ID:3	[DATA_SEND] TS=1210001 | ID=3 | SEQ=121
20:10.899	ID:3	[WARN: IPv6 Route] No route found
20:10.899	ID:3	[WARN: IPv6 Route] No route found
20:10.944	ID:1	[DATA_RECV] TS=1210563 | SRC=3 | SEQ=121 | DELAY_MS=562
20:20.236	ID:2	[NODE_STAT] TS=1220001 | ID=2 | OF=0 | PRNT=1 | RANK=1280 | PCHG=1 | CPU=1220000000 | LPM=0 | TX=0 | RX=0
20:20.236	ID:2	[DATA_SEND] TS=1220001 | ID=2 | SEQ=122
20:20.236	ID:2	[WARN: IPv6 Route] No route found
20:20.236	ID:2	[WARN: IPv6 Route] No route found
20:20.348	ID:4	[NODE_STAT] TS=1220001 | ID=4 | OF=0 | PRNT=3 | RANK=768 | PCHG=1 | CPU=1220000000 | LPM=0 | TX=0 | RX=0
20:20.348	ID:4	[DATA_SEND] TS=1220001 | ID=4 | SEQ=122
20:20.348	ID:4	[WARN: IPv6 Route] No route found
20:20.348	ID:4	[WARN: IPv6 Route] No route found
20:20.358	ID:1	[DATA_RECV] TS=1219977 | SRC=2 | SEQ=122 | DELAY_MS=0
20:20.369	ID:3	[WARN: IPv6 Route] No route found
20:20.369	ID:3	[WARN: IPv6 Route] No route found
20:20.379	ID:1	[DATA_RECV] TS=1219998 | SRC=4 | SEQ=122 | DELAY_MS=0
20:20.715	ID:5	[NODE_STAT] TS=1220001 | ID=5 | OF=0 | PRNT=4 | RANK=1024 | PCHG=2 | CPU=1220000000 | LPM=0 | TX=0 | RX=0
20:20.715	ID:5	[DATA_SEND] TS=1220001 | ID=5 | SEQ=121
20:20.715	ID:5	[WARN: IPv6 Route] No route found
20:20.715	ID:5	[WARN: IPv6 Route] No route found
20:20.725	ID:4	[WARN: IPv6 Route] No route found
20:20.725	ID:4	[WARN: IPv6 Route] No route found
20:20.769	ID:3	[WARN: IPv6 Route] No route found
20:20.769	ID:3	[WARN: IPv6 Route] No route found
20:20.811	ID:1	[DATA_RECV] TS=1220430 | SRC=5 | SEQ=121 | DELAY_MS=429
20:20.899	ID:3	[NODE_STAT] TS=1220001 | ID=3 | OF=0 | PRNT=1 | RANK=512 | PCHG=1 | CPU=1220000000 | LPM=0 | TX=0 | RX=0
20:20.899	ID:3	[DATA_SEND] TS=1220001 | ID=3 | SEQ=122
20:20.899	ID:3	[WARN: IPv6 Route] No route found
20:20.899	ID:3	[WARN: IPv6 Route] No route found
20:20.914	ID:1	[DATA_RECV] TS=1220533 | SRC=3 | SEQ=122 | DELAY_MS=532
20:30.236	ID:2	[NODE_STAT] TS=1230001 | ID=2 | OF=0 | PRNT=1 | RANK=1280 | PCHG=1 | CPU=1230000000 | LPM=0 | TX=0 | RX=0
20:30.236	ID:2	[DATA_SEND] TS=1230001 | ID=2 | SEQ=123
20:30.236	ID:2	[WARN: IPv6 Route] No route found
20:30.236	ID:2	[WARN: IPv6 Route] No route found
20:30.290	ID:1	[DATA_RECV] TS=1229909 | SRC=2 | SEQ=123 | DELAY_MS=0
20:30.348	ID:4	[NODE_STAT] TS=1230001 | ID=4 | OF=0 | PRNT=3 | RANK=768 | PCHG=1 | CPU=1230000000 | LPM=0 | TX=0 | RX=0
20:30.348	ID:4	[DATA_SEND] TS=1230001 | ID=4 | SEQ=123
20:30.348	ID:4	[WARN: IPv6 Route] No route found
20:30.348	ID:4	[WARN: IPv6 Route] No route found
20:30.353	ID:3	[WARN: IPv6 Route] No route found
20:30.353	ID:3	[WARN: IPv6 Route] No route found
20:30.390	ID:1	[DATA_RECV] TS=1230009 | SRC=4 | SEQ=123 | DELAY_MS=8
20:30.715	ID:5	[NODE_STAT] TS=1230001 | ID=5 | OF=0 | PRNT=4 | RANK=1024 | PCHG=2 | CPU=1230000000 | LPM=0 | TX=0 | RX=0
20:30.715	ID:5	[DATA_SEND] TS=1230001 | ID=5 | SEQ=122
20:30.715	ID:5	[WARN: IPv6 Route] No route found
20:30.715	ID:5	[WARN: IPv6 Route] No route found
20:30.749	ID:4	[WARN: IPv6 Route] No route found
20:30.749	ID:4	[WARN: IPv6 Route] No route found
20:30.765	ID:3	[WARN: IPv6 Route] No route found
20:30.765	ID:3	[WARN: IPv6 Route] No route found
20:30.804	ID:1	[DATA_RECV] TS=1230423 | SRC=5 | SEQ=122 | DELAY_MS=422
20:30.899	ID:3	[NODE_STAT] TS=1230001 | ID=3 | OF=0 | PRNT=1 | RANK=512 | PCHG=1 | CPU=1230000000 | LPM=0 | TX=0 | RX=0
20:30.899	ID:3	[DATA_SEND] TS=1230001 | ID=3 | SEQ=123
20:30.899	ID:3	[WARN: IPv6 Route] No route found
20:30.899	ID:3	[WARN: IPv6 Route] No route found
20:30.944	ID:1	[DATA_RECV] TS=1230563 | SRC=3 | SEQ=123 | DELAY_MS=562
20:40.236	ID:2	[NODE_STAT] TS=1240001 | ID=2 | OF=0 | PRNT=1 | RANK=1280 | PCHG=1 | CPU=1240000000 | LPM=0 | TX=0 | RX=0
20:40.236	ID:2	[DATA_SEND] TS=1240001 | ID=2 | SEQ=124
20:40.236	ID:2	[WARN: IPv6 Route] No route found
20:40.236	ID:2	[WARN: IPv6 Route] No route found
20:40.246	ID:1	[DATA_RECV] TS=1239865 | SRC=2 | SEQ=124 | DELAY_MS=0
20:40.348	ID:4	[NODE_STAT] TS=1240001 | ID=4 | OF=0 | PRNT=3 | RANK=768 | PCHG=1 | CPU=1240000000 | LPM=0 | TX=0 | RX=0
20:40.348	ID:4	[DATA_SEND] TS=1240001 | ID=4 | SEQ=124
20:40.348	ID:4	[WARN: IPv6 Route] No route found
20:40.348	ID:4	[WARN: IPv6 Route] No route found
20:40.377	ID:3	[WARN: IPv6 Route] No route found
20:40.377	ID:3	[WARN: IPv6 Route] No route found
20:40.415	ID:1	[DATA_RECV] TS=1240034 | SRC=4 | SEQ=124 | DELAY_MS=33
20:40.715	ID:5	[NODE_STAT] TS=1240001 | ID=5 | OF=0 | PRNT=4 | RANK=1024 | PCHG=2 | CPU=1240000000 | LPM=0 | TX=0 | RX=0
20:40.715	ID:5	[DATA_SEND] TS=1240001 | ID=5 | SEQ=123
20:40.715	ID:5	[WARN: IPv6 Route] No route found
20:40.715	ID:5	[WARN: IPv6 Route] No route found
20:40.743	ID:4	[WARN: IPv6 Route] No route found
20:40.743	ID:4	[WARN: IPv6 Route] No route found
20:40.749	ID:3	[WARN: IPv6 Route] No route found
20:40.749	ID:3	[WARN: IPv6 Route] No route found
20:40.762	ID:1	[DATA_RECV] TS=1240381 | SRC=5 | SEQ=123 | DELAY_MS=380
20:40.899	ID:3	[NODE_STAT] TS=1240001 | ID=3 | OF=0 | PRNT=1 | RANK=512 | PCHG=1 | CPU=1240000000 | LPM=0 | TX=0 | RX=0
20:40.899	ID:3	[DATA_SEND] TS=1240001 | ID=3 | SEQ=124
20:40.899	ID:3	[WARN: IPv6 Route] No route found
20:40.899	ID:3	[WARN: IPv6 Route] No route found
20:40.904	ID:1	[DATA_RECV] TS=1240523 | SRC=3 | SEQ=124 | DELAY_MS=522
20:50.236	ID:2	[NODE_STAT] TS=1250001 | ID=2 | OF=0 | PRNT=1 | RANK=1280 | PCHG=1 | CPU=1250000000 | LPM=0 | TX=0 | RX=0
20:50.236	ID:2	[DATA_SEND] TS=1250001 | ID=2 | SEQ=125
20:50.236	ID:2	[WARN: IPv6 Route] No route found
20:50.236	ID:2	[WARN: IPv6 Route] No route found
20:50.342	ID:1	[DATA_RECV] TS=1249961 | SRC=2 | SEQ=125 | DELAY_MS=0
20:50.348	ID:4	[NODE_STAT] TS=1250001 | ID=4 | OF=0 | PRNT=3 | RANK=768 | PCHG=1 | CPU=1250000000 | LPM=0 | TX=0 | RX=0
20:50.348	ID:4	[DATA_SEND] TS=1250001 | ID=4 | SEQ=125
20:50.348	ID:4	[WARN: IPv6 Route] No route found
20:50.348	ID:4	[WARN: IPv6 Route] No route found
20:50.391	ID:3	[WARN: IPv6 Route] No route found
20:50.391	ID:3	[WARN: IPv6 Route] No route found
20:50.408	ID:1	[DATA_RECV] TS=1250027 | SRC=4 | SEQ=125 | DELAY_MS=26
20:50.715	ID:5	[NODE_STAT] TS=1250001 | ID=5 | OF=0 | PRNT=4 | RANK=1024 | PCHG=2 | CPU=1250000000 | LPM=0 | TX=0 | RX=0
20:50.715	ID:5	[DATA_SEND] TS=1250001 | ID=5 | SEQ=124
20:50.715	ID:5	[WARN: IPv6 Route] No route found
20:50.715	ID:5	[WARN: IPv6 Route] No route found
20:50.733	ID:4	[WARN: IPv6 Route] No route found
20:50.733	ID:4	[WARN: IPv6 Route] No route found
20:50.750	ID:3	[WARN: IPv6 Route] No route found
20:50.750	ID:3	[WARN: IPv6 Route] No route found
20:50.778	ID:1	[DATA_RECV] TS=1250397 | SRC=5 | SEQ=124 | DELAY_MS=396
20:50.899	ID:3	[NODE_STAT] TS=1250001 | ID=3 | OF=0 | PRNT=1 | RANK=512 | PCHG=1 | CPU=1250000000 | LPM=0 | TX=0 | RX=0
20:50.899	ID:3	[DATA_SEND] TS=1250001 | ID=3 | SEQ=125
20:50.899	ID:3	[WARN: IPv6 Route] No route found
20:50.899	ID:3	[WARN: IPv6 Route] No route found
20:50.937	ID:1	[DATA_RECV] TS=1250556 | SRC=3 | SEQ=125 | DELAY_MS=555
21:00.236	ID:2	[NODE_STAT] TS=1260001 | ID=2 | OF=0 | PRNT=1 | RANK=1536 | PCHG=1 | CPU=1260000000 | LPM=0 | TX=0 | RX=0
21:00.236	ID:2	[DATA_SEND] TS=1260001 | ID=2 | SEQ=126
21:00.236	ID:2	[WARN: IPv6 Route] No route found
21:00.236	ID:2	[WARN: IPv6 Route] No route found
21:00.274	ID:1	[DATA_RECV] TS=1259893 | SRC=2 | SEQ=126 | DELAY_MS=0
21:00.348	ID:4	[NODE_STAT] TS=1260001 | ID=4 | OF=0 | PRNT=3 | RANK=768 | PCHG=1 | CPU=1260000000 | LPM=0 | TX=0 | RX=0
21:00.348	ID:4	[DATA_SEND] TS=1260001 | ID=4 | SEQ=126
21:00.348	ID:4	[WARN: IPv6 Route] No route found
21:00.348	ID:4	[WARN: IPv6 Route] No route found
21:00.353	ID:3	[WARN: IPv6 Route] No route found
21:00.353	ID:3	[WARN: IPv6 Route] No route found
21:00.394	ID:1	[DATA_RECV] TS=1260013 | SRC=4 | SEQ=126 | DELAY_MS=12
21:00.715	ID:5	[NODE_STAT] TS=1260001 | ID=5 | OF=0 | PRNT=4 | RANK=1024 | PCHG=2 | CPU=1260000000 | LPM=0 | TX=0 | RX=0
21:00.715	ID:5	[DATA_SEND] TS=1260001 | ID=5 | SEQ=125
21:00.715	ID:5	[WARN: IPv6 Route] No route found
21:00.715	ID:5	[WARN: IPv6 Route] No route found
21:00.736	ID:4	[WARN: IPv6 Route] No route found
21:00.736	ID:4	[WARN: IPv6 Route] No route found
21:00.753	ID:3	[WARN: IPv6 Route] No route found
21:00.753	ID:3	[WARN: IPv6 Route] No route found
21:00.758	ID:1	[DATA_RECV] TS=1260377 | SRC=5 | SEQ=125 | DELAY_MS=376
21:00.899	ID:3	[NODE_STAT] TS=1260001 | ID=3 | OF=0 | PRNT=1 | RANK=512 | PCHG=1 | CPU=1260000000 | LPM=0 | TX=0 | RX=0
21:00.899	ID:3	[DATA_SEND] TS=1260001 | ID=3 | SEQ=126
21:00.899	ID:3	[WARN: IPv6 Route] No route found
21:00.899	ID:3	[WARN: IPv6 Route] No route found
21:00.903	ID:1	[DATA_RECV] TS=1260522 | SRC=3 | SEQ=126 | DELAY_MS=521
21:10.236	ID:2	[NODE_STAT] TS=1270001 | ID=2 | OF=0 | PRNT=1 | RANK=1536 | PCHG=1 | CPU=1270000000 | LPM=0 | TX=0 | RX=0
21:10.236	ID:2	[DATA_SEND] TS=1270001 | ID=2 | SEQ=127
21:10.236	ID:2	[WARN: IPv6 Route] No route found
21:10.236	ID:2	[WARN: IPv6 Route] No route found
21:10.243	ID:1	[DATA_RECV] TS=1269862 | SRC=2 | SEQ=127 | DELAY_MS=0
21:10.348	ID:4	[NODE_STAT] TS=1270001 | ID=4 | OF=0 | PRNT=3 | RANK=768 | PCHG=1 | CPU=1270000000 | LPM=0 | TX=0 | RX=0
21:10.348	ID:4	[DATA_SEND] TS=1270001 | ID=4 | SEQ=127
21:10.348	ID:4	[WARN: IPv6 Route] No route found
21:10.348	ID:4	[WARN: IPv6 Route] No route found
21:10.377	ID:3	[WARN: IPv6 Route] No route found
21:10.377	ID:3	[WARN: IPv6 Route] No route found
21:10.410	ID:1	[DATA_RECV] TS=1270029 | SRC=4 | SEQ=127 | DELAY_MS=28
21:10.715	ID:5	[NODE_STAT] TS=1270001 | ID=5 | OF=0 | PRNT=4 | RANK=1024 | PCHG=2 | CPU=1270000000 | LPM=0 | TX=0 | RX=0
21:10.715	ID:5	[DATA_SEND] TS=1270001 | ID=5 | SEQ=126
21:10.715	ID:5	[WARN: IPv6 Route] No route found
21:10.715	ID:5	[WARN: IPv6 Route] No route found
21:10.756	ID:4	[WARN: IPv6 Route] No route found
21:10.756	ID:4	[WARN: IPv6 Route] No route found
21:10.771	ID:3	[WARN: IPv6 Route] No route found
21:10.771	ID:3	[WARN: IPv6 Route] No route found
21:10.805	ID:1	[DATA_RECV] TS=1270424 | SRC=5 | SEQ=126 | DELAY_MS=423
21:10.899	ID:3	[NODE_STAT] TS=1270001 | ID=3 | OF=0 | PRNT=1 | RANK=512 | PCHG=1 | CPU=1270000000 | LPM=0 | TX=0 | RX=0
21:10.899	ID:3	[DATA_SEND] TS=1270001 | ID=3 | SEQ=127
21:10.899	ID:3	[WARN: IPv6 Route] No route found
21:10.899	ID:3	[WARN: IPv6 Route] No route found
21:10.904	ID:1	[DATA_RECV] TS=1270523 | SRC=3 | SEQ=127 | DELAY_MS=522
21:20.236	ID:2	[NODE_STAT] TS=1280001 | ID=2 | OF=0 | PRNT=1 | RANK=1280 | PCHG=1 | CPU=1280000000 | LPM=0 | TX=0 | RX=0
21:20.236	ID:2	[DATA_SEND] TS=1280001 | ID=2 | SEQ=128
21:20.236	ID:2	[WARN: IPv6 Route] No route found
21:20.236	ID:2	[WARN: IPv6 Route] No route found
21:20.272	ID:1	[DATA_RECV] TS=1279891 | SRC=2 | SEQ=128 | DELAY_MS=0
21:20.348	ID:4	[NODE_STAT] TS=1280001 | ID=4 | OF=0 | PRNT=3 | RANK=768 | PCHG=1 | CPU=1280000000 | LPM=0 | TX=0 | RX=0
21:20.348	ID:4	[DATA_SEND] TS=1280001 | ID=4 | SEQ=128
21:20.348	ID:4	[WARN: IPv6 Route] No route found
21:20.348	ID:4	[WARN: IPv6 Route] No route found
21:20.369	ID:3	[WARN: IPv6 Route] No route found
21:20.369	ID:3	[WARN: IPv6 Route] No route found
21:20.387	ID:1	[DATA_RECV] TS=1280006 | SRC=4 | SEQ=128 | DELAY_MS=5
21:20.715	ID:5	[NODE_STAT] TS=1280001 | ID=5 | OF=0 | PRNT=4 | RANK=1024 | PCHG=2 | CPU=1280000000 | LPM=0 | TX=0 | RX=0
21:20.715	ID:5	[DATA_SEND] TS=1280001 | ID=5 | SEQ=127
21:20.715	ID:5	[WARN: IPv6 Route] No route found
21:20.715	ID:5	[WARN: IPv6 Route] No route found
21:20.726	ID:4	[WARN: IPv6 Route] No route found
21:20.726	ID:4	[WARN: IPv6 Route] No route found
21:20.745	ID:3	[WARN: IPv6 Route] No route found
21:20.745	ID:3	[WARN: IPv6 Route] No route found
21:20.759	ID:1	[DATA_RECV] TS=1280378 | SRC=5 | SEQ=127 | DELAY_MS=377
21:20.899	ID:3	[NODE_STAT] TS=1280001 | ID=3 | OF=0 | PRNT=1 | RANK=512 | PCHG=1 | CPU=1280000000 | LPM=0 | TX=0 | RX=0
21:20.899	ID:3	[DATA_SEND] TS=1280001 | ID=3 | SEQ=128
21:20.899	ID:3	[WARN: IPv6 Route] No route found
21:20.899	ID:3	[WARN: IPv6 Route] No route found
21:20.909	ID:1	[DATA_RECV] TS=1280528 | SRC=3 | SEQ=128 | DELAY_MS=527
21:30.236	ID:2	[NODE_STAT] TS=1290001 | ID=2 | OF=0 | PRNT=1 | RANK=1280 | PCHG=1 | CPU=1290000000 | LPM=0 | TX=0 | RX=0
21:30.236	ID:2	[DATA_SEND] TS=1290001 | ID=2 | SEQ=129
21:30.236	ID:2	[WARN: IPv6 Route] No route found
21:30.236	ID:2	[WARN: IPv6 Route] No route found
21:30.281	ID:1	[DATA_RECV] TS=1289900 | SRC=2 | SEQ=129 | DELAY_MS=0
21:30.348	ID:4	[NODE_STAT] TS=1290001 | ID=4 | OF=0 | PRNT=3 | RANK=768 | PCHG=1 | CPU=1290000000 | LPM=0 | TX=0 | RX=0
21:30.348	ID:4	[DATA_SEND] TS=1290001 | ID=4 | SEQ=129
21:30.348	ID:4	[WARN: IPv6 Route] No route found
21:30.348	ID:4	[WARN: IPv6 Route] No route found
21:30.369	ID:3	[WARN: IPv6 Route] No route found
21:30.369	ID:3	[WARN: IPv6 Route] No route found
21:30.385	ID:1	[DATA_RECV] TS=1290004 | SRC=4 | SEQ=129 | DELAY_MS=3
21:30.715	ID:5	[NODE_STAT] TS=1290001 | ID=5 | OF=0 | PRNT=4 | RANK=1024 | PCHG=2 | CPU=1290000000 | LPM=0 | TX=0 | RX=0
21:30.715	ID:5	[DATA_SEND] TS=1290001 | ID=5 | SEQ=128
21:30.715	ID:5	[WARN: IPv6 Route] No route found
21:30.715	ID:5	[WARN: IPv6 Route] No route found
21:30.736	ID:4	[WARN: IPv6 Route] No route found
21:30.736	ID:4	[WARN: IPv6 Route] No route found
21:30.752	ID:3	[WARN: IPv6 Route] No route found
21:30.752	ID:3	[WARN: IPv6 Route] No route found
21:30.785	ID:1	[DATA_RECV] TS=1290404 | SRC=5 | SEQ=128 | DELAY_MS=403
21:30.899	ID:3	[NODE_STAT] TS=1290001 | ID=3 | OF=0 | PRNT=1 | RANK=512 | PCHG=1 | CPU=1290000000 | LPM=0 | TX=0 | RX=0
21:30.899	ID:3	[DATA_SEND] TS=1290001 | ID=3 | SEQ=129
21:30.899	ID:3	[WARN: IPv6 Route] No route found
21:30.899	ID:3	[WARN: IPv6 Route] No route found
21:30.916	ID:1	[DATA_RECV] TS=1290535 | SRC=3 | SEQ=129 | DELAY_MS=534
21:40.236	ID:2	[NODE_STAT] TS=1300001 | ID=2 | OF=0 | PRNT=1 | RANK=1280 | PCHG=1 | CPU=1300000000 | LPM=0 | TX=0 | RX=0
21:40.236	ID:2	[DATA_SEND] TS=1300001 | ID=2 | SEQ=130
21:40.236	ID:2	[WARN: IPv6 Route] No route found
21:40.236	ID:2	[WARN: IPv6 Route] No route found
21:40.256	ID:1	[DATA_RECV] TS=1299875 | SRC=2 | SEQ=130 | DELAY_MS=0
21:40.348	ID:4	[NODE_STAT] TS=1300001 | ID=4 | OF=0 | PRNT=3 | RANK=768 | PCHG=1 | CPU=1300000000 | LPM=0 | TX=0 | RX=0
21:40.348	ID:4	[DATA_SEND] TS=1300001 | ID=4 | SEQ=130
21:40.348	ID:4	[WARN: IPv6 Route] No route found
21:40.348	ID:4	[WARN: IPv6 Route] No route found
21:40.357	ID:3	[WARN: IPv6 Route] No route found
21:40.357	ID:3	[WARN: IPv6 Route] No route found
21:40.403	ID:1	[DATA_RECV] TS=1300022 | SRC=4 | SEQ=130 | DELAY_MS=21
21:40.715	ID:5	[NODE_STAT] TS=1300001 | ID=5 | OF=0 | PRNT=4 | RANK=1024 | PCHG=2 | CPU=1300000000 | LPM=0 | TX=0 | RX=0
21:40.715	ID:5	[DATA_SEND] TS=1300001 | ID=5 | SEQ=129
21:40.715	ID:5	[WARN: IPv6 Route] No route found
21:40.715	ID:5	[WARN: IPv6 Route] No route found
21:40.757	ID:4	[WARN: IPv6 Route] No route found
21:40.757	ID:4	[WARN: IPv6 Route] No route found
21:40.777	ID:3	[WARN: IPv6 Route] No route found
21:40.777	ID:3	[WARN: IPv6 Route] No route found
21:40.810	ID:1	[DATA_RECV] TS=1300429 | SRC=5 | SEQ=129 | DELAY_MS=428
21:40.899	ID:3	[NODE_STAT] TS=1300001 | ID=3 | OF=0 | PRNT=1 | RANK=512 | PCHG=1 | CPU=1300000000 | LPM=0 | TX=0 | RX=0
21:40.899	ID:3	[DATA_SEND] TS=1300001 | ID=3 | SEQ=130
21:40.899	ID:3	[WARN: IPv6 Route] No route found
21:40.899	ID:3	[WARN: IPv6 Route] No route found
21:40.942	ID:1	[DATA_RECV] TS=1300561 | SRC=3 | SEQ=130 | DELAY_MS=560
21:50.236	ID:2	[NODE_STAT] TS=1310001 | ID=2 | OF=0 | PRNT=1 | RANK=1280 | PCHG=1 | CPU=1310000000 | LPM=0 | TX=0 | RX=0
21:50.236	ID:2	[DATA_SEND] TS=1310001 | ID=2 | SEQ=131
21:50.236	ID:2	[WARN: IPv6 Route] No route found
21:50.236	ID:2	[WARN: IPv6 Route] No route found
21:50.323	ID:1	[DATA_RECV] TS=1309942 | SRC=2 | SEQ=131 | DELAY_MS=0
21:50.348	ID:4	[NODE_STAT] TS=1310001 | ID=4 | OF=0 | PRNT=3 | RANK=768 | PCHG=1 | CPU=1310000000 | LPM=0 | TX=0 | RX=0
21:50.348	ID:4	[DATA_SEND] TS=1310001 | ID=4 | SEQ=131
21:50.348	ID:4	[WARN: IPv6 Route] No route found
21:50.348	ID:4	[WARN: IPv6 Route] No route found
21:50.370	ID:3	[WARN: IPv6 Route] No route found
21:50.370	ID:3	[WARN: IPv6 Route] No route found
21:50.387	ID:1	[DATA_RECV] TS=1310006 | SRC=4 | SEQ=131 | DELAY_MS=5
21:50.715	ID:5	[NODE_STAT] TS=1310001 | ID=5 | OF=0 | PRNT=4 | RANK=1024 | PCHG=2 | CPU=1310000000 | LPM=0 | TX=0 | RX=0
21:50.715	ID:5	[DATA_SEND] TS=1310001 | ID=5 | SEQ=130
21:50.715	ID:5	[WARN: IPv6 Route] No route found
21:50.715	ID:5	[WARN: IPv6 Route] No route found
21:50.751	ID:4	[WARN: IPv6 Route] No route found
21:50.751	ID:4	[WARN: IPv6 Route] No route found
21:50.765	ID:3	[WARN: IPv6 Route] No route found
21:50.765	ID:3	[WARN: IPv6 Route] No route found
21:50.780	ID:1	[DATA_RECV] TS=1310399 | SRC=5 | SEQ=130 | DELAY_MS=398
21:50.899	ID:3	[NODE_STAT] TS=1310001 | ID=3 | OF=0 | PRNT=1 | RANK=512 | PCHG=1 | CPU=1310000000 | LPM=0 | TX=0 | RX=0
21:50.899	ID:3	[DATA_SEND] TS=1310001 | ID=3 | SEQ=131
21:50.899	ID:3	[WARN: IPv6 Route] No route found
21:50.899	ID:3	[WARN: IPv6 Route] No route found
21:50.928	ID:1	[DATA_RECV] TS=1310547 | SRC=3 | SEQ=131 | DELAY_MS=546
22:00.236	ID:2	[NODE_STAT] TS=1320001 | ID=2 | OF=0 | PRNT=1 | RANK=1280 | PCHG=1 | CPU=1320000000 | LPM=0 | TX=0 | RX=0
22:00.236	ID:2	[DATA_SEND] TS=1320001 | ID=2 | SEQ=132
22:00.236	ID:2	[WARN: IPv6 Route] No route found
22:00.236	ID:2	[WARN: IPv6 Route] No route found
22:00.263	ID:1	[DATA_RECV] TS=1319882 | SRC=2 | SEQ=132 | DELAY_MS=0
22:00.348	ID:4	[NODE_STAT] TS=1320001 | ID=4 | OF=0 | PRNT=3 | RANK=768 | PCHG=1 | CPU=1320000000 | LPM=0 | TX=0 | RX=0
22:00.348	ID:4	[DATA_SEND] TS=1320001 | ID=4 | SEQ=132
22:00.348	ID:4	[WARN: IPv6 Route] No route found
22:00.348	ID:4	[WARN: IPv6 Route] No route found
22:00.364	ID:3	[WARN: IPv6 Route] No route found
22:00.364	ID:3	[WARN: IPv6 Route] No route found
22:00.376	ID:1	[DATA_RECV] TS=1319995 | SRC=4 | SEQ=132 | DELAY_MS=0
22:00.715	ID:5	[NODE_STAT] TS=1320001 | ID=5 | OF=0 | PRNT=4 | RANK=1024 | PCHG=2 | CPU=1320000000 | LPM=0 | TX=0 | RX=0
22:00.715	ID:5	[DATA_SEND] TS=1320001 | ID=5 | SEQ=131
22:00.715	ID:5	[WARN: IPv6 Route] No route found
22:00.715	ID:5	[WARN: IPv6 Route] No route found
22:00.759	ID:4	[WARN: IPv6 Route] No route found
22:00.759	ID:4	[WARN: IPv6 Route] No route found
22:00.793	ID:3	[WARN: IPv6 Route] No route found
22:00.793	ID:3	[WARN: IPv6 Route] No route found
22:00.816	ID:1	[DATA_RECV] TS=1320435 | SRC=5 | SEQ=131 | DELAY_MS=434
22:00.899	ID:3	[NODE_STAT] TS=1320001 | ID=3 | OF=0 | PRNT=1 | RANK=512 | PCHG=1 | CPU=1320000000 | LPM=0 | TX=0 | RX=0
22:00.899	ID:3	[DATA_SEND] TS=1320001 | ID=3 | SEQ=132
22:00.899	ID:3	[WARN: IPv6 Route] No route found
22:00.899	ID:3	[WARN: IPv6 Route] No route found
22:00.944	ID:1	[DATA_RECV] TS=1320563 | SRC=3 | SEQ=132 | DELAY_MS=562
22:10.236	ID:2	[NODE_STAT] TS=1330001 | ID=2 | OF=0 | PRNT=1 | RANK=1280 | PCHG=1 | CPU=1330000000 | LPM=0 | TX=0 | RX=0
22:10.236	ID:2	[DATA_SEND] TS=1330001 | ID=2 | SEQ=133
22:10.236	ID:2	[WARN: IPv6 Route] No route found
22:10.236	ID:2	[WARN: IPv6 Route] No route found
22:10.253	ID:1	[DATA_RECV] TS=1329872 | SRC=2 | SEQ=133 | DELAY_MS=0
22:10.348	ID:4	[NODE_STAT] TS=1330001 | ID=4 | OF=0 | PRNT=3 | RANK=768 | PCHG=1 | CPU=1330000000 | LPM=0 | TX=0 | RX=0
22:10.348	ID:4	[DATA_SEND] TS=1330001 | ID=4 | SEQ=133
22:10.348	ID:4	[WARN: IPv6 Route] No route found
22:10.348	ID:4	[WARN: IPv6 Route] No route found
22:10.362	ID:3	[WARN: IPv6 Route] No route found
22:10.362	ID:3	[WARN: IPv6 Route] No route found
22:10.384	ID:1	[DATA_RECV] TS=1330003 | SRC=4 | SEQ=133 | DELAY_MS=2
22:10.715	ID:5	[NODE_STAT] TS=1330001 | ID=5 | OF=0 | PRNT=4 | RANK=1024 | PCHG=2 | CPU=1330000000 | LPM=0 | TX=0 | RX=0
22:10.715	ID:5	[DATA_SEND] TS=1330001 | ID=5 | SEQ=132
22:10.715	ID:5	[WARN: IPv6 Route] No route found
22:10.715	ID:5	[WARN: IPv6 Route] No route found
22:10.754	ID:4	[WARN: IPv6 Route] No route found
22:10.754	ID:4	[WARN: IPv6 Route] No route found
22:10.784	ID:3	[WARN: IPv6 Route] No route found
22:10.784	ID:3	[WARN: IPv6 Route] No route found
22:10.818	ID:1	[DATA_RECV] TS=1330437 | SRC=5 | SEQ=132 | DELAY_MS=436
22:10.899	ID:3	[NODE_STAT] TS=1330001 | ID=3 | OF=0 | PRNT=1 | RANK=512 | PCHG=1 | CPU=1330000000 | LPM=0 | TX=0 | RX=0
22:10.899	ID:3	[DATA_SEND] TS=1330001 | ID=3 | SEQ=133
22:10.899	ID:3	[WARN: IPv6 Route] No route found
22:10.899	ID:3	[WARN: IPv6 Route] No route found
22:10.920	ID:1	[DATA_RECV] TS=1330539 | SRC=3 | SEQ=133 | DELAY_MS=538
22:20.236	ID:2	[NODE_STAT] TS=1340001 | ID=2 | OF=0 | PRNT=1 | RANK=1024 | PCHG=1 | CPU=1340000000 | LPM=0 | TX=0 | RX=0
22:20.236	ID:2	[DATA_SEND] TS=1340001 | ID=2 | SEQ=134
22:20.236	ID:2	[WARN: IPv6 Route] No route found
22:20.236	ID:2	[WARN: IPv6 Route] No route found
22:20.276	ID:1	[DATA_RECV] TS=1339895 | SRC=2 | SEQ=134 | DELAY_MS=0
22:20.348	ID:4	[NODE_STAT] TS=1340001 | ID=4 | OF=0 | PRNT=3 | RANK=768 | PCHG=1 | CPU=1340000000 | LPM=0 | TX=0 | RX=0
22:20.348	ID:4	[DATA_SEND] TS=1340001 | ID=4 | SEQ=134
22:20.348	ID:4	[WARN: IPv6 Route] No route found
22:20.348	ID:4	[WARN: IPv6 Route] No route found
22:20.376	ID:3	[WARN: IPv6 Route] No route found
22:20.376	ID:3	[WARN: IPv6 Route] No route found
22:20.391	ID:1	[DATA_RECV] TS=1340010 | SRC=4 | SEQ=134 | DELAY_MS=9
22:20.715	ID:5	[NODE_STAT] TS=1340001 | ID=5 | OF=0 | PRNT=4 | RANK=1024 | PCHG=2 | CPU=1340000000 | LPM=0 | TX=0 | RX=0
22:20.715	ID:5	[DATA_SEND] TS=1340001 | ID=5 | SEQ=133
22:20.715	ID:5	[WARN: IPv6 Route] No route found
22:20.715	ID:5	[WARN: IPv6 Route] No route found
22:20.731	ID:4	[WARN: IPv6 Route] No route found
22:20.731	ID:4	[WARN: IPv6 Route] No route found
22:20.757	ID:3	[WARN: IPv6 Route] No route found
22:20.757	ID:3	[WARN: IPv6 Route] No route found
22:20.789	ID:1	[DATA_RECV] TS=1340408 | SRC=5 | SEQ=133 | DELAY_MS=407
22:20.899	ID:3	[NODE_STAT] TS=1340001 | ID=3 | OF=0 | PRNT=1 | RANK=512 | PCHG=1 | CPU=1340000000 | LPM=0 | TX=0 | RX=0
22:20.899	ID:3	[DATA_SEND] TS=1340001 | ID=3 | SEQ=134
22:20.899	ID:3	[WARN: IPv6 Route] No route found
22:20.899	ID:3	[WARN: IPv6 Route] No route found
22:20.925	ID:1	[DATA_RECV] TS=1340544 | SRC=3 | SEQ=134 | DELAY_MS=543
22:30.236	ID:2	[NODE_STAT] TS=1350001 | ID=2 | OF=0 | PRNT=1 | RANK=1024 | PCHG=1 | CPU=1350000000 | LPM=0 | TX=0 | RX=0
22:30.236	ID:2	[DATA_SEND] TS=1350001 | ID=2 | SEQ=135
22:30.236	ID:2	[WARN: IPv6 Route] No route found
22:30.236	ID:2	[WARN: IPv6 Route] No route found
22:30.348	ID:4	[NODE_STAT] TS=1350001 | ID=4 | OF=0 | PRNT=3 | RANK=768 | PCHG=1 | CPU=1350000000 | LPM=0 | TX=0 | RX=0
22:30.348	ID:4	[DATA_SEND] TS=1350001 | ID=4 | SEQ=135
22:30.348	ID:4	[WARN: IPv6 Route] No route found
22:30.348	ID:4	[WARN: IPv6 Route] No route found
22:30.353	ID:1	[DATA_RECV] TS=1349972 | SRC=2 | SEQ=135 | DELAY_MS=0
22:30.388	ID:3	[WARN: IPv6 Route] No route found
22:30.388	ID:3	[WARN: IPv6 Route] No route found
22:30.396	ID:1	[DATA_RECV] TS=1350015 | SRC=4 | SEQ=135 | DELAY_MS=14
22:30.715	ID:5	[NODE_STAT] TS=1350001 | ID=5 | OF=0 | PRNT=4 | RANK=1024 | PCHG=2 | CPU=1350000000 | LPM=0 | TX=0 | RX=0
22:30.715	ID:5	[DATA_SEND] TS=1350001 | ID=5 | SEQ=134
22:30.715	ID:5	[WARN: IPv6 Route] No route found
22:30.715	ID:5	[WARN: IPv6 Route] No route found
22:30.725	ID:4	[WARN: IPv6 Route] No route found
22:30.725	ID:4	[WARN: IPv6 Route] No route found
22:30.757	ID:3	[WARN: IPv6 Route] No route found
22:30.757	ID:3	[WARN: IPv6 Route] No route found
22:30.789	ID:1	[DATA_RECV] TS=1350408 | SRC=5 | SEQ=134 | DELAY_MS=407
22:30.899	ID:3	[NODE_STAT] TS=1350001 | ID=3 | OF=0 | PRNT=1 | RANK=512 | PCHG=1 | CPU=1350000000 | LPM=0 | TX=0 | RX=0
22:30.899	ID:3	[DATA_SEND] TS=1350001 | ID=3 | SEQ=135
22:30.899	ID:3	[WARN: IPv6 Route] No route found
22:30.899	ID:3	[WARN: IPv6 Route] No route found
22:30.923	ID:1	[DATA_RECV] TS=1350542 | SRC=3 | SEQ=135 | DELAY_MS=541
22:40.236	ID:2	[NODE_STAT] TS=1360001 | ID=2 | OF=0 | PRNT=1 | RANK=1280 | PCHG=1 | CPU=1360000000 | LPM=0 | TX=0 | RX=0
22:40.236	ID:2	[DATA_SEND] TS=1360001 | ID=2 | SEQ=136
22:40.236	ID:2	[WARN: IPv6 Route] No route found
22:40.236	ID:2	[WARN: IPv6 Route] No route found
22:40.275	ID:1	[DATA_RECV] TS=1359894 | SRC=2 | SEQ=136 | DELAY_MS=0
22:40.348	ID:4	[NODE_STAT] TS=1360001 | ID=4 | OF=0 | PRNT=3 | RANK=768 | PCHG=1 | CPU=1360000000 | LPM=0 | TX=0 | RX=0
22:40.348	ID:4	[DATA_SEND] TS=1360001 | ID=4 | SEQ=136
22:40.348	ID:4	[WARN: IPv6 Route] No route found
22:40.348	ID:4	[WARN: IPv6 Route] No route found
22:40.375	ID:3	[WARN: IPv6 Route] No route found
22:40.375	ID:3	[WARN: IPv6 Route] No route found
22:40.414	ID:1	[DATA_RECV] TS=1360033 | SRC=4 | SEQ=136 | DELAY_MS=32
22:40.715	ID:5	[NODE_STAT] TS=1360001 | ID=5 | OF=0 | PRNT=4 | RANK=1024 | PCHG=2 | CPU=1360000000 | LPM=0 | TX=0 | RX=0
22:40.715	ID:5	[DATA_SEND] TS=1360001 | ID=5 | SEQ=135
22:40.715	ID:5	[WARN: IPv6 Route] No route found
22:40.715	ID:5	[WARN: IPv6 Route] No route found
22:40.756	ID:4	[WARN: IPv6 Route] No route found
22:40.756	ID:4	[WARN: IPv6 Route] No route found
22:40.782	ID:3	[WARN: IPv6 Route] No route found
22:40.782	ID:3	[WARN: IPv6 Route] No route found
22:40.815	ID:1	[DATA_RECV] TS=1360434 | SRC=5 | SEQ=135 | DELAY_MS=433
22:40.899	ID:3	[NODE_STAT] TS=1360001 | ID=3 | OF=0 | PRNT=1 | RANK=512 | PCHG=1 | CPU=1360000000 | LPM=0 | TX=0 | RX=0
22:40.899	ID:3	[DATA_SEND] TS=1360001 | ID=3 | SEQ=136
22:40.899	ID:3	[WARN: IPv6 Route] No route found
22:40.899	ID:3	[WARN: IPv6 Route] No route found
22:40.941	ID:1	[DATA_RECV] TS=1360560 | SRC=3 | SEQ=136 | DELAY_MS=559
22:50.236	ID:2	[NODE_STAT] TS=1370001 | ID=2 | OF=0 | PRNT=1 | RANK=1024 | PCHG=1 | CPU=1370000000 | LPM=0 | TX=0 | RX=0
22:50.236	ID:2	[DATA_SEND] TS=1370001 | ID=2 | SEQ=137
22:50.236	ID:2	[WARN: IPv6 Route] No route found
22:50.236	ID:2	[WARN: IPv6 Route] No route found
22:50.307	ID:1	[DATA_RECV] TS=1369926 | SRC=2 | SEQ=137 | DELAY_MS=0
22:50.348	ID:4	[NODE_STAT] TS=1370001 | ID=4 | OF=0 | PRNT=3 | RANK=768 | PCHG=1 | CPU=1370000000 | LPM=0 | TX=0 | RX=0
22:50.348	ID:4	[DATA_SEND] TS=1370001 | ID=4 | SEQ=137
22:50.348	ID:4	[WARN: IPv6 Route] No route found
22:50.348	ID:4	[WARN: IPv6 Route] No route found
22:50.369	ID:3	[WARN: IPv6 Route] No route found
22:50.369	ID:3	[WARN: IPv6 Route] No route found
22:50.400	ID:1	[DATA_RECV] TS=1370019 | SRC=4 | SEQ=137 | DELAY_MS=18
22:50.715	ID:5	[NODE_STAT] TS=1370001 | ID=5 | OF=0 | PRNT=4 | RANK=1024 | PCHG=2 | CPU=1370000000 | LPM=0 | TX=0 | RX=0
22:50.715	ID:5	[DATA_SEND] TS=1370001 | ID=5 | SEQ=136
22:50.715	ID:5	[WARN: IPv6 Route] No route found
22:50.715	ID:5	[WARN: IPv6 Route] No route found
22:50.721	ID:4	[WARN: IPv6 Route] No route found
22:50.721	ID:4	[WARN: IPv6 Route] No route found
22:50.764	ID:3	[WARN: IPv6 Route] No route found
22:50.764	ID:3	[WARN: IPv6 Route] No route found
22:50.806	ID:1	[DATA_RECV] TS=1370425 | SRC=5 | SEQ=136 | DELAY_MS=424
22:50.899	ID:3	[NODE_STAT] TS=1370001 | ID=3 | OF=0 | PRNT=1 | RANK=512 | PCHG=1 | CPU=1370000000 | LPM=0 | TX=0 | RX=0
22:50.899	ID:3	[DATA_SEND] TS=1370001 | ID=3 | SEQ=137
22:50.899	ID:3	[WARN: IPv6 Route] No route found
22:50.899	ID:3	[WARN: IPv6 Route] No route found
22:50.927	ID:1	[DATA_RECV] TS=1370546 | SRC=3 | SEQ=137 | DELAY_MS=545
23:00.236	ID:2	[NODE_STAT] TS=1380001 | ID=2 | OF=0 | PRNT=1 | RANK=1024 | PCHG=1 | CPU=1380000000 | LPM=0 | TX=0 | RX=0
23:00.236	ID:2	[DATA_SEND] TS=1380001 | ID=2 | SEQ=138
23:00.236	ID:2	[WARN: IPv6 Route] No route found
23:00.236	ID:2	[WARN: IPv6 Route] No route found
23:00.252	ID:1	[DATA_RECV] TS=1379871 | SRC=2 | SEQ=138 | DELAY_MS=0
23:00.348	ID:4	[NODE_STAT] TS=1380001 | ID=4 | OF=0 | PRNT=3 | RANK=768 | PCHG=1 | CPU=1380000000 | LPM=0 | TX=0 | RX=0
23:00.348	ID:4	[DATA_SEND] TS=1380001 | ID=4 | SEQ=138
23:00.348	ID:4	[WARN: IPv6 Route] No route found
23:00.348	ID:4	[WARN: IPv6 Route] No route found
23:00.383	ID:3	[WARN: IPv6 Route] No route found
23:00.383	ID:3	[WARN: IPv6 Route] No route found
23:00.417	ID:1	[DATA_RECV] TS=1380036 | SRC=4 | SEQ=138 | DELAY_MS=35
23:00.715	ID:5	[NODE_STAT] TS=1380001 | ID=5 | OF=0 | PRNT=4 | RANK=1024 | PCHG=2 | CPU=1380000000 | LPM=0 | TX=0 | RX=0
23:00.715	ID:5	[DATA_SEND] TS=1380001 | ID=5 | SEQ=137
23:00.715	ID:5	[WARN: IPv6 Route] No route found
23:00.715	ID:5	[WARN: IPv6 Route] No route found
23:00.725	ID:4	[WARN: IPv6 Route] No route found
23:00.725	ID:4	[WARN: IPv6 Route] No route found
23:00.755	ID:3	[WARN: IPv6 Route] No route found
23:00.755	ID:3	[WARN: IPv6 Route] No route found
23:00.792	ID:1	[DATA_RECV] TS=1380411 | SRC=5 | SEQ=137 | DELAY_MS=410
23:00.899	ID:3	[NODE_STAT] TS=1380001 | ID=3 | OF=0 | PRNT=1 | RANK=512 | PCHG=1 | CPU=1380000000 | LPM=0 | TX=0 | RX=0
23:00.899	ID:3	[DATA_SEND] TS=1380001 | ID=3 | SEQ=138
23:00.899	ID:3	[WARN: IPv6 Route] No route found
23:00.899	ID:3	[WARN: IPv6 Route] No route found
23:00.916	ID:1	[DATA_RECV] TS=1380535 | SRC=3 | SEQ=138 | DELAY_MS=534
23:10.236	ID:2	[NODE_STAT] TS=1390001 | ID=2 | OF=0 | PRNT=1 | RANK=1024 | PCHG=1 | CPU=1390000000 | LPM=0 | TX=0 | RX=0
23:10.236	ID:2	[DATA_SEND] TS=1390001 | ID=2 | SEQ=139
23:10.236	ID:2	[WARN: IPv6 Route] No route found
23:10.236	ID:2	[WARN: IPv6 Route] No route found
23:10.265	ID:1	[DATA_RECV] TS=1389884 | SRC=2 | SEQ=139 | DELAY_MS=0
23:10.348	ID:4	[NODE_STAT] TS=1390001 | ID=4 | OF=0 | PRNT=3 | RANK=768 | PCHG=1 | CPU=1390000000 | LPM=0 | TX=0 | RX=0
23:10.348	ID:4	[DATA_SEND] TS=1390001 | ID=4 | SEQ=139
23:10.348	ID:4	[WARN: IPv6 Route] No route found
23:10.348	ID:4	[WARN: IPv6 Route] No route found
23:10.364	ID:3	[WARN: IPv6 Route] No route found
23:10.364	ID:3	[WARN: IPv6 Route] No route found
23:10.373	ID:1	[DATA_RECV] TS=1389992 | SRC=4 | SEQ=139 | DELAY_MS=0
23:10.715	ID:5	[NODE_STAT] TS=1390001 | ID=5 | OF=0 | PRNT=4 | RANK=1024 | PCHG=2 | CPU=1390000000 | LPM=0 | TX=0 | RX=0
23:10.715	ID:5	[DATA_SEND] TS=1390001 | ID=5 | SEQ=138
23:10.715	ID:5	[WARN: IPv6 Route] No route found
23:10.715	ID:5	[WARN: IPv6 Route] No route found
23:10.721	ID:4	[WARN: IPv6 Route] No route found
23:10.721	ID:4	[WARN: IPv6 Route] No route found
23:10.761	ID:3	[WARN: IPv6 Route] No route found
23:10.761	ID:3	[WARN: IPv6 Route] No route found
23:10.804	ID:1	[DATA_RECV] TS=1390423 | SRC=5 | SEQ=138 | DELAY_MS=422
23:10.899	ID:3	[NODE_STAT] TS=1390001 | ID=3 | OF=0 | PRNT=1 | RANK=512 | PCHG=1 | CPU=1390000000 | LPM=0 | TX=0 | RX=0
23:10.899	ID:3	[DATA_SEND] TS=1390001 | ID=3 | SEQ=139
23:10.899	ID:3	[WARN: IPv6 Route] No route found
23:10.899	ID:3	[WARN: IPv6 Route] No route found
23:10.942	ID:1	[DATA_RECV] TS=1390561 | SRC=3 | SEQ=139 | DELAY_MS=560
23:20.236	ID:2	[NODE_STAT] TS=1400001 | ID=2 | OF=0 | PRNT=1 | RANK=1024 | PCHG=1 | CPU=1400000000 | LPM=0 | TX=0 | RX=0
23:20.236	ID:2	[DATA_SEND] TS=1400001 | ID=2 | SEQ=140
23:20.236	ID:2	[WARN: IPv6 Route] No route found
23:20.236	ID:2	[WARN: IPv6 Route] No route found
23:20.242	ID:1	[DATA_RECV] TS=1399861 | SRC=2 | SEQ=140 | DELAY_MS=0
23:20.348	ID:4	[NODE_STAT] TS=1400001 | ID=4 | OF=0 | PRNT=3 | RANK=768 | PCHG=1 | CPU=1400000000 | LPM=0 | TX=0 | RX=0
23:20.348	ID:4	[DATA_SEND] TS=1400001 | ID=4 | SEQ=140
23:20.348	ID:4	[WARN: IPv6 Route] No route found
23:20.348	ID:4	[WARN: IPv6 Route] No route found
23:20.360	ID:3	[WARN: IPv6 Route] No route found
23:20.360	ID:3	[WARN: IPv6 Route] No route found
23:20.394	ID:1	[DATA_RECV] TS=1400013 | SRC=4 | SEQ=140 | DELAY_MS=12
23:20.715	ID:5	[NODE_STAT] TS=1400001 | ID=5 | OF=0 | PRNT=4 | RANK=1024 | PCHG=2 | CPU=1400000000 | LPM=0 | TX=0 | RX=0
23:20.715	ID:5	[DATA_SEND] TS=1400001 | ID=5 | SEQ=139
23:20.715	ID:5	[WARN: IPv6 Route] No route found
23:20.715	ID:5	[WARN: IPv6 Route] No route found
23:20.731	ID:4	[WARN: IPv6 Route] No route found
23:20.731	ID:4	[WARN: IPv6 Route] No route found
23:20.772	ID:3	[WARN: IPv6 Route] No route found
23:20.772	ID:3	[WARN: IPv6 Route] No route found
23:20.803	ID:1	[DATA_RECV] TS=1400422 | SRC=5 | SEQ=139 | DELAY_MS=421
23:20.899	ID:3	[NODE_STAT] TS=1400001 | ID=3 | OF=0 | PRNT=1 | RANK=512 | PCHG=1 | CPU=1400000000 | LPM=0 | TX=0 | RX=0
23:20.899	ID:3	[DATA_SEND] TS=1400001 | ID=3 | SEQ=140
23:20.899	ID:3	[WARN: IPv6 Route] No route found
23:20.899	ID:3	[WARN: IPv6 Route] No route found
23:20.910	ID:1	[DATA_RECV] TS=1400529 | SRC=3 | SEQ=140 | DELAY_MS=528
23:30.236	ID:2	[NODE_STAT] TS=1410001 | ID=2 | OF=0 | PRNT=1 | RANK=1024 | PCHG=1 | CPU=1410000000 | LPM=0 | TX=0 | RX=0
23:30.236	ID:2	[DATA_SEND] TS=1410001 | ID=2 | SEQ=141
23:30.236	ID:2	[WARN: IPv6 Route] No route found
23:30.236	ID:2	[WARN: IPv6 Route] No route found
23:30.348	ID:4	[NODE_STAT] TS=1410001 | ID=4 | OF=0 | PRNT=3 | RANK=768 | PCHG=1 | CPU=1410000000 | LPM=0 | TX=0 | RX=0
23:30.348	ID:4	[DATA_SEND] TS=1410001 | ID=4 | SEQ=141
23:30.348	ID:4	[WARN: IPv6 Route] No route found
23:30.348	ID:4	[WARN: IPv6 Route] No route found
23:30.358	ID:3	[WARN: IPv6 Route] No route found
23:30.358	ID:3	[WARN: IPv6 Route] No route found
23:30.366	ID:1	[DATA_RECV] TS=1409985 | SRC=2 | SEQ=141 | DELAY_MS=0
23:30.388	ID:1	[DATA_RECV] TS=1410007 | SRC=4 | SEQ=141 | DELAY_MS=6
23:30.715	ID:5	[NODE_STAT] TS=1410001 | ID=5 | OF=0 | PRNT=4 | RANK=1024 | PCHG=2 | CPU=1410000000 | LPM=0 | TX=0 | RX=0
23:30.715	ID:5	[DATA_SEND] TS=1410001 | ID=5 | SEQ=140
23:30.715	ID:5	[WARN: IPv6 Route] No route found
23:30.715	ID:5	[WARN: IPv6 Route] No route found
23:30.727	ID:4	[WARN: IPv6 Route] No route found
23:30.727	ID:4	[WARN: IPv6 Route] No route found
23:30.733	ID:3	[WARN: IPv6 Route] No route found
23:30.733	ID:3	[WARN: IPv6 Route] No route found
23:30.748	ID:1	[DATA_RECV] TS=1410367 | SRC=5 | SEQ=140 | DELAY_MS=366
23:30.899	ID:3	[NODE_STAT] TS=1410001 | ID=3 | OF=0 | PRNT=1 | RANK=512 | PCHG=1 | CPU=1410000000 | LPM=0 | TX=0 | RX=0
23:30.899	ID:3	[DATA_SEND] TS=1410001 | ID=3 | SEQ=141
23:30.899	ID:3	[WARN: IPv6 Route] No route found
23:30.899	ID:3	[WARN: IPv6 Route] No route found
23:30.923	ID:1	[DATA_RECV] TS=1410542 | SRC=3 | SEQ=141 | DELAY_MS=541
23:40.236	ID:2	[NODE_STAT] TS=1420001 | ID=2 | OF=0 | PRNT=1 | RANK=1280 | PCHG=1 | CPU=1420000000 | LPM=0 | TX=0 | RX=0
23:40.236	ID:2	[DATA_SEND] TS=1420001 | ID=2 | SEQ=142
23:40.236	ID:2	[WARN: IPv6 Route] No route found
23:40.236	ID:2	[WARN: IPv6 Route] No route found
23:40.244	ID:1	[DATA_RECV] TS=1419863 | SRC=2 | SEQ=142 | DELAY_MS=0
23:40.348	ID:4	[NODE_STAT] TS=1420001 | ID=4 | OF=0 | PRNT=3 | RANK=768 | PCHG=1 | CPU=1420000000 | LPM=0 | TX=0 | RX=0
23:40.348	ID:4	[DATA_SEND] TS=1420001 | ID=4 | SEQ=142
23:40.348	ID:4	[WARN: IPv6 Route] No route found
23:40.348	ID:4	[WARN: IPv6 Route] No route found
23:40.364	ID:3	[WARN: IPv6 Route] No route found
23:40.364	ID:3	[WARN: IPv6 Route] No route found
23:40.382	ID:1	[DATA_RECV] TS=1420001 | SRC=4 | SEQ=142 | DELAY_MS=0
23:40.715	ID:5	[NODE_STAT] TS=1420001 | ID=5 | OF=0 | PRNT=4 | RANK=1024 | PCHG=2 | CPU=1420000000 | LPM=0 | TX=0 | RX=0
23:40.715	ID:5	[DATA_SEND] TS=1420001 | ID=5 | SEQ=141
23:40.715	ID:5	[WARN: IPv6 Route] No route found
23:40.715	ID:5	[WARN: IPv6 Route] No route found
23:40.745	ID:4	[WARN: IPv6 Route] No route found
23:40.745	ID:4	[WARN: IPv6 Route] No route found
23:40.785	ID:3	[WARN: IPv6 Route] No route found
23:40.785	ID:3	[WARN: IPv6 Route] No route found
23:40.802	ID:1	[DATA_RECV] TS=1420421 | SRC=5 | SEQ=141 | DELAY_MS=420
23:40.899	ID:3	[NODE_STAT] TS=1420001 | ID=3 | OF=0 | PRNT=1 | RANK=512 | PCHG=1 | CPU=1420000000 | LPM=0 | TX=0 | RX=0
23:40.899	ID:3	[DATA_SEND] TS=1420001 | ID=3 | SEQ=142
23:40.899	ID:3	[WARN: IPv6 Route] No route found
23:40.899	ID:3	[WARN: IPv6 Route] No route found
23:40.937	ID:1	[DATA_RECV] TS=1420556 | SRC=3 | SEQ=142 | DELAY_MS=555
23:50.236	ID:2	[NODE_STAT] TS=1430001 | ID=2 | OF=0 | PRNT=1 | RANK=1024 | PCHG=1 | CPU=1430000000 | LPM=0 | TX=0 | RX=0
23:50.236	ID:2	[DATA_SEND] TS=1430001 | ID=2 | SEQ=143
23:50.236	ID:2	[WARN: IPv6 Route] No route found
23:50.236	ID:2	[WARN: IPv6 Route] No route found
23:50.348	ID:4	[NODE_STAT] TS=1430001 | ID=4 | OF=0 | PRNT=3 | RANK=768 | PCHG=1 | CPU=1430000000 | LPM=0 | TX=0 | RX=0
23:50.348	ID:4	[DATA_SEND] TS=1430001 | ID=4 | SEQ=143
23:50.348	ID:4	[WARN: IPv6 Route] No route found
23:50.348	ID:4	[WARN: IPv6 Route] No route found
23:50.361	ID:1	[DATA_RECV] TS=1429980 | SRC=2 | SEQ=143 | DELAY_MS=0
23:50.376	ID:3	[WARN: IPv6 Route] No route found
23:50.376	ID:3	[WARN: IPv6 Route] No route found
23:50.387	ID:1	[DATA_RECV] TS=1430006 | SRC=4 | SEQ=143 | DELAY_MS=5
23:50.715	ID:5	[NODE_STAT] TS=1430001 | ID=5 | OF=0 | PRNT=4 | RANK=1024 | PCHG=2 | CPU=1430000000 | LPM=0 | TX=0 | RX=0
23:50.715	ID:5	[DATA_SEND] TS=1430001 | ID=5 | SEQ=142
23:50.715	ID:5	[WARN: IPv6 Route] No route found
23:50.715	ID:5	[WARN: IPv6 Route] No route found
23:50.750	ID:4	[WARN: IPv6 Route] No route found
23:50.750	ID:4	[WARN: IPv6 Route] No route found
23:50.782	ID:3	[WARN: IPv6 Route] No route found
23:50.782	ID:3	[WARN: IPv6 Route] No route found
23:50.815	ID:1	[DATA_RECV] TS=1430434 | SRC=5 | SEQ=142 | DELAY_MS=433
23:50.899	ID:3	[NODE_STAT] TS=1430001 | ID=3 | OF=0 | PRNT=1 | RANK=512 | PCHG=1 | CPU=1430000000 | LPM=0 | TX=0 | RX=0
23:50.899	ID:3	[DATA_SEND] TS=1430001 | ID=3 | SEQ=143
23:50.899	ID:3	[WARN: IPv6 Route] No route found
23:50.899	ID:3	[WARN: IPv6 Route] No route found
23:50.915	ID:1	[DATA_RECV] TS=1430534 | SRC=3 | SEQ=143 | DELAY_MS=533
24:00.236	ID:2	[NODE_STAT] TS=1440001 | ID=2 | OF=0 | PRNT=1 | RANK=1280 | PCHG=1 | CPU=1440000000 | LPM=0 | TX=0 | RX=0
24:00.236	ID:2	[DATA_SEND] TS=1440001 | ID=2 | SEQ=144
24:00.236	ID:2	[WARN: IPv6 Route] No route found
24:00.236	ID:2	[WARN: IPv6 Route] No route found
24:00.300	ID:1	[DATA_RECV] TS=1439919 | SRC=2 | SEQ=144 | DELAY_MS=0
24:00.348	ID:4	[NODE_STAT] TS=1440001 | ID=4 | OF=0 | PRNT=3 | RANK=768 | PCHG=1 | CPU=1440000000 | LPM=0 | TX=0 | RX=0
24:00.348	ID:4	[DATA_SEND] TS=1440001 | ID=4 | SEQ=144
24:00.348	ID:4	[WARN: IPv6 Route] No route found
24:00.348	ID:4	[WARN: IPv6 Route] No route found
24:00.367	ID:3	[WARN: IPv6 Route] No route found
24:00.367	ID:3	[WARN: IPv6 Route] No route found
24:00.407	ID:1	[DATA_RECV] TS=1440026 | SRC=4 | SEQ=144 | DELAY_MS=25
24:00.715	ID:5	[NODE_STAT] TS=1440001 | ID=5 | OF=0 | PRNT=4 | RANK=1024 | PCHG=2 | CPU=1440000000 | LPM=0 | TX=0 | RX=0
24:00.715	ID:5	[DATA_SEND] TS=1440001 | ID=5 | SEQ=143
24:00.715	ID:5	[WARN: IPv6 Route] No route found
24:00.715	ID:5	[WARN: IPv6 Route] No route found
24:00.748	ID:4	[WARN: IPv6 Route] No route found
24:00.748	ID:4	[WARN: IPv6 Route] No route found
24:00.764	ID:3	[WARN: IPv6 Route] No route found
24:00.764	ID:3	[WARN: IPv6 Route] No route found
24:00.802	ID:1	[DATA_RECV] TS=1440421 | SRC=5 | SEQ=143 | DELAY_MS=420
24:00.899	ID:3	[NODE_STAT] TS=1440001 | ID=3 | OF=0 | PRNT=1 | RANK=512 | PCHG=1 | CPU=1440000000 | LPM=0 | TX=0 | RX=0
24:00.899	ID:3	[DATA_SEND] TS=1440001 | ID=3 | SEQ=144
24:00.899	ID:3	[WARN: IPv6 Route] No route found
24:00.899	ID:3	[WARN: IPv6 Route] No route found
24:00.916	ID:1	[DATA_RECV] TS=1440535 | SRC=3 | SEQ=144 | DELAY_MS=534
24:10.236	ID:2	[NODE_STAT] TS=1450001 | ID=2 | OF=0 | PRNT=1 | RANK=1280 | PCHG=1 | CPU=1450000000 | LPM=0 | TX=0 | RX=0
24:10.236	ID:2	[DATA_SEND] TS=1450001 | ID=2 | SEQ=145
24:10.236	ID:2	[WARN: IPv6 Route] No route found
24:10.236	ID:2	[WARN: IPv6 Route] No route found
24:10.245	ID:1	[DATA_RECV] TS=1449864 | SRC=2 | SEQ=145 | DELAY_MS=0
24:10.348	ID:4	[NODE_STAT] TS=1450001 | ID=4 | OF=0 | PRNT=3 | RANK=768 | PCHG=1 | CPU=1450000000 | LPM=0 | TX=0 | RX=0
24:10.348	ID:4	[DATA_SEND] TS=1450001 | ID=4 | SEQ=145
24:10.348	ID:4	[WARN: IPv6 Route] No route found
24:10.348	ID:4	[WARN: IPv6 Route] No route found
24:10.355	ID:3	[WARN: IPv6 Route] No route found
24:10.355	ID:3	[WARN: IPv6 Route] No route found
24:10.366	ID:1	[DATA_RECV] TS=1449985 | SRC=4 | SEQ=145 | DELAY_MS=0
24:10.715	ID:5	[NODE_STAT] TS=1450001 | ID=5 | OF=0 | PRNT=4 | RANK=1024 | PCHG=2 | CPU=1450000000 | LPM=0 | TX=0 | RX=0
24:10.715	ID:5	[DATA_SEND] TS=1450001 | ID=5 | SEQ=144
24:10.715	ID:5	[WARN: IPv6 Route] No route found
24:10.715	ID:5	[WARN: IPv6 Route] No route found
24:10.720	ID:4	[WARN: IPv6 Route] No route found
24:10.720	ID:4	[WARN: IPv6 Route] No route found
24:10.737	ID:3	[WARN: IPv6 Route] No route found
24:10.737	ID:3	[WARN: IPv6 Route] No route found
24:10.743	ID:1	[DATA_RECV] TS=1450362 | SRC=5 | SEQ=144 | DELAY_MS=361
24:10.899	ID:3	[NODE_STAT] TS=1450001 | ID=3 | OF=0 | PRNT=1 | RANK=512 | PCHG=1 | CPU=1450000000 | LPM=0 | TX=0 | RX=0
24:10.899	ID:3	[DATA_SEND] TS=1450001 | ID=3 | SEQ=145
24:10.899	ID:3	[WARN: IPv6 Route] No route found
24:10.899	ID:3	[WARN: IPv6 Route] No route found
24:10.913	ID:1	[DATA_RECV] TS=1450532 | SRC=3 | SEQ=145 | DELAY_MS=531
24:20.236	ID:2	[NODE_STAT] TS=1460001 | ID=2 | OF=0 | PRNT=1 | RANK=1280 | PCHG=1 | CPU=1460000000 | LPM=0 | TX=0 | RX=0
24:20.236	ID:2	[DATA_SEND] TS=1460001 | ID=2 | SEQ=146
24:20.236	ID:2	[WARN: IPv6 Route] No route found
24:20.236	ID:2	[WARN: IPv6 Route] No route found
24:20.245	ID:1	[DATA_RECV] TS=1459864 | SRC=2 | SEQ=146 | DELAY_MS=0
24:20.348	ID:4	[NODE_STAT] TS=1460001 | ID=4 | OF=0 | PRNT=3 | RANK=768 | PCHG=1 | CPU=1460000000 | LPM=0 | TX=0 | RX=0
24:20.348	ID:4	[DATA_SEND] TS=1460001 | ID=4 | SEQ=146
24:20.348	ID:4	[WARN: IPv6 Route] No route found
24:20.348	ID:4	[WARN: IPv6 Route] No route found
24:20.366	ID:3	[WARN: IPv6 Route] No route found
24:20.366	ID:3	[WARN: IPv6 Route] No route found
24:20.409	ID:1	[DATA_RECV] TS=1460028 | SRC=4 | SEQ=146 | DELAY_MS=27
24:20.715	ID:5	[NODE_STAT] TS=1460001 | ID=5 | OF=0 | PRNT=4 | RANK=1024 | PCHG=2 | CPU=1460000000 | LPM=0 | TX=0 | RX=0
24:20.715	ID:5	[DATA_SEND] TS=1460001 | ID=5 | SEQ=145
24:20.715	ID:5	[WARN: IPv6 Route] No route found
24:20.715	ID:5	[WARN: IPv6 Route] No route found
24:20.756	ID:4	[WARN: IPv6 Route] No route found
24:20.756	ID:4	[WARN: IPv6 Route] No route found
24:20.786	ID:3	[WARN: IPv6 Route] No route found
24:20.786	ID:3	[WARN: IPv6 Route] No route found
24:20.815	ID:1	[DATA_RECV] TS=1460434 | SRC=5 | SEQ=145 | DELAY_MS=433
24:20.899	ID:3	[NODE_STAT] TS=1460001 | ID=3 | OF=0 | PRNT=1 | RANK=512 | PCHG=1 | CPU=1460000000 | LPM=0 | TX=0 | RX=0
24:20.899	ID:3	[DATA_SEND] TS=1460001 | ID=3 | SEQ=146
24:20.899	ID:3	[WARN: IPv6 Route] No route found
24:20.899	ID:3	[WARN: IPv6 Route] No route found
24:20.936	ID:1	[DATA_RECV] TS=1460555 | SRC=3 | SEQ=146 | DELAY_MS=554
24:30.236	ID:2	[NODE_STAT] TS=1470001 | ID=2 | OF=0 | PRNT=1 | RANK=1024 | PCHG=1 | CPU=1470000000 | LPM=0 | TX=0 | RX=0
24:30.236	ID:2	[DATA_SEND] TS=1470001 | ID=2 | SEQ=147
24:30.236	ID:2	[WARN: IPv6 Route] No route found
24:30.236	ID:2	[WARN: IPv6 Route] No route found
24:30.247	ID:1	[DATA_RECV] TS=1469866 | SRC=2 | SEQ=147 | DELAY_MS=0
24:30.348	ID:4	[NODE_STAT] TS=1470001 | ID=4 | OF=0 | PRNT=3 | RANK=768 | PCHG=1 | CPU=1470000000 | LPM=0 | TX=0 | RX=0
24:30.348	ID:4	[DATA_SEND] TS=1470001 | ID=4 | SEQ=147
24:30.348	ID:4	[WARN: IPv6 Route] No route found
24:30.348	ID:4	[WARN: IPv6 Route] No route found
24:30.372	ID:3	[WARN: IPv6 Route] No route found
24:30.372	ID:3	[WARN: IPv6 Route] No route found
24:30.418	ID:1	[DATA_RECV] TS=1470037 | SRC=4 | SEQ=147 | DELAY_MS=36
24:30.715	ID:5	[NODE_STAT] TS=1470001 | ID=5 | OF=0 | PRNT=4 | RANK=1024 | PCHG=2 | CPU=1470000000 | LPM=0 | TX=0 | RX=0
24:30.715	ID:5	[DATA_SEND] TS=1470001 | ID=5 | SEQ=146
24:30.715	ID:5	[WARN: IPv6 Route] No route found
24:30.715	ID:5	[WARN: IPv6 Route] No route found
24:30.742	ID:4	[WARN: IPv6 Route] No route found
24:30.742	ID:4	[WARN: IPv6 Route] No route found
24:30.750	ID:3	[WARN: IPv6 Route] No route found
24:30.750	ID:3	[WARN: IPv6 Route] No route found
24:30.795	ID:1	[DATA_RECV] TS=1470414 | SRC=5 | SEQ=146 | DELAY_MS=413
24:30.899	ID:3	[NODE_STAT] TS=1470001 | ID=3 | OF=0 | PRNT=1 | RANK=512 | PCHG=1 | CPU=1470000000 | LPM=0 | TX=0 | RX=0
24:30.899	ID:3	[DATA_SEND] TS=1470001 | ID=3 | SEQ=147
24:30.899	ID:3	[WARN: IPv6 Route] No route found
24:30.899	ID:3	[WARN: IPv6 Route] No route found
24:30.919	ID:1	[DATA_RECV] TS=1470538 | SRC=3 | SEQ=147 | DELAY_MS=537
24:40.236	ID:2	[NODE_STAT] TS=1480001 | ID=2 | OF=0 | PRNT=1 | RANK=1024 | PCHG=1 | CPU=1480000000 | LPM=0 | TX=0 | RX=0
24:40.236	ID:2	[DATA_SEND] TS=1480001 | ID=2 | SEQ=148
24:40.236	ID:2	[WARN: IPv6 Route] No route found
24:40.236	ID:2	[WARN: IPv6 Route] No route found
24:40.272	ID:1	[DATA_RECV] TS=1479891 | SRC=2 | SEQ=148 | DELAY_MS=0
24:40.348	ID:4	[NODE_STAT] TS=1480001 | ID=4 | OF=0 | PRNT=3 | RANK=768 | PCHG=1 | CPU=1480000000 | LPM=0 | TX=0 | RX=0
24:40.348	ID:4	[DATA_SEND] TS=1480001 | ID=4 | SEQ=148
24:40.348	ID:4	[WARN: IPv6 Route] No route found
24:40.348	ID:4	[WARN: IPv6 Route] No route found
24:40.387	ID:3	[WARN: IPv6 Route] No route found
24:40.387	ID:3	[WARN: IPv6 Route] No route found
24:40.425	ID:1	[DATA_RECV] TS=1480044 | SRC=4 | SEQ=148 | DELAY_MS=43
24:40.715	ID:5	[NODE_STAT] TS=1480001 | ID=5 | OF=0 | PRNT=4 | RANK=1024 | PCHG=2 | CPU=1480000000 | LPM=0 | TX=0 | RX=0
24:40.715	ID:5	[DATA_SEND] TS=1480001 | ID=5 | SEQ=147
24:40.715	ID:5	[WARN: IPv6 Route] No route found
24:40.715	ID:5	[WARN: IPv6 Route] No route found
24:40.748	ID:4	[WARN: IPv6 Route] No route found
24:40.748	ID:4	[WARN: IPv6 Route] No route found
24:40.793	ID:3	[WARN: IPv6 Route] No route found
24:40.793	ID:3	[WARN: IPv6 Route] No route found
24:40.834	ID:1	[DATA_RECV] TS=1480453 | SRC=5 | SEQ=147 | DELAY_MS=452
24:40.899	ID:3	[NODE_STAT] TS=1480001 | ID=3 | OF=0 | PRNT=1 | RANK=512 | PCHG=1 | CPU=1480000000 | LPM=0 | TX=0 | RX=0
24:40.899	ID:3	[DATA_SEND] TS=1480001 | ID=3 | SEQ=148
24:40.899	ID:3	[WARN: IPv6 Route] No route found
24:40.899	ID:3	[WARN: IPv6 Route] No route found
24:40.922	ID:1	[DATA_RECV] TS=1480541 | SRC=3 | SEQ=148 | DELAY_MS=540
24:50.236	ID:2	[NODE_STAT] TS=1490001 | ID=2 | OF=0 | PRNT=1 | RANK=1024 | PCHG=1 | CPU=1490000000 | LPM=0 | TX=0 | RX=0
24:50.236	ID:2	[DATA_SEND] TS=1490001 | ID=2 | SEQ=149
24:50.236	ID:2	[WARN: IPv6 Route] No route found
24:50.236	ID:2	[WARN: IPv6 Route] No route found
24:50.266	ID:1	[DATA_RECV] TS=1489885 | SRC=2 | SEQ=149 | DELAY_MS=0
24:50.348	ID:4	[NODE_STAT] TS=1490001 | ID=4 | OF=0 | PRNT=3 | RANK=768 | PCHG=1 | CPU=1490000000 | LPM=0 | TX=0 | RX=0
24:50.348	ID:4	[DATA_SEND] TS=1490001 | ID=4 | SEQ=149
24:50.348	ID:4	[WARN: IPv6 Route] No route found
24:50.348	ID:4	[WARN: IPv6 Route] No route found
24:50.384	ID:3	[WARN: IPv6 Route] No route found
24:50.384	ID:3	[WARN: IPv6 Route] No route found
24:50.394	ID:1	[DATA_RECV] TS=1490013 | SRC=4 | SEQ=149 | DELAY_MS=12
24:50.715	ID:5	[NODE_STAT] TS=1490001 | ID=5 | OF=0 | PRNT=4 | RANK=1024 | PCHG=2 | CPU=1490000000 | LPM=0 | TX=0 | RX=0
24:50.715	ID:5	[DATA_SEND] TS=1490001 | ID=5 | SEQ=148
24:50.715	ID:5	[WARN: IPv6 Route] No route found
24:50.715	ID:5	[WARN: IPv6 Route] No route found
24:50.739	ID:4	[WARN: IPv6 Route] No route found
24:50.739	ID:4	[WARN: IPv6 Route] No route found
24:50.758	ID:3	[WARN: IPv6 Route] No route found
24:50.758	ID:3	[WARN: IPv6 Route] No route found
24:50.783	ID:1	[DATA_RECV] TS=1490402 | SRC=5 | SEQ=148 | DELAY_MS=401
24:50.899	ID:3	[NODE_STAT] TS=1490001 | ID=3 | OF=0 | PRNT=1 | RANK=512 | PCHG=1 | CPU=1490000000 | LPM=0 | TX=0 | RX=0
24:50.899	ID:3	[DATA_SEND] TS=1490001 | ID=3 | SEQ=149
24:50.899	ID:3	[WARN: IPv6 Route] No route found
24:50.899	ID:3	[WARN: IPv6 Route] No route found
24:50.913	ID:1	[DATA_RECV] TS=1490532 | SRC=3 | SEQ=149 | DELAY_MS=531
25:00.236	ID:2	[NODE_STAT] TS=1500001 | ID=2 | OF=0 | PRNT=1 | RANK=1024 | PCHG=1 | CPU=1500000000 | LPM=0 | TX=0 | RX=0
25:00.236	ID:2	[DATA_SEND] TS=1500001 | ID=2 | SEQ=150
25:00.236	ID:2	[WARN: IPv6 Route] No route found
25:00.236	ID:2	[WARN: IPv6 Route] No route found
25:00.317	ID:1	[DATA_RECV] TS=1499936 | SRC=2 | SEQ=150 | DELAY_MS=0
25:00.348	ID:4	[NODE_STAT] TS=1500001 | ID=4 | OF=0 | PRNT=3 | RANK=768 | PCHG=1 | CPU=1500000000 | LPM=0 | TX=0 | RX=0
25:00.348	ID:4	[DATA_SEND] TS=1500001 | ID=4 | SEQ=150
25:00.348	ID:4	[WARN: IPv6 Route] No route found
25:00.348	ID:4	[WARN: IPv6 Route] No route found
25:00.353	ID:3	[WARN: IPv6 Route] No route found
25:00.353	ID:3	[WARN: IPv6 Route] No route found
25:00.378	ID:1	[DATA_RECV] TS=1499997 | SRC=4 | SEQ=150 | DELAY_MS=0
25:00.715	ID:5	[NODE_STAT] TS=1500001 | ID=5 | OF=0 | PRNT=4 | RANK=1024 | PCHG=2 | CPU=1500000000 | LPM=0 | TX=0 | RX=0
25:00.715	ID:5	[DATA_SEND] TS=1500001 | ID=5 | SEQ=149
25:00.715	ID:5	[WARN: IPv6 Route] No route found
25:00.715	ID:5	[WARN: IPv6 Route] No route found
25:00.745	ID:4	[WARN: IPv6 Route] No route found
25:00.745	ID:4	[WARN: IPv6 Route] No route found
25:00.785	ID:3	[WARN: IPv6 Route] No route found
25:00.785	ID:3	[WARN: IPv6 Route] No route found
25:00.815	ID:1	[DATA_RECV] TS=1500434 | SRC=5 | SEQ=149 | DELAY_MS=433
25:00.899	ID:3	[NODE_STAT] TS=1500001 | ID=3 | OF=0 | PRNT=1 | RANK=512 | PCHG=1 | CPU=1500000000 | LPM=0 | TX=0 | RX=0
25:00.899	ID:3	[DATA_SEND] TS=1500001 | ID=3 | SEQ=150
25:00.899	ID:3	[WARN: IPv6 Route] No route found
25:00.899	ID:3	[WARN: IPv6 Route] No route found
25:00.912	ID:1	[DATA_RECV] TS=1500531 | SRC=3 | SEQ=150 | DELAY_MS=530
25:10.236	ID:2	[NODE_STAT] TS=1510001 | ID=2 | OF=0 | PRNT=1 | RANK=1024 | PCHG=1 | CPU=1510000000 | LPM=0 | TX=0 | RX=0
25:10.236	ID:2	[DATA_SEND] TS=1510001 | ID=2 | SEQ=151
25:10.236	ID:2	[WARN: IPv6 Route] No route found
25:10.236	ID:2	[WARN: IPv6 Route] No route found
25:10.256	ID:1	[DATA_RECV] TS=1509875 | SRC=2 | SEQ=151 | DELAY_MS=0
25:10.348	ID:4	[NODE_STAT] TS=1510001 | ID=4 | OF=0 | PRNT=3 | RANK=768 | PCHG=1 | CPU=1510000000 | LPM=0 | TX=0 | RX=0
25:10.348	ID:4	[DATA_SEND] TS=1510001 | ID=4 | SEQ=151
25:10.348	ID:4	[WARN: IPv6 Route] No route found
25:10.348	ID:4	[WARN: IPv6 Route] No route found
25:10.380	ID:3	[WARN: IPv6 Route] No route found
25:10.380	ID:3	[WARN: IPv6 Route] No route found
25:10.418	ID:1	[DATA_RECV] TS=1510037 | SRC=4 | SEQ=151 | DELAY_MS=36
25:10.715	ID:5	[NODE_STAT] TS=1510001 | ID=5 | OF=0 | PRNT=4 | RANK=1024 | PCHG=2 | CPU=1510000000 | LPM=0 | TX=0 | RX=0
25:10.715	ID:5	[DATA_SEND] TS=1510001 | ID=5 | SEQ=150
25:10.715	ID:5	[WARN: IPv6 Route] No route found
25:10.715	ID:5	[WARN: IPv6 Route] No route found
25:10.735	ID:4	[WARN: IPv6 Route] No route found
25:10.735	ID:4	[WARN: IPv6 Route] No route found
25:10.742	ID:3	[WARN: IPv6 Route] No route found
25:10.742	ID:3	[WARN: IPv6 Route] No route found
25:10.774	ID:1	[DATA_RECV] TS=1510393 | SRC=5 | SEQ=150 | DELAY_MS=392
25:10.899	ID:3	[NODE_STAT] TS=1510001 | ID=3 | OF=0 | PRNT=1 | RANK=512 | PCHG=1 | CPU=1510000000 | LPM=0 | TX=0 | RX=0
25:10.899	ID:3	[DATA_SEND] TS=1510001 | ID=3 | SEQ=151
25:10.899	ID:3	[WARN: IPv6 Route] No route found
25:10.899	ID:3	[WARN: IPv6 Route] No route found
25:10.911	ID:1	[DATA_RECV] TS=1510530 | SRC=3 | SEQ=151 | DELAY_MS=529
25:20.236	ID:2	[NODE_STAT] TS=1520001 | ID=2 | OF=0 | PRNT=1 | RANK=768 | PCHG=1 | CPU=1520000000 | LPM=0 | TX=0 | RX=0
25:20.236	ID:2	[DATA_SEND] TS=1520001 | ID=2 | SEQ=152
25:20.236	ID:2	[WARN: IPv6 Route] No route found
25:20.236	ID:2	[WARN: IPv6 Route] No route found
25:20.264	ID:1	[DATA_RECV] TS=1519883 | SRC=2 | SEQ=152 | DELAY_MS=0
25:20.348	ID:4	[NODE_STAT] TS=1520001 | ID=4 | OF=0 | PRNT=3 | RANK=768 | PCHG=1 | CPU=1520000000 | LPM=0 | TX=0 | RX=0
25:20.348	ID:4	[DATA_SEND] TS=1520001 | ID=4 | SEQ=152
25:20.348	ID:4	[WARN: IPv6 Route] No route found
25:20.348	ID:4	[WARN: IPv6 Route] No route found
25:20.365	ID:3	[WARN: IPv6 Route] No route found
25:20.365	ID:3	[WARN: IPv6 Route] No route found
25:20.387	ID:1	[DATA_RECV] TS=1520006 | SRC=4 | SEQ=152 | DELAY_MS=5
25:20.715	ID:5	[NODE_STAT] TS=1520001 | ID=5 | OF=0 | PRNT=4 | RANK=1024 | PCHG=2 | CPU=1520000000 | LPM=0 | TX=0 | RX=0
25:20.715	ID:5	[DATA_SEND] TS=1520001 | ID=5 | SEQ=151
25:20.715	ID:5	[WARN: IPv6 Route] No route found
25:20.715	ID:5	[WARN: IPv6 Route] No route found
25:20.721	ID:4	[WARN: IPv6 Route] No route found
25:20.721	ID:4	[WARN: IPv6 Route] No route found
25:20.733	ID:3	[WARN: IPv6 Route] No route found
25:20.733	ID:3	[WARN: IPv6 Route] No route found
25:20.774	ID:1	[DATA_RECV] TS=1520393 | SRC=5 | SEQ=151 | DELAY_MS=392
25:20.899	ID:3	[NODE_STAT] TS=1520001 | ID=3 | OF=0 | PRNT=1 | RANK=512 | PCHG=1 | CPU=1520000000 | LPM=0 | TX=0 | RX=0
25:20.899	ID:3	[DATA_SEND] TS=1520001 | ID=3 | SEQ=152
25:20.899	ID:3	[WARN: IPv6 Route] No route found
25:20.899	ID:3	[WARN: IPv6 Route] No route found
25:20.924	ID:1	[DATA_RECV] TS=1520543 | SRC=3 | SEQ=152 | DELAY_MS=542
25:30.236	ID:2	[NODE_STAT] TS=1530001 | ID=2 | OF=0 | PRNT=1 | RANK=768 | PCHG=1 | CPU=1530000000 | LPM=0 | TX=0 | RX=0
25:30.236	ID:2	[DATA_SEND] TS=1530001 | ID=2 | SEQ=153
25:30.236	ID:2	[WARN: IPv6 Route] No route found
25:30.236	ID:2	[WARN: IPv6 Route] No route found
25:30.330	ID:1	[DATA_RECV] TS=1529949 | SRC=2 | SEQ=153 | DELAY_MS=0
25:30.348	ID:4	[NODE_STAT] TS=1530001 | ID=4 | OF=0 | PRNT=3 | RANK=768 | PCHG=1 | CPU=1530000000 | LPM=0 | TX=0 | RX=0
25:30.348	ID:4	[DATA_SEND] TS=1530001 | ID=4 | SEQ=153
25:30.348	ID:4	[WARN: IPv6 Route] No route found
25:30.348	ID:4	[WARN: IPv6 Route] No route found
25:30.352	ID:3	[WARN: IPv6 Route] No route found
25:30.352	ID:3	[WARN: IPv6 Route] No route found
25:30.376	ID:1	[DATA_RECV] TS=1529995 | SRC=4 | SEQ=153 | DELAY_MS=0
25:30.715	ID:5	[NODE_STAT] TS=1530001 | ID=5 | OF=0 | PRNT=4 | RANK=1024 | PCHG=2 | CPU=1530000000 | LPM=0 | TX=0 | RX=0
25:30.715	ID:5	[DATA_SEND] TS=1530001 | ID=5 | SEQ=152
25:30.715	ID:5	[WARN: IPv6 Route] No route found
25:30.715	ID:5	[WARN: IPv6 Route] No route found
25:30.720	ID:4	[WARN: IPv6 Route] No route found
25:30.720	ID:4	[WARN: IPv6 Route] No route found
25:30.750	ID:3	[WARN: IPv6 Route] No route found
25:30.750	ID:3	[WARN: IPv6 Route] No route found
25:30.768	ID:1	[DATA_RECV] TS=1530387 | SRC=5 | SEQ=152 | DELAY_MS=386
25:30.899	ID:3	[NODE_STAT] TS=1530001 | ID=3 | OF=0 | PRNT=1 | RANK=512 | PCHG=1 | CPU=1530000000 | LPM=0 | TX=0 | RX=0
25:30.899	ID:3	[DATA_SEND] TS=1530001 | ID=3 | SEQ=153
25:30.899	ID:3	[WARN: IPv6 Route] No route found
25:30.899	ID:3	[WARN: IPv6 Route] No route found
25:30.904	ID:1	[DATA_RECV] TS=1530523 | SRC=3 | SEQ=153 | DELAY_MS=522
25:40.236	ID:2	[NODE_STAT] TS=1540001 | ID=2 | OF=0 | PRNT=1 | RANK=1024 | PCHG=1 | CPU=1540000000 | LPM=0 | TX=0 | RX=0
25:40.236	ID:2	[DATA_SEND] TS=1540001 | ID=2 | SEQ=154
25:40.236	ID:2	[WARN: IPv6 Route] No route found
25:40.236	ID:2	[WARN: IPv6 Route] No route found
25:40.285	ID:1	[DATA_RECV] TS=1539904 | SRC=2 | SEQ=154 | DELAY_MS=0
25:40.348	ID:4	[NODE_STAT] TS=1540001 | ID=4 | OF=0 | PRNT=3 | RANK=768 | PCHG=1 | CPU=1540000000 | LPM=0 | TX=0 | RX=0
25:40.348	ID:4	[DATA_SEND] TS=1540001 | ID=4 | SEQ=154
25:40.348	ID:4	[WARN: IPv6 Route] No route found
25:40.348	ID:4	[WARN: IPv6 Route] No route found
25:40.383	ID:3	[WARN: IPv6 Route] No route found
25:40.383	ID:3	[WARN: IPv6 Route] No route found
25:40.397	ID:1	[DATA_RECV] TS=1540016 | SRC=4 | SEQ=154 | DELAY_MS=15
25:40.715	ID:5	[NODE_STAT] TS=1540001 | ID=5 | OF=0 | PRNT=4 | RANK=1024 | PCHG=2 | CPU=1540000000 | LPM=0 | TX=0 | RX=0
25:40.715	ID:5	[DATA_SEND] TS=1540001 | ID=5 | SEQ=153
25:40.715	ID:5	[WARN: IPv6 Route] No route found
25:40.715	ID:5	[WARN: IPv6 Route] No route found
25:40.757	ID:4	[WARN: IPv6 Route] No route found
25:40.757	ID:4	[WARN: IPv6 Route] No route found
25:40.803	ID:3	[WARN: IPv6 Route] No route found
25:40.803	ID:3	[WARN: IPv6 Route] No route found
25:40.830	ID:1	[DATA_RECV] TS=1540449 | SRC=5 | SEQ=153 | DELAY_MS=448
25:40.899	ID:3	[NODE_STAT] TS=1540001 | ID=3 | OF=0 | PRNT=1 | RANK=512 | PCHG=1 | CPU=1540000000 | LPM=0 | TX=0 | RX=0
25:40.899	ID:3	[DATA_SEND] TS=1540001 | ID=3 | SEQ=154
25:40.899	ID:3	[WARN: IPv6 Route] No route found
25:40.899	ID:3	[WARN: IPv6 Route] No route found
25:40.934	ID:1	[DATA_RECV] TS=1540553 | SRC=3 | SEQ=154 | DELAY_MS=552
25:50.236	ID:2	[NODE_STAT] TS=1550001 | ID=2 | OF=0 | PRNT=1 | RANK=1024 | PCHG=1 | CPU=1550000000 | LPM=0 | TX=0 | RX=0
25:50.236	ID:2	[DATA_SEND] TS=1550001 | ID=2 | SEQ=155
25:50.236	ID:2	[WARN: IPv6 Route] No route found
25:50.236	ID:2	[WARN: IPv6 Route] No route found
25:50.272	ID:1	[DATA_RECV] TS=1549891 | SRC=2 | SEQ=155 | DELAY_MS=0
25:50.348	ID:4	[NODE_STAT] TS=1550001 | ID=4 | OF=0 | PRNT=3 | RANK=768 | PCHG=1 | CPU=1550000000 | LPM=0 | TX=0 | RX=0
25:50.348	ID:4	[DATA_SEND] TS=1550001 | ID=4 | SEQ=155
25:50.348	ID:4	[WARN: IPv6 Route] No route found
25:50.348	ID:4	[WARN: IPv6 Route] No route found
25:50.352	ID:3	[WARN: IPv6 Route] No route found
25:50.352	ID:3	[WARN: IPv6 Route] No route found
25:50.358	ID:1	[DATA_RECV] TS=1549977 | SRC=4 | SEQ=155 | DELAY_MS=0
25:50.715	ID:5	[NODE_STAT] TS=1550001 | ID=5 | OF=0 | PRNT=4 | RANK=1024 | PCHG=2 | CPU=1550000000 | LPM=0 | TX=0 | RX=0
25:50.715	ID:5	[DATA_SEND] TS=1550001 | ID=5 | SEQ=154
25:50.715	ID:5	[WARN: IPv6 Route] No route found
25:50.715	ID:5	[WARN: IPv6 Route] No route found
25:50.758	ID:4	[WARN: IPv6 Route] No route found
25:50.758	ID:4	[WARN: IPv6 Route] No route found
25:50.783	ID:3	[WARN: IPv6 Route] No route found
25:50.783	ID:3	[WARN: IPv6 Route] No route found
25:50.793	ID:1	[DATA_RECV] TS=1550412 | SRC=5 | SEQ=154 | DELAY_MS=411
25:50.899	ID:3	[NODE_STAT] TS=1550001 | ID=3 | OF=0 | PRNT=1 | RANK=512 | PCHG=1 | CPU=1550000000 | LPM=0 | TX=0 | RX=0
25:50.899	ID:3	[DATA_SEND] TS=1550001 | ID=3 | SEQ=155
25:50.899	ID:3	[WARN: IPv6 Route] No route found
25:50.899	ID:3	[WARN: IPv6 Route] No route found
25:50.924	ID:1	[DATA_RECV] TS=1550543 | SRC=3 | SEQ=155 | DELAY_MS=542
26:00.236	ID:2	[NODE_STAT] TS=1560001 | ID=2 | OF=0 | PRNT=1 | RANK=768 | PCHG=1 | CPU=1560000000 | LPM=0 | TX=0 | RX=0
26:00.236	ID:2	[DATA_SEND] TS=1560001 | ID=2 | SEQ=156
26:00.236	ID:2	[WARN: IPv6 Route] No route found
26:00.236	ID:2	[WARN: IPv6 Route] No route found
26:00.301	ID:1	[DATA_RECV] TS=1559920 | SRC=2 | SEQ=156 | DELAY_MS=0
26:00.348	ID:4	[NODE_STAT] TS=1560001 | ID=4 | OF=0 | PRNT=3 | RANK=768 | PCHG=1 | CPU=1560000000 | LPM=0 | TX=0 | RX=0
26:00.348	ID:4	[DATA_SEND] TS=1560001 | ID=4 | SEQ=156
26:00.348	ID:4	[WARN: IPv6 Route] No route found
26:00.348	ID:4	[WARN: IPv6 Route] No route found
26:00.368	ID:3	[WARN: IPv6 Route] No route found
26:00.368	ID:3	[WARN: IPv6 Route] No route found
26:00.408	ID:1	[DATA_RECV] TS=1560027 | SRC=4 | SEQ=156 | DELAY_MS=26
26:00.715	ID:5	[NODE_STAT] TS=1560001 | ID=5 | OF=0 | PRNT=4 | RANK=1024 | PCHG=2 | CPU=1560000000 | LPM=0 | TX=0 | RX=0
26:00.715	ID:5	[DATA_SEND] TS=1560001 | ID=5 | SEQ=155
26:00.715	ID:5	[WARN: IPv6 Route] No route found
26:00.715	ID:5	[WARN: IPv6 Route] No route found
26:00.719	ID:4	[WARN: IPv6 Route] No route found
26:00.719	ID:4	[WARN: IPv6 Route] No route found
26:00.744	ID:3	[WARN: IPv6 Route] No route found
26:00.744	ID:3	[WARN: IPv6 Route] No route found
26:00.769	ID:1	[DATA_RECV] TS=1560388 | SRC=5 | SEQ=155 | DELAY_MS=387
26:00.899	ID:3	[NODE_STAT] TS=1560001 | ID=3 | OF=0 | PRNT=1 | RANK=512 | PCHG=1 | CPU=1560000000 | LPM=0 | TX=0 | RX=0
26:00.899	ID:3	[DATA_SEND] TS=1560001 | ID=3 | SEQ=156
26:00.899	ID:3	[WARN: IPv6 Route] No route found
26:00.899	ID:3	[WARN: IPv6 Route] No route found
26:00.928	ID:1	[DATA_RECV] TS=1560547 | SRC=3 | SEQ=156 | DELAY_MS=546
26:10.236	ID:2	[NODE_STAT] TS=1570001 | ID=2 | OF=0 | PRNT=1 | RANK=1024 | PCHG=1 | CPU=1570000000 | LPM=0 | TX=0 | RX=0
26:10.236	ID:2	[DATA_SEND] TS=1570001 | ID=2 | SEQ=157
26:10.236	ID:2	[WARN: IPv6 Route] No route found
26:10.236	ID:2	[WARN: IPv6 Route] No route found
26:10.292	ID:1	[DATA_RECV] TS=1569911 | SRC=2 | SEQ=157 | DELAY_MS=0
26:10.348	ID:4	[NODE_STAT] TS=1570001 | ID=4 | OF=0 | PRNT=3 | RANK=768 | PCHG=1 | CPU=1570000000 | LPM=0 | TX=0 | RX=0
26:10.348	ID:4	[DATA_SEND] TS=1570001 | ID=4 | SEQ=157
26:10.348	ID:4	[WARN: IPv6 Route] No route found
26:10.348	ID:4	[WARN: IPv6 Route] No route found
26:10.389	ID:3	[WARN: IPv6 Route] No route found
26:10.389	ID:3	[WARN: IPv6 Route] No route found
26:10.401	ID:1	[DATA_RECV] TS=1570020 | SRC=4 | SEQ=157 | DELAY_MS=19
26:10.715	ID:5	[NODE_STAT] TS=1570001 | ID=5 | OF=0 | PRNT=4 | RANK=1024 | PCHG=2 | CPU=1570000000 | LPM=0 | TX=0 | RX=0
26:10.715	ID:5	[DATA_SEND] TS=1570001 | ID=5 | SEQ=156
26:10.715	ID:5	[WARN: IPv6 Route] No route found
26:10.715	ID:5	[WARN: IPv6 Route] No route found
26:10.720	ID:4	[WARN: IPv6 Route] No route found
26:10.720	ID:4	[WARN: IPv6 Route] No route found
26:10.752	ID:3	[WARN: IPv6 Route] No route found
26:10.752	ID:3	[WARN: IPv6 Route] No route found
26:10.757	ID:1	[DATA_RECV] TS=1570376 | SRC=5 | SEQ=156 | DELAY_MS=375
26:10.899	ID:3	[NODE_STAT] TS=1570001 | ID=3 | OF=0 | PRNT=1 | RANK=512 | PCHG=1 | CPU=1570000000 | LPM=0 | TX=0 | RX=0
26:10.899	ID:3	[DATA_SEND] TS=1570001 | ID=3 | SEQ=157
26:10.899	ID:3	[WARN: IPv6 Route] No route found
26:10.899	ID:3	[WARN: IPv6 Route] No route found
26:10.943	ID:1	[DATA_RECV] TS=1570562 | SRC=3 | SEQ=157 | DELAY_MS=561
26:20.236	ID:2	[NODE_STAT] TS=1580001 | ID=2 | OF=0 | PRNT=1 | RANK=1024 | PCHG=1 | CPU=1580000000 | LPM=0 | TX=0 | RX=0
26:20.236	ID:2	[DATA_SEND] TS=1580001 | ID=2 | SEQ=158
26:20.236	ID:2	[WARN: IPv6 Route] No route found
26:20.236	ID:2	[WARN: IPv6 Route] No route found
26:20.314	ID:1	[DATA_RECV] TS=1579933 | SRC=2 | SEQ=158 | DELAY_MS=0
26:20.348	ID:4	[NODE_STAT] TS=1580001 | ID=4 | OF=0 | PRNT=3 | RANK=768 | PCHG=1 | CPU=1580000000 | LPM=0 | TX=0 | RX=0
26:20.348	ID:4	[DATA_SEND] TS=1580001 | ID=4 | SEQ=158
26:20.348	ID:4	[WARN: IPv6 Route] No route found
26:20.348	ID:4	[WARN: IPv6 Route] No route found
26:20.388	ID:3	[WARN: IPv6 Route] No route found
26:20.388	ID:3	[WARN: IPv6 Route] No route found
26:20.394	ID:1	[DATA_RECV] TS=1580013 | SRC=4 | SEQ=158 | DELAY_MS=12
26:20.715	ID:5	[NODE_STAT] TS=1580001 | ID=5 | OF=0 | PRNT=4 | RANK=1024 | PCHG=2 | CPU=1580000000 | LPM=0 | TX=0 | RX=0
26:20.715	ID:5	[DATA_SEND] TS=1580001 | ID=5 | SEQ=157
26:20.715	ID:5	[WARN: IPv6 Route] No route found
26:20.715	ID:5	[WARN: IPv6 Route] No route found
26:20.756	ID:4	[WARN: IPv6 Route] No route found
26:20.756	ID:4	[WARN: IPv6 Route] No route found
26:20.762	ID:3	[WARN: IPv6 Route] No route found
26:20.762	ID:3	[WARN: IPv6 Route] No route found
26:20.778	ID:1	[DATA_RECV] TS=1580397 | SRC=5 | SEQ=157 | DELAY_MS=396
26:20.899	ID:3	[NODE_STAT] TS=1580001 | ID=3 | OF=0 | PRNT=1 | RANK=512 | PCHG=1 | CPU=1580000000 | LPM=0 | TX=0 | RX=0
26:20.899	ID:3	[DATA_SEND] TS=1580001 | ID=3 | SEQ=158
26:20.899	ID:3	[WARN: IPv6 Route] No route found
26:20.899	ID:3	[WARN: IPv6 Route] No route found
26:20.940	ID:1	[DATA_RECV] TS=1580559 | SRC=3 | SEQ=158 | DELAY_MS=558
26:30.236	ID:2	[NODE_STAT] TS=1590001 | ID=2 | OF=0 | PRNT=1 | RANK=1024 | PCHG=1 | CPU=1590000000 | LPM=0 | TX=0 | RX=0
26:30.236	ID:2	[DATA_SEND] TS=1590001 | ID=2 | SEQ=159
26:30.236	ID:2	[WARN: IPv6 Route] No route found
26:30.236	ID:2	[WARN: IPv6 Route] No route found
26:30.253	ID:1	[DATA_RECV] TS=1589872 | SRC=2 | SEQ=159 | DELAY_MS=0
26:30.348	ID:4	[NODE_STAT] TS=1590001 | ID=4 | OF=0 | PRNT=3 | RANK=768 | PCHG=1 | CPU=1590000000 | LPM=0 | TX=0 | RX=0
26:30.348	ID:4	[DATA_SEND] TS=1590001 | ID=4 | SEQ=159
26:30.348	ID:4	[WARN: IPv6 Route] No route found
26:30.348	ID:4	[WARN: IPv6 Route] No route found
26:30.393	ID:3	[WARN: IPv6 Route] No route found
26:30.393	ID:3	[WARN: IPv6 Route] No route found
26:30.434	ID:1	[DATA_RECV] TS=1590053 | SRC=4 | SEQ=159 | DELAY_MS=52
26:30.715	ID:5	[NODE_STAT] TS=1590001 | ID=5 | OF=0 | PRNT=4 | RANK=1024 | PCHG=2 | CPU=1590000000 | LPM=0 | TX=0 | RX=0
26:30.715	ID:5	[DATA_SEND] TS=1590001 | ID=5 | SEQ=158
26:30.715	ID:5	[WARN: IPv6 Route] No route found
26:30.715	ID:5	[WARN: IPv6 Route] No route found
26:30.727	ID:4	[WARN: IPv6 Route] No route found
26:30.727	ID:4	[WARN: IPv6 Route] No route found
26:30.738	ID:3	[WARN: IPv6 Route] No route found
26:30.738	ID:3	[WARN: IPv6 Route] No route found
26:30.780	ID:1	[DATA_RECV] TS=1590399 | SRC=5 | SEQ=158 | DELAY_MS=398
26:30.899	ID:3	[NODE_STAT] TS=1590001 | ID=3 | OF=0 | PRNT=1 | RANK=512 | PCHG=1 | CPU=1590000000 | LPM=0 | TX=0 | RX=0
26:30.899	ID:3	[DATA_SEND] TS=1590001 | ID=3 | SEQ=159
26:30.899	ID:3	[WARN: IPv6 Route] No route found
26:30.899	ID:3	[WARN: IPv6 Route] No route found
26:30.922	ID:1	[DATA_RECV] TS=1590541 | SRC=3 | SEQ=159 | DELAY_MS=540
26:40.236	ID:2	[NODE_STAT] TS=1600001 | ID=2 | OF=0 | PRNT=1 | RANK=1024 | PCHG=1 | CPU=1600000000 | LPM=0 | TX=0 | RX=0
26:40.236	ID:2	[DATA_SEND] TS=1600001 | ID=2 | SEQ=160
26:40.236	ID:2	[WARN: IPv6 Route] No route found
26:40.236	ID:2	[WARN: IPv6 Route] No route found
26:40.242	ID:1	[DATA_RECV] TS=1599861 | SRC=2 | SEQ=160 | DELAY_MS=0
26:40.348	ID:4	[NODE_STAT] TS=1600001 | ID=4 | OF=0 | PRNT=3 | RANK=768 | PCHG=1 | CPU=1600000000 | LPM=0 | TX=0 | RX=0
26:40.348	ID:4	[DATA_SEND] TS=1600001 | ID=4 | SEQ=160
26:40.348	ID:4	[WARN: IPv6 Route] No route found
26:40.348	ID:4	[WARN: IPv6 Route] No route found
26:40.364	ID:3	[WARN: IPv6 Route] No route found
26:40.364	ID:3	[WARN: IPv6 Route] No route found
26:40.377	ID:1	[DATA_RECV] TS=1599996 | SRC=4 | SEQ=160 | DELAY_MS=0
26:40.715	ID:5	[NODE_STAT] TS=1600001 | ID=5 | OF=0 | PRNT=4 | RANK=1024 | PCHG=2 | CPU=1600000000 | LPM=0 | TX=0 | RX=0
26:40.715	ID:5	[DATA_SEND] TS=1600001 | ID=5 | SEQ=159
26:40.715	ID:5	[WARN: IPv6 Route] No route found
26:40.715	ID:5	[WARN: IPv6 Route] No route found
26:40.737	ID:4	[WARN: IPv6 Route] No route found
26:40.737	ID:4	[WARN: IPv6 Route] No route found
26:40.775	ID:3	[WARN: IPv6 Route] No route found
26:40.775	ID:3	[WARN: IPv6 Route] No route found
26:40.820	ID:1	[DATA_RECV] TS=1600439 | SRC=5 | SEQ=159 | DELAY_MS=438
26:40.899	ID:3	[NODE_STAT] TS=1600001 | ID=3 | OF=0 | PRNT=1 | RANK=512 | PCHG=1 | CPU=1600000000 | LPM=0 | TX=0 | RX=0
26:40.899	ID:3	[DATA_SEND] TS=1600001 | ID=3 | SEQ=160
26:40.899	ID:3	[WARN: IPv6 Route] No route found
26:40.899	ID:3	[WARN: IPv6 Route] No route found
26:40.941	ID:1	[DATA_RECV] TS=1600560 | SRC=3 | SEQ=160 | DELAY_MS=559
26:50.236	ID:2	[NODE_STAT] TS=1610001 | ID=2 | OF=0 | PRNT=1 | RANK=1024 | PCHG=1 | CPU=1610000000 | LPM=0 | TX=0 | RX=0
26:50.236	ID:2	[DATA_SEND] TS=1610001 | ID=2 | SEQ=161
26:50.236	ID:2	[WARN: IPv6 Route] No route found
26:50.236	ID:2	[WARN: IPv6 Route] No route found
26:50.303	ID:1	[DATA_RECV] TS=1609922 | SRC=2 | SEQ=161 | DELAY_MS=0
26:50.348	ID:4	[NODE_STAT] TS=1610001 | ID=4 | OF=0 | PRNT=3 | RANK=768 | PCHG=1 | CPU=1610000000 | LPM=0 | TX=0 | RX=0
26:50.348	ID:4	[DATA_SEND] TS=1610001 | ID=4 | SEQ=161
26:50.348	ID:4	[WARN: IPv6 Route] No route found
26:50.348	ID:4	[WARN: IPv6 Route] No route found
26:50.363	ID:3	[WARN: IPv6 Route] No route found
26:50.363	ID:3	[WARN: IPv6 Route] No route found
26:50.378	ID:1	[DATA_RECV] TS=1609997 | SRC=4 | SEQ=161 | DELAY_MS=0
26:50.715	ID:5	[NODE_STAT] TS=1610001 | ID=5 | OF=0 | PRNT=4 | RANK=1024 | PCHG=2 | CPU=1610000000 | LPM=0 | TX=0 | RX=0
26:50.715	ID:5	[DATA_SEND] TS=1610001 | ID=5 | SEQ=160
26:50.715	ID:5	[WARN: IPv6 Route] No route found
26:50.715	ID:5	[WARN: IPv6 Route] No route found
26:50.753	ID:4	[WARN: IPv6 Route] No route found
26:50.753	ID:4	[WARN: IPv6 Route] No route found
26:50.768	ID:3	[WARN: IPv6 Route] No route found
26:50.768	ID:3	[WARN: IPv6 Route] No route found
26:50.777	ID:1	[DATA_RECV] TS=1610396 | SRC=5 | SEQ=160 | DELAY_MS=395
26:50.899	ID:3	[NODE_STAT] TS=1610001 | ID=3 | OF=0 | PRNT=1 | RANK=512 | PCHG=1 | CPU=1610000000 | LPM=0 | TX=0 | RX=0
26:50.899	ID:3	[DATA_SEND] TS=1610001 | ID=3 | SEQ=161
26:50.899	ID:3	[WARN: IPv6 Route] No route found
26:50.899	ID:3	[WARN: IPv6 Route] No route found
26:50.930	ID:1	[DATA_RECV] TS=1610549 | SRC=3 | SEQ=161 | DELAY_MS=548
27:00.236	ID:2	[NODE_STAT] TS=1620001 | ID=2 | OF=0 | PRNT=1 | RANK=1024 | PCHG=1 | CPU=1620000000 | LPM=0 | TX=0 | RX=0
27:00.236	ID:2	[DATA_SEND] TS=1620001 | ID=2 | SEQ=162
27:00.236	ID:2	[WARN: IPv6 Route] No route found
27:00.236	ID:2	[WARN: IPv6 Route] No route found
27:00.266	ID:1	[DATA_RECV] TS=1619885 | SRC=2 | SEQ=162 | DELAY_MS=0
27:00.348	ID:4	[NODE_STAT] TS=1620001 | ID=4 | OF=0 | PRNT=3 | RANK=768 | PCHG=1 | CPU=1620000000 | LPM=0 | TX=0 | RX=0
27:00.348	ID:4	[DATA_SEND] TS=1620001 | ID=4 | SEQ=162
27:00.348	ID:4	[WARN: IPv6 Route] No route found
27:00.348	ID:4	[WARN: IPv6 Route] No route found
27:00.356	ID:3	[WARN: IPv6 Route] No route found
27:00.356	ID:3	[WARN: IPv6 Route] No route found
27:00.367	ID:1	[DATA_RECV] TS=1619986 | SRC=4 | SEQ=162 | DELAY_MS=0
27:00.715	ID:5	[NODE_STAT] TS=1620001 | ID=5 | OF=0 | PRNT=4 | RANK=1024 | PCHG=2 | CPU=1620000000 | LPM=0 | TX=0 | RX=0
27:00.715	ID:5	[DATA_SEND] TS=1620001 | ID=5 | SEQ=161
27:00.715	ID:5	[WARN: IPv6 Route] No route found
27:00.715	ID:5	[WARN: IPv6 Route] No route found
27:00.722	ID:4	[WARN: IPv6 Route] No route found
27:00.722	ID:4	[WARN: IPv6 Route] No route found
27:00.761	ID:3	[WARN: IPv6 Route] No route found
27:00.761	ID:3	[WARN: IPv6 Route] No route found
27:00.785	ID:1	[DATA_RECV] TS=1620404 | SRC=5 | SEQ=161 | DELAY_MS=403
27:00.899	ID:3	[NODE_STAT] TS=1620001 | ID=3 | OF=0 | PRNT=1 | RANK=512 | PCHG=1 | CPU=1620000000 | LPM=0 | TX=0 | RX=0
27:00.899	ID:3	[DATA_SEND] TS=1620001 | ID=3 | SEQ=162
27:00.899	ID:3	[WARN: IPv6 Route] No route found
27:00.899	ID:3	[WARN: IPv6 Route] No route found
27:00.907	ID:1	[DATA_RECV] TS=1620526 | SRC=3 | SEQ=162 | DELAY_MS=525
27:10.236	ID:2	[NODE_STAT] TS=1630001 | ID=2 | OF=0 | PRNT=1 | RANK=1024 | PCHG=1 | CPU=1630000000 | LPM=0 | TX=0 | RX=0
27:10.236	ID:2	[DATA_SEND] TS=1630001 | ID=2 | SEQ=163
27:10.236	ID:2	[WARN: IPv6 Route] No route found
27:10.236	ID:2	[WARN: IPv6 Route] No route found
27:10.264	ID:1	[DATA_RECV] TS=1629883 | SRC=2 | SEQ=163 | DELAY_MS=0
27:10.348	ID:4	[NODE_STAT] TS=1630001 | ID=4 | OF=0 | PRNT=3 | RANK=768 | PCHG=1 | CPU=1630000000 | LPM=0 | TX=0 | RX=0
27:10.348	ID:4	[DATA_SEND] TS=1630001 | ID=4 | SEQ=163
27:10.348	ID:4	[WARN: IPv6 Route] No route found
27:10.348	ID:4	[WARN: IPv6 Route] No route found
27:10.370	ID:3	[WARN: IPv6 Route] No route found
27:10.370	ID:3	[WARN: IPv6 Route] No route found
27:10.392	ID:1	[DATA_RECV] TS=1630011 | SRC=4 | SEQ=163 | DELAY_MS=10
27:10.715	ID:5	[NODE_STAT] TS=1630001 | ID=5 | OF=0 | PRNT=4 | RANK=1024 | PCHG=2 | CPU=1630000000 | LPM=0 | TX=0 | RX=0
27:10.715	ID:5	[DATA_SEND] TS=1630001 | ID=5 | SEQ=162
27:10.715	ID:5	[WARN: IPv6 Route] No route found
27:10.715	ID:5	[WARN: IPv6 Route] No route found
27:10.756	ID:4	[WARN: IPv6 Route] No route found
27:10.756	ID:4	[WARN: IPv6 Route] No route found
27:10.778	ID:3	[WARN: IPv6 Route] No route found
27:10.778	ID:3	[WARN: IPv6 Route] No route found
27:10.800	ID:1	[DATA_RECV] TS=1630419 | SRC=5 | SEQ=162 | DELAY_MS=418
27:10.899	ID:3	[NODE_STAT] TS=1630001 | ID=3 | OF=0 | PRNT=1 | RANK=512 | PCHG=1 | CPU=1630000000 | LPM=0 | TX=0 | RX=0
27:10.899	ID:3	[DATA_SEND] TS=1630001 | ID=3 | SEQ=163
27:10.899	ID:3	[WARN: IPv6 Route] No route found
27:10.899	ID:3	[WARN: IPv6 Route] No route found
27:10.941	ID:1	[DATA_RECV] TS=1630560 | SRC=3 | SEQ=163 | DELAY_MS=559
27:20.236	ID:2	[NODE_STAT] TS=1640001 | ID=2 | OF=0 | PRNT=1 | RANK=768 | PCHG=1 | CPU=1640000000 | LPM=0 | TX=0 | RX=0
27:20.236	ID:2	[DATA_SEND] TS=1640001 | ID=2 | SEQ=164
27:20.236	ID:2	[WARN: IPv6 Route] No route found
27:20.236	ID:2	[WARN: IPv6 Route] No route found
27:20.278	ID:1	[DATA_RECV] TS=1639897 | SRC=2 | SEQ=164 | DELAY_MS=0
27:20.348	ID:4	[NODE_STAT] TS=1640001 | ID=4 | OF=0 | PRNT=3 | RANK=768 | PCHG=1 | CPU=1640000000 | LPM=0 | TX=0 | RX=0
27:20.348	ID:4	[DATA_SEND] TS=1640001 | ID=4 | SEQ=164
27:20.348	ID:4	[WARN: IPv6 Route] No route found
27:20.348	ID:4	[WARN: IPv6 Route] No route found
27:20.390	ID:3	[WARN: IPv6 Route] No route found
27:20.390	ID:3	[WARN: IPv6 Route] No route found
27:20.428	ID:1	[DATA_RECV] TS=1640047 | SRC=4 | SEQ=164 | DELAY_MS=46
27:20.715	ID:5	[NODE_STAT] TS=1640001 | ID=5 | OF=0 | PRNT=4 | RANK=1024 | PCHG=2 | CPU=1640000000 | LPM=0 | TX=0 | RX=0
27:20.715	ID:5	[DATA_SEND] TS=1640001 | ID=5 | SEQ=163
27:20.715	ID:5	[WARN: IPv6 Route] No route found
27:20.715	ID:5	[WARN: IPv6 Route] No route found
27:20.726	ID:4	[WARN: IPv6 Route] No route found
27:20.726	ID:4	[WARN: IPv6 Route] No route found
27:20.762	ID:3	[WARN: IPv6 Route] No route found
27:20.762	ID:3	[WARN: IPv6 Route] No route found
27:20.768	ID:1	[DATA_RECV] TS=1640387 | SRC=5 | SEQ=163 | DELAY_MS=386
27:20.899	ID:3	[NODE_STAT] TS=1640001 | ID=3 | OF=0 | PRNT=1 | RANK=512 | PCHG=1 | CPU=1640000000 | LPM=0 | TX=0 | RX=0
27:20.899	ID:3	[DATA_SEND] TS=1640001 | ID=3 | SEQ=164
27:20.899	ID:3	[WARN: IPv6 Route] No route found
27:20.899	ID:3	[WARN: IPv6 Route] No route found
27:20.914	ID:1	[DATA_RECV] TS=1640533 | SRC=3 | SEQ=164 | DELAY_MS=532
27:30.236	ID:2	[NODE_STAT] TS=1650001 | ID=2 | OF=0 | PRNT=1 | RANK=768 | PCHG=1 | CPU=1650000000 | LPM=0 | TX=0 | RX=0
27:30.236	ID:2	[DATA_SEND] TS=1650001 | ID=2 | SEQ=165
27:30.236	ID:2	[WARN: IPv6 Route] No route found
27:30.236	ID:2	[WARN: IPv6 Route] No route found
27:30.265	ID:1	[DATA_RECV] TS=1649884 | SRC=2 | SEQ=165 | DELAY_MS=0
27:30.348	ID:4	[NODE_STAT] TS=1650001 | ID=4 | OF=0 | PRNT=3 | RANK=768 | PCHG=1 | CPU=1650000000 | LPM=0 | TX=0 | RX=0
27:30.348	ID:4	[DATA_SEND] TS=1650001 | ID=4 | SEQ=165
27:30.348	ID:4	[WARN: IPv6 Route] No route found
27:30.348	ID:4	[WARN: IPv6 Route] No route found
27:30.374	ID:3	[WARN: IPv6 Route] No route found
27:30.374	ID:3	[WARN: IPv6 Route] No route found
27:30.390	ID:1	[DATA_RECV] TS=1650009 | SRC=4 | SEQ=165 | DELAY_MS=8
27:30.715	ID:5	[NODE_STAT] TS=1650001 | ID=5 | OF=0 | PRNT=4 | RANK=1024 | PCHG=2 | CPU=1650000000 | LPM=0 | TX=0 | RX=0
27:30.715	ID:5	[DATA_SEND] TS=1650001 | ID=5 | SEQ=164
27:30.715	ID:5	[WARN: IPv6 Route] No route found
27:30.715	ID:5	[WARN: IPv6 Route] No route found
27:30.732	ID:4	[WARN: IPv6 Route] No route found
27:30.732	ID:4	[WARN: IPv6 Route] No route found
27:30.767	ID:3	[WARN: IPv6 Route] No route found
27:30.767	ID:3	[WARN: IPv6 Route] No route found
27:30.805	ID:1	[DATA_RECV] TS=1650424 | SRC=5 | SEQ=164 | DELAY_MS=423
27:30.899	ID:3	[NODE_STAT] TS=1650001 | ID=3 | OF=0 | PRNT=1 | RANK=512 | PCHG=1 | CPU=1650000000 | LPM=0 | TX=0 | RX=0
27:30.899	ID:3	[DATA_SEND] TS=1650001 | ID=3 | SEQ=165
27:30.899	ID:3	[WARN: IPv6 Route] No route found
27:30.899	ID:3	[WARN: IPv6 Route] No route found
27:30.933	ID:1	[DATA_RECV] TS=1650552 | SRC=3 | SEQ=165 | DELAY_MS=551
27:40.236	ID:2	[NODE_STAT] TS=1660001 | ID=2 | OF=0 | PRNT=1 | RANK=768 | PCHG=1 | CPU=1660000000 | LPM=0 | TX=0 | RX=0
27:40.236	ID:2	[DATA_SEND] TS=1660001 | ID=2 | SEQ=166
27:40.236	ID:2	[WARN: IPv6 Route] No route found
27:40.236	ID:2	[WARN: IPv6 Route] No route found
27:40.291	ID:1	[DATA_RECV] TS=1659910 | SRC=2 | SEQ=166 | DELAY_MS=0
27:40.348	ID:4	[NODE_STAT] TS=1660001 | ID=4 | OF=0 | PRNT=3 | RANK=768 | PCHG=1 | CPU=1660000000 | LPM=0 | TX=0 | RX=0
27:40.348	ID:4	[DATA_SEND] TS=1660001 | ID=4 | SEQ=166
27:40.348	ID:4	[WARN: IPv6 Route] No route found
27:40.348	ID:4	[WARN: IPv6 Route] No route found
27:40.373	ID:3	[WARN: IPv6 Route] No route found
27:40.373	ID:3	[WARN: IPv6 Route] No route found
27:40.392	ID:1	[DATA_RECV] TS=1660011 | SRC=4 | SEQ=166 | DELAY_MS=10
27:40.715	ID:5	[NODE_STAT] TS=1660001 | ID=5 | OF=0 | PRNT=4 | RANK=1024 | PCHG=2 | CPU=1660000000 | LPM=0 | TX=0 | RX=0
27:40.715	ID:5	[DATA_SEND] TS=1660001 | ID=5 | SEQ=165
27:40.715	ID:5	[WARN: IPv6 Route] No route found
27:40.715	ID:5	[WARN: IPv6 Route] No route found
27:40.754	ID:4	[WARN: IPv6 Route] No route found
27:40.754	ID:4	[WARN: IPv6 Route] No route found
27:40.789	ID:3	[WARN: IPv6 Route] No route found
27:40.789	ID:3	[WARN: IPv6 Route] No route found
27:40.826	ID:1	[DATA_RECV] TS=1660445 | SRC=5 | SEQ=165 | DELAY_MS=444
27:40.899	ID:3	[NODE_STAT] TS=1660001 | ID=3 | OF=0 | PRNT=1 | RANK=512 | PCHG=1 | CPU=1660000000 | LPM=0 | TX=0 | RX=0
27:40.899	ID:3	[DATA_SEND] TS=1660001 | ID=3 | SEQ=166
27:40.899	ID:3	[WARN: IPv6 Route] No route found
27:40.899	ID:3	[WARN: IPv6 Route] No route found
27:40.914	ID:1	[DATA_RECV] TS=1660533 | SRC=3 | SEQ=166 | DELAY_MS=532
27:50.236	ID:2	[NODE_STAT] TS=1670001 | ID=2 | OF=0 | PRNT=1 | RANK=768 | PCHG=1 | CPU=1670000000 | LPM=0 | TX=0 | RX=0
27:50.236	ID:2	[DATA_SEND] TS=1670001 | ID=2 | SEQ=167
27:50.236	ID:2	[WARN: IPv6 Route] No route found
27:50.236	ID:2	[WARN: IPv6 Route] No route found
27:50.245	ID:1	[DATA_RECV] TS=1669864 | SRC=2 | SEQ=167 | DELAY_MS=0
27:50.348	ID:4	[NODE_STAT] TS=1670001 | ID=4 | OF=0 | PRNT=3 | RANK=768 | PCHG=1 | CPU=1670000000 | LPM=0 | TX=0 | RX=0
27:50.348	ID:4	[DATA_SEND] TS=1670001 | ID=4 | SEQ=167
27:50.348	ID:4	[WARN: IPv6 Route] No route found
27:50.348	ID:4	[WARN: IPv6 Route] No route found
27:50.357	ID:3	[WARN: IPv6 Route] No route found
27:50.357	ID:3	[WARN: IPv6 Route] No route found
27:50.401	ID:1	[DATA_RECV] TS=1670020 | SRC=4 | SEQ=167 | DELAY_MS=19
27:50.715	ID:5	[NODE_STAT] TS=1670001 | ID=5 | OF=0 | PRNT=4 | RANK=1024 | PCHG=2 | CPU=1670000000 | LPM=0 | TX=0 | RX=0
27:50.715	ID:5	[DATA_SEND] TS=1670001 | ID=5 | SEQ=166
27:50.715	ID:5	[WARN: IPv6 Route] No route found
27:50.715	ID:5	[WARN: IPv6 Route] No route found
27:50.743	ID:4	[WARN: IPv6 Route] No route found
27:50.743	ID:4	[WARN: IPv6 Route] No route found
27:50.749	ID:3	[WARN: IPv6 Route] No route found
27:50.749	ID:3	[WARN: IPv6 Route] No route found
27:50.767	ID:1	[DATA_RECV] TS=1670386 | SRC=5 | SEQ=166 | DELAY_MS=385
27:50.899	ID:3	[NODE_STAT] TS=1670001 | ID=3 | OF=0 | PRNT=1 | RANK=512 | PCHG=1 | CPU=1670000000 | LPM=0 | TX=0 | RX=0
27:50.899	ID:3	[DATA_SEND] TS=1670001 | ID=3 | SEQ=167
27:50.899	ID:3	[WARN: IPv6 Route] No route found
27:50.899	ID:3	[WARN: IPv6 Route] No route found
27:50.913	ID:1	[DATA_RECV] TS=1670532 | SRC=3 | SEQ=167 | DELAY_MS=531
28:00.236	ID:2	[NODE_STAT] TS=1680001 | ID=2 | OF=0 | PRNT=1 | RANK=768 | PCHG=1 | CPU=1680000000 | LPM=0 | TX=0 | RX=0
28:00.236	ID:2	[DATA_SEND] TS=1680001 | ID=2 | SEQ=168
28:00.236	ID:2	[WARN: IPv6 Route] No route found
28:00.236	ID:2	[WARN: IPv6 Route] No route found
28:00.269	ID:1	[DATA_RECV] TS=1679888 | SRC=2 | SEQ=168 | DELAY_MS=0
28:00.348	ID:4	[NODE_STAT] TS=1680001 | ID=4 | OF=0 | PRNT=3 | RANK=768 | PCHG=1 | CPU=1680000000 | LPM=0 | TX=0 | RX=0
28:00.348	ID:4	[DATA_SEND] TS=1680001 | ID=4 | SEQ=168
28:00.348	ID:4	[WARN: IPv6 Route] No route found
28:00.348	ID:4	[WARN: IPv6 Route] No route found
28:00.354	ID:3	[WARN: IPv6 Route] No route found
28:00.354	ID:3	[WARN: IPv6 Route] No route found
28:00.390	ID:1	[DATA_RECV] TS=1680009 | SRC=4 | SEQ=168 | DELAY_MS=8
28:00.715	ID:5	[NODE_STAT] TS=1680001 | ID=5 | OF=0 | PRNT=4 | RANK=1024 | PCHG=2 | CPU=1680000000 | LPM=0 | TX=0 | RX=0
28:00.715	ID:5	[DATA_SEND] TS=1680001 | ID=5 | SEQ=167
28:00.715	ID:5	[WARN: IPv6 Route] No route found
28:00.715	ID:5	[WARN: IPv6 Route] No route found
28:00.743	ID:4	[WARN: IPv6 Route] No route found
28:00.743	ID:4	[WARN: IPv6 Route] No route found
28:00.787	ID:3	[WARN: IPv6 Route] No route found
28:00.787	ID:3	[WARN: IPv6 Route] No route found
28:00.795	ID:1	[DATA_RECV] TS=1680414 | SRC=5 | SEQ=167 | DELAY_MS=413
28:00.899	ID:3	[NODE_STAT] TS=1680001 | ID=3 | OF=0 | PRNT=1 | RANK=512 | PCHG=1 | CPU=1680000000 | LPM=0 | TX=0 | RX=0
28:00.899	ID:3	[DATA_SEND] TS=1680001 | ID=3 | SEQ=168
28:00.899	ID:3	[WARN: IPv6 Route] No route found
28:00.899	ID:3	[WARN: IPv6 Route] No route found
28:00.916	ID:1	[DATA_RECV] TS=1680535 | SRC=3 | SEQ=168 | DELAY_MS=534
28:10.236	ID:2	[NODE_STAT] TS=1690001 | ID=2 | OF=0 | PRNT=1 | RANK=768 | PCHG=1 | CPU=1690000000 | LPM=0 | TX=0 | RX=0
28:10.236	ID:2	[DATA_SEND] TS=1690001 | ID=2 | SEQ=169
28:10.236	ID:2	[WARN: IPv6 Route] No route found
28:10.236	ID:2	[WARN: IPv6 Route] No route found
28:10.319	ID:1	[DATA_RECV] TS=1689938 | SRC=2 | SEQ=169 | DELAY_MS=0
28:10.348	ID:4	[NODE_STAT] TS=1690001 | ID=4 | OF=0 | PRNT=3 | RANK=768 | PCHG=1 | CPU=1690000000 | LPM=0 | TX=0 | RX=0
28:10.348	ID:4	[DATA_SEND] TS=1690001 | ID=4 | SEQ=169
28:10.348	ID:4	[WARN: IPv6 Route] No route found
28:10.348	ID:4	[WARN: IPv6 Route] No route found
28:10.376	ID:3	[WARN: IPv6 Route] No route found
28:10.376	ID:3	[WARN: IPv6 Route] No route found
28:10.391	ID:1	[DATA_RECV] TS=1690010 | SRC=4 | SEQ=169 | DELAY_MS=9
28:10.715	ID:5	[NODE_STAT] TS=1690001 | ID=5 | OF=0 | PRNT=4 | RANK=1024 | PCHG=2 | CPU=1690000000 | LPM=0 | TX=0 | RX=0
28:10.715	ID:5	[DATA_SEND] TS=1690001 | ID=5 | SEQ=168
28:10.715	ID:5	[WARN: IPv6 Route] No route found
28:10.715	ID:5	[WARN: IPv6 Route] No route found
28:10.735	ID:4	[WARN: IPv6 Route] No route found
28:10.735	ID:4	[WARN: IPv6 Route] No route found
28:10.775	ID:3	[WARN: IPv6 Route] No route found
28:10.775	ID:3	[WARN: IPv6 Route] No route found
28:10.799	ID:1	[DATA_RECV] TS=1690418 | SRC=5 | SEQ=168 | DELAY_MS=417
28:10.899	ID:3	[NODE_STAT] TS=1690001 | ID=3 | OF=0 | PRNT=1 | RANK=512 | PCHG=1 | CPU=1690000000 | LPM=0 | TX=0 | RX=0
28:10.899	ID:3	[DATA_SEND] TS=1690001 | ID=3 | SEQ=169
28:10.899	ID:3	[WARN: IPv6 Route] No route found
28:10.899	ID:3	[WARN: IPv6 Route] No route found
28:10.937	ID:1	[DATA_RECV] TS=1690556 | SRC=3 | SEQ=169 | DELAY_MS=555
28:20.236	ID:2	[NODE_STAT] TS=1700001 | ID=2 | OF=0 | PRNT=1 | RANK=1024 | PCHG=1 | CPU=1700000000 | LPM=0 | TX=0 | RX=0
28:20.236	ID:2	[DATA_SEND] TS=1700001 | ID=2 | SEQ=170
28:20.236	ID:2	[WARN: IPv6 Route] No route found
28:20.236	ID:2	[WARN: IPv6 Route] No route found
28:20.261	ID:1	[DATA_RECV] TS=1699880 | SRC=2 | SEQ=170 | DELAY_MS=0
28:20.348	ID:4	[NODE_STAT] TS=1700001 | ID=4 | OF=0 | PRNT=3 | RANK=768 | PCHG=1 | CPU=1700000000 | LPM=0 | TX=0 | RX=0
28:20.348	ID:4	[DATA_SEND] TS=1700001 | ID=4 | SEQ=170
28:20.348	ID:4	[WARN: IPv6 Route] No route found
28:20.348	ID:4	[WARN: IPv6 Route] No route found
28:20.377	ID:3	[WARN: IPv6 Route] No route found
28:20.377	ID:3	[WARN: IPv6 Route] No route found
28:20.389	ID:1	[DATA_RECV] TS=1700008 | SRC=4 | SEQ=170 | DELAY_MS=7
28:20.715	ID:5	[NODE_STAT] TS=1700001 | ID=5 | OF=0 | PRNT=4 | RANK=1024 | PCHG=2 | CPU=1700000000 | LPM=0 | TX=0 | RX=0
28:20.715	ID:5	[DATA_SEND] TS=1700001 | ID=5 | SEQ=169
28:20.715	ID:5	[WARN: IPv6 Route] No route found
28:20.715	ID:5	[WARN: IPv6 Route] No route found
28:20.748	ID:4	[WARN: IPv6 Route] No route found
28:20.748	ID:4	[WARN: IPv6 Route] No route found
28:20.775	ID:3	[WARN: IPv6 Route] No route found
28:20.775	ID:3	[WARN: IPv6 Route] No route found
28:20.792	ID:1	[DATA_RECV] TS=1700411 | SRC=5 | SEQ=169 | DELAY_MS=410
28:20.899	ID:3	[NODE_STAT] TS=1700001 | ID=3 | OF=0 | PRNT=1 | RANK=512 | PCHG=1 | CPU=1700000000 | LPM=0 | TX=0 | RX=0
28:20.899	ID:3	[DATA_SEND] TS=1700001 | ID=3 | SEQ=170
28:20.899	ID:3	[WARN: IPv6 Route] No route found
28:20.899	ID:3	[WARN: IPv6 Route] No route found
28:20.930	ID:1	[DATA_RECV] TS=1700549 | SRC=3 | SEQ=170 | DELAY_MS=548
28:30.236	ID:2	[NODE_STAT] TS=1710001 | ID=2 | OF=0 | PRNT=1 | RANK=768 | PCHG=1 | CPU=1710000000 | LPM=0 | TX=0 | RX=0
28:30.236	ID:2	[DATA_SEND] TS=1710001 | ID=2 | SEQ=171
28:30.236	ID:2	[WARN: IPv6 Route] No route found
28:30.236	ID:2	[WARN: IPv6 Route] No route found
28:30.249	ID:1	[DATA_RECV] TS=1709868 | SRC=2 | SEQ=171 | DELAY_MS=0
28:30.348	ID:4	[NODE_STAT] TS=1710001 | ID=4 | OF=0 | PRNT=3 | RANK=768 | PCHG=1 | CPU=1710000000 | LPM=0 | TX=0 | RX=0
28:30.348	ID:4	[DATA_SEND] TS=1710001 | ID=4 | SEQ=171
28:30.348	ID:4	[WARN: IPv6 Route] No route found
28:30.348	ID:4	[WARN: IPv6 Route] No route found
28:30.392	ID:3	[WARN: IPv6 Route] No route found
28:30.392	ID:3	[WARN: IPv6 Route] No route found
28:30.409	ID:1	[DATA_RECV] TS=1710028 | SRC=4 | SEQ=171 | DELAY_MS=27
28:30.715	ID:5	[NODE_STAT] TS=1710001 | ID=5 | OF=0 | PRNT=4 | RANK=1024 | PCHG=2 | CPU=1710000000 | LPM=0 | TX=0 | RX=0
28:30.715	ID:5	[DATA_SEND] TS=1710001 | ID=5 | SEQ=170
28:30.715	ID:5	[WARN: IPv6 Route] No route found
28:30.715	ID:5	[WARN: IPv6 Route] No route found
28:30.725	ID:4	[WARN: IPv6 Route] No route found
28:30.725	ID:4	[WARN: IPv6 Route] No route found
28:30.743	ID:3	[WARN: IPv6 Route] No route found
28:30.743	ID:3	[WARN: IPv6 Route] No route found
28:30.777	ID:1	[DATA_RECV] TS=1710396 | SRC=5 | SEQ=170 | DELAY_MS=395
28:30.899	ID:3	[NODE_STAT] TS=1710001 | ID=3 | OF=0 | PRNT=1 | RANK=512 | PCHG=1 | CPU=1710000000 | LPM=0 | TX=0 | RX=0
28:30.899	ID:3	[DATA_SEND] TS=1710001 | ID=3 | SEQ=171
28:30.899	ID:3	[WARN: IPv6 Route] No route found
28:30.899	ID:3	[WARN: IPv6 Route] No route found
28:30.937	ID:1	[DATA_RECV] TS=1710556 | SRC=3 | SEQ=171 | DELAY_MS=555
28:40.236	ID:2	[NODE_STAT] TS=1720001 | ID=2 | OF=0 | PRNT=1 | RANK=768 | PCHG=1 | CPU=1720000000 | LPM=0 | TX=0 | RX=0
28:40.236	ID:2	[DATA_SEND] TS=1720001 | ID=2 | SEQ=172
28:40.236	ID:2	[WARN: IPv6 Route] No route found
28:40.236	ID:2	[WARN: IPv6 Route] No route found
28:40.274	ID:1	[DATA_RECV] TS=1719893 | SRC=2 | SEQ=172 | DELAY_MS=0
28:40.348	ID:4	[NODE_STAT] TS=1720001 | ID=4 | OF=0 | PRNT=3 | RANK=768 | PCHG=1 | CPU=1720000000 | LPM=0 | TX=0 | RX=0
28:40.348	ID:4	[DATA_SEND] TS=1720001 | ID=4 | SEQ=172
28:40.348	ID:4	[WARN: IPv6 Route] No route found
28:40.348	ID:4	[WARN: IPv6 Route] No route found
28:40.370	ID:3	[WARN: IPv6 Route] No route found
28:40.370	ID:3	[WARN: IPv6 Route] No route found
28:40.377	ID:1	[DATA_RECV] TS=1719996 | SRC=4 | SEQ=172 | DELAY_MS=0
28:40.715	ID:5	[NODE_STAT] TS=1720001 | ID=5 | OF=0 | PRNT=4 | RANK=1024 | PCHG=2 | CPU=1720000000 | LPM=0 | TX=0 | RX=0
28:40.715	ID:5	[DATA_SEND] TS=1720001 | ID=5 | SEQ=171
28:40.715	ID:5	[WARN: IPv6 Route] No route found
28:40.715	ID:5	[WARN: IPv6 Route] No route found
28:40.759	ID:4	[WARN: IPv6 Route] No route found
28:40.759	ID:4	[WARN: IPv6 Route] No route found
28:40.775	ID:3	[WARN: IPv6 Route] No route found
28:40.775	ID:3	[WARN: IPv6 Route] No route found
28:40.787	ID:1	[DATA_RECV] TS=1720406 | SRC=5 | SEQ=171 | DELAY_MS=405
28:40.899	ID:3	[NODE_STAT] TS=1720001 | ID=3 | OF=0 | PRNT=1 | RANK=512 | PCHG=1 | CPU=1720000000 | LPM=0 | TX=0 | RX=0
28:40.899	ID:3	[DATA_SEND] TS=1720001 | ID=3 | SEQ=172
28:40.899	ID:3	[WARN: IPv6 Route] No route found
28:40.899	ID:3	[WARN: IPv6 Route] No route found
28:40.910	ID:1	[DATA_RECV] TS=1720529 | SRC=3 | SEQ=172 | DELAY_MS=528
28:50.236	ID:2	[NODE_STAT] TS=1730001 | ID=2 | OF=0 | PRNT=1 | RANK=768 | PCHG=1 | CPU=1730000000 | LPM=0 | TX=0 | RX=0
28:50.236	ID:2	[DATA_SEND] TS=1730001 | ID=2 | SEQ=173
28:50.236	ID:2	[WARN: IPv6 Route] No route found
28:50.236	ID:2	[WARN: IPv6 Route] No route found
28:50.258	ID:1	[DATA_RECV] TS=1729877 | SRC=2 | SEQ=173 | DELAY_MS=0
28:50.348	ID:4	[NODE_STAT] TS=1730001 | ID=4 | OF=0 | PRNT=3 | RANK=768 | PCHG=1 | CPU=1730000000 | LPM=0 | TX=0 | RX=0
28:50.348	ID:4	[DATA_SEND] TS=1730001 | ID=4 | SEQ=173
28:50.348	ID:4	[WARN: IPv6 Route] No route found
28:50.348	ID:4	[WARN: IPv6 Route] No route found
28:50.389	ID:3	[WARN: IPv6 Route] No route found
28:50.389	ID:3	[WARN: IPv6 Route] No route found
28:50.423	ID:1	[DATA_RECV] TS=1730042 | SRC=4 | SEQ=173 | DELAY_MS=41
28:50.715	ID:5	[NODE_STAT] TS=1730001 | ID=5 | OF=0 | PRNT=4 | RANK=1024 | PCHG=2 | CPU=1730000000 | LPM=0 | TX=0 | RX=0
28:50.715	ID:5	[DATA_SEND] TS=1730001 | ID=5 | SEQ=172
28:50.715	ID:5	[WARN: IPv6 Route] No route found
28:50.715	ID:5	[WARN: IPv6 Route] No route found
28:50.733	ID:4	[WARN: IPv6 Route] No route found
28:50.733	ID:4	[WARN: IPv6 Route] No route found
28:50.744	ID:3	[WARN: IPv6 Route] No route found
28:50.744	ID:3	[WARN: IPv6 Route] No route found
28:50.766	ID:1	[DATA_RECV] TS=1730385 | SRC=5 | SEQ=172 | DELAY_MS=384
28:50.899	ID:3	[NODE_STAT] TS=1730001 | ID=3 | OF=0 | PRNT=1 | RANK=512 | PCHG=1 | CPU=1730000000 | LPM=0 | TX=0 | RX=0
28:50.899	ID:3	[DATA_SEND] TS=1730001 | ID=3 | SEQ=173
28:50.899	ID:3	[WARN: IPv6 Route] No route found
28:50.899	ID:3	[WARN: IPv6 Route] No route found
28:50.931	ID:1	[DATA_RECV] TS=1730550 | SRC=3 | SEQ=173 | DELAY_MS=549
29:00.236	ID:2	[NODE_STAT] TS=1740001 | ID=2 | OF=0 | PRNT=1 | RANK=768 | PCHG=1 | CPU=1740000000 | LPM=0 | TX=0 | RX=0
29:00.236	ID:2	[DATA_SEND] TS=1740001 | ID=2 | SEQ=174
29:00.236	ID:2	[WARN: IPv6 Route] No route found
29:00.236	ID:2	[WARN: IPv6 Route] No route found
29:00.348	ID:4	[NODE_STAT] TS=1740001 | ID=4 | OF=0 | PRNT=3 | RANK=768 | PCHG=1 | CPU=1740000000 | LPM=0 | TX=0 | RX=0
29:00.348	ID:4	[DATA_SEND] TS=1740001 | ID=4 | SEQ=174
29:00.348	ID:4	[WARN: IPv6 Route] No route found
29:00.348	ID:4	[WARN: IPv6 Route] No route found
29:00.349	ID:1	[DATA_RECV] TS=1739968 | SRC=2 | SEQ=174 | DELAY_MS=0
29:00.386	ID:3	[WARN: IPv6 Route] No route found
29:00.386	ID:3	[WARN: IPv6 Route] No route found
29:00.405	ID:1	[DATA_RECV] TS=1740024 | SRC=4 | SEQ=174 | DELAY_MS=23
29:00.715	ID:5	[NODE_STAT] TS=1740001 | ID=5 | OF=0 | PRNT=4 | RANK=1024 | PCHG=2 | CPU=1740000000 | LPM=0 | TX=0 | RX=0
29:00.715	ID:5	[DATA_SEND] TS=1740001 | ID=5 | SEQ=173
29:00.715	ID:5	[WARN: IPv6 Route] No route found
29:00.715	ID:5	[WARN: IPv6 Route] No route found
29:00.731	ID:4	[WARN: IPv6 Route] No route found
29:00.731	ID:4	[WARN: IPv6 Route] No route found
29:00.776	ID:3	[WARN: IPv6 Route] No route found
29:00.776	ID:3	[WARN: IPv6 Route] No route found
29:00.808	ID:1	[DATA_RECV] TS=1740427 | SRC=5 | SEQ=173 | DELAY_MS=426
29:00.899	ID:3	[NODE_STAT] TS=1740001 | ID=3 | OF=0 | PRNT=1 | RANK=512 | PCHG=1 | CPU=1740000000 | LPM=0 | TX=0 | RX=0
29:00.899	ID:3	[DATA_SEND] TS=1740001 | ID=3 | SEQ=174
29:00.899	ID:3	[WARN: IPv6 Route] No route found
29:00.899	ID:3	[WARN: IPv6 Route] No route found
29:00.944	ID:1	[DATA_RECV] TS=1740563 | SRC=3 | SEQ=174 | DELAY_MS=562
29:10.236	ID:2	[NODE_STAT] TS=1750001 | ID=2 | OF=0 | PRNT=1 | RANK=1024 | PCHG=1 | CPU=1750000000 | LPM=0 | TX=0 | RX=0
29:10.236	ID:2	[DATA_SEND] TS=1750001 | ID=2 | SEQ=175
29:10.236	ID:2	[WARN: IPv6 Route] No route found
29:10.236	ID:2	[WARN: IPv6 Route] No route found
29:10.345	ID:1	[DATA_RECV] TS=1749964 | SRC=2 | SEQ=175 | DELAY_MS=0
29:10.348	ID:4	[NODE_STAT] TS=1750001 | ID=4 | OF=0 | PRNT=3 | RANK=768 | PCHG=1 | CPU=1750000000 | LPM=0 | TX=0 | RX=0
29:10.348	ID:4	[DATA_SEND] TS=1750001 | ID=4 | SEQ=175
29:10.348	ID:4	[WARN: IPv6 Route] No route found
29:10.348	ID:4	[WARN: IPv6 Route] No route found
29:10.361	ID:3	[WARN: IPv6 Route] No route found
29:10.361	ID:3	[WARN: IPv6 Route] No route found
29:10.404	ID:1	[DATA_RECV] TS=1750023 | SRC=4 | SEQ=175 | DELAY_MS=22
29:10.715	ID:5	[NODE_STAT] TS=1750001 | ID=5 | OF=0 | PRNT=4 | RANK=1024 | PCHG=2 | CPU=1750000000 | LPM=0 | TX=0 | RX=0
29:10.715	ID:5	[DATA_SEND] TS=1750001 | ID=5 | SEQ=174
29:10.715	ID:5	[WARN: IPv6 Route] No route found
29:10.715	ID:5	[WARN: IPv6 Route] No route found
29:10.724	ID:4	[WARN: IPv6 Route] No route found
29:10.724	ID:4	[WARN: IPv6 Route] No route found
29:10.745	ID:3	[WARN: IPv6 Route] No route found
29:10.745	ID:3	[WARN: IPv6 Route] No route found
29:10.753	ID:1	[DATA_RECV] TS=1750372 | SRC=5 | SEQ=174 | DELAY_MS=371
29:10.899	ID:3	[NODE_STAT] TS=1750001 | ID=3 | OF=0 | PRNT=1 | RANK=512 | PCHG=1 | CPU=1750000000 | LPM=0 | TX=0 | RX=0
29:10.899	ID:3	[DATA_SEND] TS=1750001 | ID=3 | SEQ=175
29:10.899	ID:3	[WARN: IPv6 Route] No route found
29:10.899	ID:3	[WARN: IPv6 Route] No route found
29:10.910	ID:1	[DATA_RECV] TS=1750529 | SRC=3 | SEQ=175 | DELAY_MS=528
29:20.236	ID:2	[NODE_STAT] TS=1760001 | ID=2 | OF=0 | PRNT=1 | RANK=1024 | PCHG=1 | CPU=1760000000 | LPM=0 | TX=0 | RX=0
29:20.236	ID:2	[DATA_SEND] TS=1760001 | ID=2 | SEQ=176
29:20.236	ID:2	[WARN: IPv6 Route] No route found
29:20.236	ID:2	[WARN: IPv6 Route] No route found
29:20.298	ID:1	[DATA_RECV] TS=1759917 | SRC=2 | SEQ=176 | DELAY_MS=0
29:20.348	ID:4	[NODE_STAT] TS=1760001 | ID=4 | OF=0 | PRNT=3 | RANK=768 | PCHG=1 | CPU=1760000000 | LPM=0 | TX=0 | RX=0
29:20.348	ID:4	[DATA_SEND] TS=1760001 | ID=4 | SEQ=176
29:20.348	ID:4	[WARN: IPv6 Route] No route found
29:20.348	ID:4	[WARN: IPv6 Route] No route found
29:20.374	ID:3	[WARN: IPv6 Route] No route found
29:20.374	ID:3	[WARN: IPv6 Route] No route found
29:20.380	ID:1	[DATA_RECV] TS=1759999 | SRC=4 | SEQ=176 | DELAY_MS=0
29:20.715	ID:5	[NODE_STAT] TS=1760001 | ID=5 | OF=0 | PRNT=4 | RANK=1024 | PCHG=2 | CPU=1760000000 | LPM=0 | TX=0 | RX=0
29:20.715	ID:5	[DATA_SEND] TS=1760001 | ID=5 | SEQ=175
29:20.715	ID:5	[WARN: IPv6 Route] No route found
29:20.715	ID:5	[WARN: IPv6 Route] No route found
29:20.752	ID:4	[WARN: IPv6 Route] No route found
29:20.752	ID:4	[WARN: IPv6 Route] No route found
29:20.791	ID:3	[WARN: IPv6 Route] No route found
29:20.791	ID:3	[WARN: IPv6 Route] No route found
29:20.812	ID:1	[DATA_RECV] TS=1760431 | SRC=5 | SEQ=175 | DELAY_MS=430
29:20.899	ID:3	[NODE_STAT] TS=1760001 | ID=3 | OF=0 | PRNT=1 | RANK=512 | PCHG=1 | CPU=1760000000 | LPM=0 | TX=0 | RX=0
29:20.899	ID:3	[DATA_SEND] TS=1760001 | ID=3 | SEQ=176
29:20.899	ID:3	[WARN: IPv6 Route] No route found
29:20.899	ID:3	[WARN: IPv6 Route] No route found
29:20.910	ID:1	[DATA_RECV] TS=1760529 | SRC=3 | SEQ=176 | DELAY_MS=528
29:30.236	ID:2	[NODE_STAT] TS=1770001 | ID=2 | OF=0 | PRNT=1 | RANK=1024 | PCHG=1 | CPU=1770000000 | LPM=0 | TX=0 | RX=0
29:30.236	ID:2	[DATA_SEND] TS=1770001 | ID=2 | SEQ=177
29:30.236	ID:2	[WARN: IPv6 Route] No route found
29:30.236	ID:2	[WARN: IPv6 Route] No route found
29:30.295	ID:1	[DATA_RECV] TS=1769914 | SRC=2 | SEQ=177 | DELAY_MS=0
29:30.348	ID:4	[NODE_STAT] TS=1770001 | ID=4 | OF=0 | PRNT=3 | RANK=768 | PCHG=1 | CPU=1770000000 | LPM=0 | TX=0 | RX=0
29:30.348	ID:4	[DATA_SEND] TS=1770001 | ID=4 | SEQ=177
29:30.348	ID:4	[WARN: IPv6 Route] No route found
29:30.348	ID:4	[WARN: IPv6 Route] No route found
29:30.376	ID:3	[WARN: IPv6 Route] No route found
29:30.376	ID:3	[WARN: IPv6 Route] No route found
29:30.416	ID:1	[DATA_RECV] TS=1770035 | SRC=4 | SEQ=177 | DELAY_MS=34
29:30.715	ID:5	[NODE_STAT] TS=1770001 | ID=5 | OF=0 | PRNT=4 | RANK=1024 | PCHG=2 | CPU=1770000000 | LPM=0 | TX=0 | RX=0
29:30.715	ID:5	[DATA_SEND] TS=1770001 | ID=5 | SEQ=176
29:30.715	ID:5	[WARN: IPv6 Route] No route found
29:30.715	ID:5	[WARN: IPv6 Route] No route found
29:30.750	ID:4	[WARN: IPv6 Route] No route found
29:30.750	ID:4	[WARN: IPv6 Route] No route found
29:30.792	ID:3	[WARN: IPv6 Route] No route found
29:30.792	ID:3	[WARN: IPv6 Route] No route found
29:30.825	ID:1	[DATA_RECV] TS=1770444 | SRC=5 | SEQ=176 | DELAY_MS=443
29:30.899	ID:3	[NODE_STAT] TS=1770001 | ID=3 | OF=0 | PRNT=1 | RANK=512 | PCHG=1 | CPU=1770000000 | LPM=0 | TX=0 | RX=0
29:30.899	ID:3	[DATA_SEND] TS=1770001 | ID=3 | SEQ=177
29:30.899	ID:3	[WARN: IPv6 Route] No route found
29:30.899	ID:3	[WARN: IPv6 Route] No route found
29:30.910	ID:1	[DATA_RECV] TS=1770529 | SRC=3 | SEQ=177 | DELAY_MS=528
29:40.236	ID:2	[NODE_STAT] TS=1780001 | ID=2 | OF=0 | PRNT=1 | RANK=1024 | PCHG=1 | CPU=1780000000 | LPM=0 | TX=0 | RX=0
29:40.236	ID:2	[DATA_SEND] TS=1780001 | ID=2 | SEQ=178
29:40.236	ID:2	[WARN: IPv6 Route] No route found
29:40.236	ID:2	[WARN: IPv6 Route] No route found
29:40.348	ID:4	[NODE_STAT] TS=1780001 | ID=4 | OF=0 | PRNT=3 | RANK=768 | PCHG=1 | CPU=1780000000 | LPM=0 | TX=0 | RX=0
29:40.348	ID:4	[DATA_SEND] TS=1780001 | ID=4 | SEQ=178
29:40.348	ID:4	[WARN: IPv6 Route] No route found
29:40.348	ID:4	[WARN: IPv6 Route] No route found
29:40.377	ID:3	[WARN: IPv6 Route] No route found
29:40.377	ID:3	[WARN: IPv6 Route] No route found
29:40.388	ID:1	[DATA_RECV] TS=1780007 | SRC=4 | SEQ=178 | DELAY_MS=6
29:40.409	ID:1	[DATA_RECV] TS=1780028 | SRC=2 | SEQ=178 | DELAY_MS=27
29:40.715	ID:5	[NODE_STAT] TS=1780001 | ID=5 | OF=0 | PRNT=4 | RANK=1024 | PCHG=2 | CPU=1780000000 | LPM=0 | TX=0 | RX=0
29:40.715	ID:5	[DATA_SEND] TS=1780001 | ID=5 | SEQ=177
29:40.715	ID:5	[WARN: IPv6 Route] No route found
29:40.715	ID:5	[WARN: IPv6 Route] No route found
29:40.739	ID:4	[WARN: IPv6 Route] No route found
29:40.739	ID:4	[WARN: IPv6 Route] No route found
29:40.778	ID:3	[WARN: IPv6 Route] No route found
29:40.778	ID:3	[WARN: IPv6 Route] No route found
29:40.816	ID:1	[DATA_RECV] TS=1780435 | SRC=5 | SEQ=177 | DELAY_MS=434
29:40.899	ID:3	[NODE_STAT] TS=1780001 | ID=3 | OF=0 | PRNT=1 | RANK=512 | PCHG=1 | CPU=1780000000 | LPM=0 | TX=0 | RX=0
29:40.899	ID:3	[DATA_SEND] TS=1780001 | ID=3 | SEQ=178
29:40.899	ID:3	[WARN: IPv6 Route] No route found
29:40.899	ID:3	[WARN: IPv6 Route] No route found
29:40.941	ID:1	[DATA_RECV] TS=1780560 | SRC=3 | SEQ=178 | DELAY_MS=559
29:50.236	ID:2	[NODE_STAT] TS=1790001 | ID=2 | OF=0 | PRNT=1 | RANK=1280 | PCHG=1 | CPU=1790000000 | LPM=0 | TX=0 | RX=0
29:50.236	ID:2	[DATA_SEND] TS=1790001 | ID=2 | SEQ=179
29:50.236	ID:2	[WARN: IPv6 Route] No route found
29:50.236	ID:2	[WARN: IPv6 Route] No route found
29:50.274	ID:1	[DATA_RECV] TS=1789893 | SRC=2 | SEQ=179 | DELAY_MS=0
29:50.348	ID:4	[NODE_STAT] TS=1790001 | ID=4 | OF=0 | PRNT=3 | RANK=768 | PCHG=1 | CPU=1790000000 | LPM=0 | TX=0 | RX=0
29:50.348	ID:4	[DATA_SEND] TS=1790001 | ID=4 | SEQ=179
29:50.348	ID:4	[WARN: IPv6 Route] No route found
29:50.348	ID:4	[WARN: IPv6 Route] No route found
29:50.376	ID:3	[WARN: IPv6 Route] No route found
29:50.376	ID:3	[WARN: IPv6 Route] No route found
29:50.401	ID:1	[DATA_RECV] TS=1790020 | SRC=4 | SEQ=179 | DELAY_MS=19
29:50.715	ID:5	[NODE_STAT] TS=1790001 | ID=5 | OF=0 | PRNT=4 | RANK=1024 | PCHG=2 | CPU=1790000000 | LPM=0 | TX=0 | RX=0
29:50.715	ID:5	[DATA_SEND] TS=1790001 | ID=5 | SEQ=178
29:50.715	ID:5	[WARN: IPv6 Route] No route found
29:50.715	ID:5	[WARN: IPv6 Route] No route found
29:50.752	ID:4	[WARN: IPv6 Route] No route found
29:50.752	ID:4	[WARN: IPv6 Route] No route found
29:50.763	ID:3	[WARN: IPv6 Route] No route found
29:50.763	ID:3	[WARN: IPv6 Route] No route found
29:50.770	ID:1	[DATA_RECV] TS=1790389 | SRC=5 | SEQ=178 | DELAY_MS=388
29:50.899	ID:3	[NODE_STAT] TS=1790001 | ID=3 | OF=0 | PRNT=1 | RANK=512 | PCHG=1 | CPU=1790000000 | LPM=0 | TX=0 | RX=0
29:50.899	ID:3	[DATA_SEND] TS=1790001 | ID=3 | SEQ=179
29:50.899	ID:3	[WARN: IPv6 Route] No route found
29:50.899	ID:3	[WARN: IPv6 Route] No route found
29:50.911	ID:1	[DATA_RECV] TS=1790530 | SRC=3 | SEQ=179 | DELAY_MS=529
30:00.236	ID:2	[NODE_STAT] TS=1800001 | ID=2 | OF=0 | PRNT=1 | RANK=1280 | PCHG=1 | CPU=1800000000 | LPM=0 | TX=0 | RX=0
30:00.236	ID:2	[DATA_SEND] TS=1800001 | ID=2 | SEQ=180
30:00.236	ID:2	[WARN: IPv6 Route] No route found
30:00.236	ID:2	[WARN: IPv6 Route] No route found
30:00.346	ID:1	[DATA_RECV] TS=1799965 | SRC=2 | SEQ=180 | DELAY_MS=0
30:00.348	ID:4	[NODE_STAT] TS=1800001 | ID=4 | OF=0 | PRNT=3 | RANK=768 | PCHG=1 | CPU=1800000000 | LPM=0 | TX=0 | RX=0
30:00.348	ID:4	[DATA_SEND] TS=1800001 | ID=4 | SEQ=180
30:00.348	ID:4	[WARN: IPv6 Route] No route found
30:00.348	ID:4	[WARN: IPv6 Route] No route found
30:00.355	ID:3	[WARN: IPv6 Route] No route found
30:00.355	ID:3	[WARN: IPv6 Route] No route found
30:00.393	ID:1	[DATA_RECV] TS=1800012 | SRC=4 | SEQ=180 | DELAY_MS=11
30:00.715	ID:5	[NODE_STAT] TS=1800001 | ID=5 | OF=0 | PRNT=4 | RANK=1024 | PCHG=2 | CPU=1800000000 | LPM=0 | TX=0 | RX=0
30:00.715	ID:5	[DATA_SEND] TS=1800001 | ID=5 | SEQ=179
30:00.715	ID:5	[WARN: IPv6 Route] No route found
30:00.715	ID:5	[WARN: IPv6 Route] No route found
30:00.720	ID:4	[WARN: IPv6 Route] No route found
30:00.720	ID:4	[WARN: IPv6 Route] No route found
30:00.755	ID:3	[WARN: IPv6 Route] No route found
30:00.755	ID:3	[WARN: IPv6 Route] No route found
30:00.762	ID:1	[DATA_RECV] TS=1800381 | SRC=5 | SEQ=179 | DELAY_MS=380
30:00.899	ID:3	[NODE_STAT] TS=1800001 | ID=3 | OF=0 | PRNT=1 | RANK=512 | PCHG=1 | CPU=1800000000 | LPM=0 | TX=0 | RX=0
30:00.899	ID:3	[DATA_SEND] TS=1800001 | ID=3 | SEQ=180
30:00.899	ID:3	[WARN: IPv6 Route] No route found
30:00.899	ID:3	[WARN: IPv6 Route] No route found
30:00.927	ID:1	[DATA_RECV] TS=1800546 | SRC=3 | SEQ=180 | DELAY_MS=545
30:10.236	ID:2	[NODE_STAT] TS=1810001 | ID=2 | OF=0 | PRNT=1 | RANK=1536 | PCHG=1 | CPU=1810000000 | LPM=0 | TX=0 | RX=0
30:10.236	ID:2	[DATA_SEND] TS=1810001 | ID=2 | SEQ=181
30:10.236	ID:2	[WARN: IPv6 Route] No route found
30:10.236	ID:2	[WARN: IPv6 Route] No route found
30:10.303	ID:1	[DATA_RECV] TS=1809922 | SRC=2 | SEQ=181 | DELAY_MS=0
30:10.348	ID:4	[NODE_STAT] TS=1810001 | ID=4 | OF=0 | PRNT=3 | RANK=768 | PCHG=1 | CPU=1810000000 | LPM=0 | TX=0 | RX=0
30:10.348	ID:4	[DATA_SEND] TS=1810001 | ID=4 | SEQ=181
30:10.348	ID:4	[WARN: IPv6 Route] No route found
30:10.348	ID:4	[WARN: IPv6 Route] No route found
30:10.357	ID:3	[WARN: IPv6 Route] No route found
30:10.357	ID:3	[WARN: IPv6 Route] No route found
30:10.375	ID:1	[DATA_RECV] TS=1809994 | SRC=4 | SEQ=181 | DELAY_MS=0
30:10.715	ID:5	[NODE_STAT] TS=1810001 | ID=5 | OF=0 | PRNT=4 | RANK=1024 | PCHG=2 | CPU=1810000000 | LPM=0 | TX=0 | RX=0
30:10.715	ID:5	[DATA_SEND] TS=1810001 | ID=5 | SEQ=180
30:10.715	ID:5	[WARN: IPv6 Route] No route found
30:10.715	ID:5	[WARN: IPv6 Route] No route found
30:10.751	ID:4	[WARN: IPv6 Route] No route found
30:10.751	ID:4	[WARN: IPv6 Route] No route found
30:10.765	ID:3	[WARN: IPv6 Route] No route found
30:10.765	ID:3	[WARN: IPv6 Route] No route found
30:10.774	ID:1	[DATA_RECV] TS=1810393 | SRC=5 | SEQ=180 | DELAY_MS=392
30:10.899	ID:3	[NODE_STAT] TS=1810001 | ID=3 | OF=0 | PRNT=1 | RANK=512 | PCHG=1 | CPU=1810000000 | LPM=0 | TX=0 | RX=0
30:10.899	ID:3	[DATA_SEND] TS=1810001 | ID=3 | SEQ=181
30:10.899	ID:3	[WARN: IPv6 Route] No route found
30:10.899	ID:3	[WARN: IPv6 Route] No route found
30:10.942	ID:1	[DATA_RECV] TS=1810561 | SRC=3 | SEQ=181 | DELAY_MS=560
30:20.236	ID:2	[NODE_STAT] TS=1820001 | ID=2 | OF=0 | PRNT=1 | RANK=1536 | PCHG=1 | CPU=1820000000 | LPM=0 | TX=0 | RX=0
30:20.236	ID:2	[DATA_SEND] TS=1820001 | ID=2 | SEQ=182
30:20.236	ID:2	[WARN: IPv6 Route] No route found
30:20.236	ID:2	[WARN: IPv6 Route] No route found
30:20.251	ID:1	[DATA_RECV] TS=1819870 | SRC=2 | SEQ=182 | DELAY_MS=0
30:20.348	ID:4	[NODE_STAT] TS=1820001 | ID=4 | OF=0 | PRNT=3 | RANK=768 | PCHG=1 | CPU=1820000000 | LPM=0 | TX=0 | RX=0
30:20.348	ID:4	[DATA_SEND] TS=1820001 | ID=4 | SEQ=182
30:20.348	ID:4	[WARN: IPv6 Route] No route found
30:20.348	ID:4	[WARN: IPv6 Route] No route found
30:20.357	ID:3	[WARN: IPv6 Route] No route found
30:20.357	ID:3	[WARN: IPv6 Route] No route found
30:20.377	ID:1	[DATA_RECV] TS=1819996 | SRC=4 | SEQ=182 | DELAY_MS=0
30:20.715	ID:5	[NODE_STAT] TS=1820001 | ID=5 | OF=0 | PRNT=4 | RANK=1024 | PCHG=2 | CPU=1820000000 | LPM=0 | TX=0 | RX=0
30:20.715	ID:5	[DATA_SEND] TS=1820001 | ID=5 | SEQ=181
30:20.715	ID:5	[WARN: IPv6 Route] No route found
30:20.715	ID:5	[WARN: IPv6 Route] No route found
30:20.720	ID:4	[WARN: IPv6 Route] No route found
30:20.720	ID:4	[WARN: IPv6 Route] No route found
30:20.731	ID:3	[WARN: IPv6 Route] No route found
30:20.731	ID:3	[WARN: IPv6 Route] No route found
30:20.738	ID:1	[DATA_RECV] TS=1820357 | SRC=5 | SEQ=181 | DELAY_MS=356
30:20.899	ID:3	[NODE_STAT] TS=1820001 | ID=3 | OF=0 | PRNT=1 | RANK=512 | PCHG=1 | CPU=1820000000 | LPM=0 | TX=0 | RX=0
30:20.899	ID:3	[DATA_SEND] TS=1820001 | ID=3 | SEQ=182
30:20.899	ID:3	[WARN: IPv6 Route] No route found
30:20.899	ID:3	[WARN: IPv6 Route] No route found
30:20.937	ID:1	[DATA_RECV] TS=1820556 | SRC=3 | SEQ=182 | DELAY_MS=555
30:30.236	ID:2	[NODE_STAT] TS=1830001 | ID=2 | OF=0 | PRNT=1 | RANK=1280 | PCHG=1 | CPU=1830000000 | LPM=0 | TX=0 | RX=0
30:30.236	ID:2	[DATA_SEND] TS=1830001 | ID=2 | SEQ=183
30:30.236	ID:2	[WARN: IPv6 Route] No route found
30:30.236	ID:2	[WARN: IPv6 Route] No route found
30:30.274	ID:1	[DATA_RECV] TS=1829893 | SRC=2 | SEQ=183 | DELAY_MS=0
30:30.348	ID:4	[NODE_STAT] TS=1830001 | ID=4 | OF=0 | PRNT=3 | RANK=768 | PCHG=1 | CPU=1830000000 | LPM=0 | TX=0 | RX=0
30:30.348	ID:4	[DATA_SEND] TS=1830001 | ID=4 | SEQ=183
30:30.348	ID:4	[WARN: IPv6 Route] No route found
30:30.348	ID:4	[WARN: IPv6 Route] No route found
30:30.369	ID:3	[WARN: IPv6 Route] No route found
30:30.369	ID:3	[WARN: IPv6 Route] No route found
30:30.394	ID:1	[DATA_RECV] TS=1830013 | SRC=4 | SEQ=183 | DELAY_MS=12
30:30.715	ID:5	[NODE_STAT] TS=1830001 | ID=5 | OF=0 | PRNT=4 | RANK=1024 | PCHG=2 | CPU=1830000000 | LPM=0 | TX=0 | RX=0
30:30.715	ID:5	[DATA_SEND] TS=1830001 | ID=5 | SEQ=182
30:30.715	ID:5	[WARN: IPv6 Route] No route found
30:30.715	ID:5	[WARN: IPv6 Route] No route found
30:30.735	ID:4	[WARN: IPv6 Route] No route found
30:30.735	ID:4	[WARN: IPv6 Route] No route found
30:30.746	ID:3	[WARN: IPv6 Route] No route found
30:30.746	ID:3	[WARN: IPv6 Route] No route found
30:30.768	ID:1	[DATA_RECV] TS=1830387 | SRC=5 | SEQ=182 | DELAY_MS=386
30:30.899	ID:3	[NODE_STAT] TS=1830001 | ID=3 | OF=0 | PRNT=1 | RANK=512 | PCHG=1 | CPU=1830000000 | LPM=0 | TX=0 | RX=0
30:30.899	ID:3	[DATA_SEND] TS=1830001 | ID=3 | SEQ=183
30:30.899	ID:3	[WARN: IPv6 Route] No route found
30:30.899	ID:3	[WARN: IPv6 Route] No route found
30:30.910	ID:1	[DATA_RECV] TS=1830529 | SRC=3 | SEQ=183 | DELAY_MS=528
30:40.236	ID:2	[NODE_STAT] TS=1840001 | ID=2 | OF=0 | PRNT=1 | RANK=1280 | PCHG=1 | CPU=1840000000 | LPM=0 | TX=0 | RX=0
30:40.236	ID:2	[DATA_SEND] TS=1840001 | ID=2 | SEQ=184
30:40.236	ID:2	[WARN: IPv6 Route] No route found
30:40.236	ID:2	[WARN: IPv6 Route] No route found
30:40.276	ID:1	[DATA_RECV] TS=1839895 | SRC=2 | SEQ=184 | DELAY_MS=0
30:40.348	ID:4	[NODE_STAT] TS=1840001 | ID=4 | OF=0 | PRNT=3 | RANK=768 | PCHG=1 | CPU=1840000000 | LPM=0 | TX=0 | RX=0
30:40.348	ID:4	[DATA_SEND] TS=1840001 | ID=4 | SEQ=184
30:40.348	ID:4	[WARN: IPv6 Route] No route found
30:40.348	ID:4	[WARN: IPv6 Route] No route found
30:40.392	ID:3	[WARN: IPv6 Route] No route found
30:40.392	ID:3	[WARN: IPv6 Route] No route found
30:40.400	ID:1	[DATA_RECV] TS=1840019 | SRC=4 | SEQ=184 | DELAY_MS=18
30:40.715	ID:5	[NODE_STAT] TS=1840001 | ID=5 | OF=0 | PRNT=4 | RANK=1024 | PCHG=2 | CPU=1840000000 | LPM=0 | TX=0 | RX=0
30:40.715	ID:5	[DATA_SEND] TS=1840001 | ID=5 | SEQ=183
30:40.715	ID:5	[WARN: IPv6 Route] No route found
30:40.715	ID:5	[WARN: IPv6 Route] No route found
30:40.719	ID:4	[WARN: IPv6 Route] No route found
30:40.719	ID:4	[WARN: IPv6 Route] No route found
30:40.730	ID:3	[WARN: IPv6 Route] No route found
30:40.730	ID:3	[WARN: IPv6 Route] No route found
30:40.769	ID:1	[DATA_RECV] TS=1840388 | SRC=5 | SEQ=183 | DELAY_MS=387
30:40.899	ID:3	[NODE_STAT] TS=1840001 | ID=3 | OF=0 | PRNT=1 | RANK=512 | PCHG=1 | CPU=1840000000 | LPM=0 | TX=0 | RX=0
30:40.899	ID:3	[DATA_SEND] TS=1840001 | ID=3 | SEQ=184
30:40.899	ID:3	[WARN: IPv6 Route] No route found
30:40.899	ID:3	[WARN: IPv6 Route] No route found
30:40.917	ID:1	[DATA_RECV] TS=1840536 | SRC=3 | SEQ=184 | DELAY_MS=535
30:50.236	ID:2	[NODE_STAT] TS=1850001 | ID=2 | OF=0 | PRNT=1 | RANK=1280 | PCHG=1 | CPU=1850000000 | LPM=0 | TX=0 | RX=0
30:50.236	ID:2	[DATA_SEND] TS=1850001 | ID=2 | SEQ=185
30:50.236	ID:2	[WARN: IPv6 Route] No route found
30:50.236	ID:2	[WARN: IPv6 Route] No route found
30:50.260	ID:1	[DATA_RECV] TS=1849879 | SRC=2 | SEQ=185 | DELAY_MS=0
30:50.348	ID:4	[NODE_STAT] TS=1850001 | ID=4 | OF=0 | PRNT=3 | RANK=768 | PCHG=1 | CPU=1850000000 | LPM=0 | TX=0 | RX=0
30:50.348	ID:4	[DATA_SEND] TS=1850001 | ID=4 | SEQ=185
30:50.348	ID:4	[WARN: IPv6 Route] No route found
30:50.348	ID:4	[WARN: IPv6 Route] No route found
30:50.366	ID:3	[WARN: IPv6 Route] No route found
30:50.366	ID:3	[WARN: IPv6 Route] No route found
30:50.373	ID:1	[DATA_RECV] TS=1849992 | SRC=4 | SEQ=185 | DELAY_MS=0
30:50.715	ID:5	[NODE_STAT] TS=1850001 | ID=5 | OF=0 | PRNT=4 | RANK=1024 | PCHG=2 | CPU=1850000000 | LPM=0 | TX=0 | RX=0
30:50.715	ID:5	[DATA_SEND] TS=1850001 | ID=5 | SEQ=184
30:50.715	ID:5	[WARN: IPv6 Route] No route found
30:50.715	ID:5	[WARN: IPv6 Route] No route found
30:50.734	ID:4	[WARN: IPv6 Route] No route found
30:50.734	ID:4	[WARN: IPv6 Route] No route found
30:50.742	ID:3	[WARN: IPv6 Route] No route found
30:50.742	ID:3	[WARN: IPv6 Route] No route found
30:50.765	ID:1	[DATA_RECV] TS=1850384 | SRC=5 | SEQ=184 | DELAY_MS=383
30:50.899	ID:3	[NODE_STAT] TS=1850001 | ID=3 | OF=0 | PRNT=1 | RANK=512 | PCHG=1 | CPU=1850000000 | LPM=0 | TX=0 | RX=0
30:50.899	ID:3	[DATA_SEND] TS=1850001 | ID=3 | SEQ=185
30:50.899	ID:3	[WARN: IPv6 Route] No route found
30:50.899	ID:3	[WARN: IPv6 Route] No route found
30:50.919	ID:1	[DATA_RECV] TS=1850538 | SRC=3 | SEQ=185 | DELAY_MS=537
31:00.236	ID:2	[NODE_STAT] TS=1860001 | ID=2 | OF=0 | PRNT=1 | RANK=1280 | PCHG=1 | CPU=1860000000 | LPM=0 | TX=0 | RX=0
31:00.236	ID:2	[DATA_SEND] TS=1860001 | ID=2 | SEQ=186
31:00.236	ID:2	[WARN: IPv6 Route] No route found
31:00.236	ID:2	[WARN: IPv6 Route] No route found
31:00.276	ID:1	[DATA_RECV] TS=1859895 | SRC=2 | SEQ=186 | DELAY_MS=0
31:00.348	ID:4	[NODE_STAT] TS=1860001 | ID=4 | OF=0 | PRNT=3 | RANK=768 | PCHG=1 | CPU=1860000000 | LPM=0 | TX=0 | RX=0
31:00.348	ID:4	[DATA_SEND] TS=1860001 | ID=4 | SEQ=186
31:00.348	ID:4	[WARN: IPv6 Route] No route found
31:00.348	ID:4	[WARN: IPv6 Route] No route found
31:00.356	ID:3	[WARN: IPv6 Route] No route found
31:00.356	ID:3	[WARN: IPv6 Route] No route found
31:00.395	ID:1	[DATA_RECV] TS=1860014 | SRC=4 | SEQ=186 | DELAY_MS=13
31:00.715	ID:5	[NODE_STAT] TS=1860001 | ID=5 | OF=0 | PRNT=4 | RANK=1024 | PCHG=2 | CPU=1860000000 | LPM=0 | TX=0 | RX=0
31:00.715	ID:5	[DATA_SEND] TS=1860001 | ID=5 | SEQ=185
31:00.715	ID:5	[WARN: IPv6 Route] No route found
31:00.715	ID:5	[WARN: IPv6 Route] No route found
31:00.747	ID:4	[WARN: IPv6 Route] No route found
31:00.747	ID:4	[WARN: IPv6 Route] No route found
31:00.757	ID:3	[WARN: IPv6 Route] No route found
31:00.757	ID:3	[WARN: IPv6 Route] No route found
31:00.775	ID:1	[DATA_RECV] TS=1860394 | SRC=5 | SEQ=185 | DELAY_MS=393
31:00.899	ID:3	[NODE_STAT] TS=1860001 | ID=3 | OF=0 | PRNT=1 | RANK=512 | PCHG=1 | CPU=1860000000 | LPM=0 | TX=0 | RX=0
31:00.899	ID:3	[DATA_SEND] TS=1860001 | ID=3 | SEQ=186
31:00.899	ID:3	[WARN: IPv6 Route] No route found
31:00.899	ID:3	[WARN: IPv6 Route] No route found
31:00.931	ID:1	[DATA_RECV] TS=1860550 | SRC=3 | SEQ=186 | DELAY_MS=549
31:10.236	ID:2	[NODE_STAT] TS=1870001 | ID=2 | OF=0 | PRNT=1 | RANK=1024 | PCHG=1 | CPU=1870000000 | LPM=0 | TX=0 | RX=0
31:10.236	ID:2	[DATA_SEND] TS=1870001 | ID=2 | SEQ=187
31:10.236	ID:2	[WARN: IPv6 Route] No route found
31:10.236	ID:2	[WARN: IPv6 Route] No route found
31:10.252	ID:1	[DATA_RECV] TS=1869871 | SRC=2 | SEQ=187 | DELAY_MS=0
31:10.348	ID:4	[NODE_STAT] TS=1870001 | ID=4 | OF=0 | PRNT=3 | RANK=768 | PCHG=1 | CPU=1870000000 | LPM=0 | TX=0 | RX=0
31:10.348	ID:4	[DATA_SEND] TS=1870001 | ID=4 | SEQ=187
31:10.348	ID:4	[WARN: IPv6 Route] No route found
31:10.348	ID:4	[WARN: IPv6 Route] No route found
31:10.382	ID:3	[WARN: IPv6 Route] No route found
31:10.382	ID:3	[WARN: IPv6 Route] No route found
31:10.422	ID:1	[DATA_RECV] TS=1870041 | SRC=4 | SEQ=187 | DELAY_MS=40
31:10.715	ID:5	[NODE_STAT] TS=1870001 | ID=5 | OF=0 | PRNT=4 | RANK=1024 | PCHG=2 | CPU=1870000000 | LPM=0 | TX=0 | RX=0
31:10.715	ID:5	[DATA_SEND] TS=1870001 | ID=5 | SEQ=186
31:10.715	ID:5	[WARN: IPv6 Route] No route found
31:10.715	ID:5	[WARN: IPv6 Route] No route found
31:10.725	ID:4	[WARN: IPv6 Route] No route found
31:10.725	ID:4	[WARN: IPv6 Route] No route found
31:10.765	ID:3	[WARN: IPv6 Route] No route found
31:10.765	ID:3	[WARN: IPv6 Route] No route found
31:10.788	ID:1	[DATA_RECV] TS=1870407 | SRC=5 | SEQ=186 | DELAY_MS=406
31:10.899	ID:3	[NODE_STAT] TS=1870001 | ID=3 | OF=0 | PRNT=1 | RANK=512 | PCHG=1 | CPU=1870000000 | LPM=0 | TX=0 | RX=0
31:10.899	ID:3	[DATA_SEND] TS=1870001 | ID=3 | SEQ=187
31:10.899	ID:3	[WARN: IPv6 Route] No route found
31:10.899	ID:3	[WARN: IPv6 Route] No route found
31:10.912	ID:1	[DATA_RECV] TS=1870531 | SRC=3 | SEQ=187 | DELAY_MS=530
31:20.236	ID:2	[NODE_STAT] TS=1880001 | ID=2 | OF=0 | PRNT=1 | RANK=1024 | PCHG=1 | CPU=1880000000 | LPM=0 | TX=0 | RX=0
31:20.236	ID:2	[DATA_SEND] TS=1880001 | ID=2 | SEQ=188
31:20.236	ID:2	[WARN: IPv6 Route] No route found
31:20.236	ID:2	[WARN: IPv6 Route] No route found
31:20.276	ID:1	[DATA_RECV] TS=1879895 | SRC=2 | SEQ=188 | DELAY_MS=0
31:20.348	ID:4	[NODE_STAT] TS=1880001 | ID=4 | OF=0 | PRNT=3 | RANK=768 | PCHG=1 | CPU=1880000000 | LPM=0 | TX=0 | RX=0
31:20.348	ID:4	[DATA_SEND] TS=1880001 | ID=4 | SEQ=188
31:20.348	ID:4	[WARN: IPv6 Route] No route found
31:20.348	ID:4	[WARN: IPv6 Route] No route found
31:20.361	ID:3	[WARN: IPv6 Route] No route found
31:20.361	ID:3	[WARN: IPv6 Route] No route found
31:20.376	ID:1	[DATA_RECV] TS=1879995 | SRC=4 | SEQ=188 | DELAY_MS=0
31:20.715	ID:5	[NODE_STAT] TS=1880001 | ID=5 | OF=0 | PRNT=4 | RANK=1024 | PCHG=2 | CPU=1880000000 | LPM=0 | TX=0 | RX=0
31:20.715	ID:5	[DATA_SEND] TS=1880001 | ID=5 | SEQ=187
31:20.715	ID:5	[WARN: IPv6 Route] No route found
31:20.715	ID:5	[WARN: IPv6 Route] No route found
31:20.754	ID:4	[WARN: IPv6 Route] No route found
31:20.754	ID:4	[WARN: IPv6 Route] No route found
31:20.788	ID:3	[WARN: IPv6 Route] No route found
31:20.788	ID:3	[WARN: IPv6 Route] No route found
31:20.801	ID:1	[DATA_RECV] TS=1880420 | SRC=5 | SEQ=187 | DELAY_MS=419
31:20.899	ID:3	[NODE_STAT] TS=1880001 | ID=3 | OF=0 | PRNT=1 | RANK=512 | PCHG=1 | CPU=1880000000 | LPM=0 | TX=0 | RX=0
31:20.899	ID:3	[DATA_SEND] TS=1880001 | ID=3 | SEQ=188
31:20.899	ID:3	[WARN: IPv6 Route] No route found
31:20.899	ID:3	[WARN: IPv6 Route] No route found
31:20.941	ID:1	[DATA_RECV] TS=1880560 | SRC=3 | SEQ=188 | DELAY_MS=559
31:30.236	ID:2	[NODE_STAT] TS=1890001 | ID=2 | OF=0 | PRNT=1 | RANK=1024 | PCHG=1 | CPU=1890000000 | LPM=0 | TX=0 | RX=0
31:30.236	ID:2	[DATA_SEND] TS=1890001 | ID=2 | SEQ=189
31:30.236	ID:2	[WARN: IPv6 Route] No route found
31:30.236	ID:2	[WARN: IPv6 Route] No route found
31:30.280	ID:1	[DATA_RECV] TS=1889899 | SRC=2 | SEQ=189 | DELAY_MS=0
31:30.348	ID:4	[NODE_STAT] TS=1890001 | ID=4 | OF=0 | PRNT=3 | RANK=768 | PCHG=1 | CPU=1890000000 | LPM=0 | TX=0 | RX=0
31:30.348	ID:4	[DATA_SEND] TS=1890001 | ID=4 | SEQ=189
31:30.348	ID:4	[WARN: IPv6 Route] No route found
31:30.348	ID:4	[WARN: IPv6 Route] No route found
31:30.354	ID:3	[WARN: IPv6 Route] No route found
31:30.354	ID:3	[WARN: IPv6 Route] No route found
31:30.364	ID:1	[DATA_RECV] TS=1889983 | SRC=4 | SEQ=189 | DELAY_MS=0
31:30.715	ID:5	[NODE_STAT] TS=1890001 | ID=5 | OF=0 | PRNT=4 | RANK=1024 | PCHG=2 | CPU=1890000000 | LPM=0 | TX=0 | RX=0
31:30.715	ID:5	[DATA_SEND] TS=1890001 | ID=5 | SEQ=188
31:30.715	ID:5	[WARN: IPv6 Route] No route found
31:30.715	ID:5	[WARN: IPv6 Route] No route found
31:30.747	ID:4	[WARN: IPv6 Route] No route found
31:30.747	ID:4	[WARN: IPv6 Route] No route found
31:30.773	ID:3	[WARN: IPv6 Route] No route found
31:30.773	ID:3	[WARN: IPv6 Route] No route found
31:30.795	ID:1	[DATA_RECV] TS=1890414 | SRC=5 | SEQ=188 | DELAY_MS=413
31:30.899	ID:3	[NODE_STAT] TS=1890001 | ID=3 | OF=0 | PRNT=1 | RANK=512 | PCHG=1 | CPU=1890000000 | LPM=0 | TX=0 | RX=0
31:30.899	ID:3	[DATA_SEND] TS=1890001 | ID=3 | SEQ=189
31:30.899	ID:3	[WARN: IPv6 Route] No route found
31:30.899	ID:3	[WARN: IPv6 Route] No route found
31:30.937	ID:1	[DATA_RECV] TS=1890556 | SRC=3 | SEQ=189 | DELAY_MS=555
31:40.236	ID:2	[NODE_STAT] TS=1900001 | ID=2 | OF=0 | PRNT=1 | RANK=1024 | PCHG=1 | CPU=1900000000 | LPM=0 | TX=0 | RX=0
31:40.236	ID:2	[DATA_SEND] TS=1900001 | ID=2 | SEQ=190
31:40.236	ID:2	[WARN: IPv6 Route] No route found
31:40.236	ID:2	[WARN: IPv6 Route] No route found
31:40.308	ID:1	[DATA_RECV] TS=1899927 | SRC=2 | SEQ=190 | DELAY_MS=0
31:40.348	ID:4	[NODE_STAT] TS=1900001 | ID=4 | OF=0 | PRNT=3 | RANK=768 | PCHG=1 | CPU=1900000000 | LPM=0 | TX=0 | RX=0
31:40.348	ID:4	[DATA_SEND] TS=1900001 | ID=4 | SEQ=190
31:40.348	ID:4	[WARN: IPv6 Route] No route found
31:40.348	ID:4	[WARN: IPv6 Route] No route found
31:40.356	ID:3	[WARN: IPv6 Route] No route found
31:40.356	ID:3	[WARN: IPv6 Route] No route found
31:40.367	ID:1	[DATA_RECV] TS=1899986 | SRC=4 | SEQ=190 | DELAY_MS=0
31:40.715	ID:5	[NODE_STAT] TS=1900001 | ID=5 | OF=0 | PRNT=4 | RANK=1024 | PCHG=2 | CPU=1900000000 | LPM=0 | TX=0 | RX=0
31:40.715	ID:5	[DATA_SEND] TS=1900001 | ID=5 | SEQ=189
31:40.715	ID:5	[WARN: IPv6 Route] No route found
31:40.715	ID:5	[WARN: IPv6 Route] No route found
31:40.742	ID:4	[WARN: IPv6 Route] No route found
31:40.742	ID:4	[WARN: IPv6 Route] No route found
31:40.757	ID:3	[WARN: IPv6 Route] No route found
31:40.757	ID:3	[WARN: IPv6 Route] No route found
31:40.762	ID:1	[DATA_RECV] TS=1900381 | SRC=5 | SEQ=189 | DELAY_MS=380
31:40.899	ID:3	[NODE_STAT] TS=1900001 | ID=3 | OF=0 | PRNT=1 | RANK=512 | PCHG=1 | CPU=1900000000 | LPM=0 | TX=0 | RX=0
31:40.899	ID:3	[DATA_SEND] TS=1900001 | ID=3 | SEQ=190
31:40.899	ID:3	[WARN: IPv6 Route] No route found
31:40.899	ID:3	[WARN: IPv6 Route] No route found
31:40.928	ID:1	[DATA_RECV] TS=1900547 | SRC=3 | SEQ=190 | DELAY_MS=546
31:50.236	ID:2	[NODE_STAT] TS=1910001 | ID=2 | OF=0 | PRNT=1 | RANK=1024 | PCHG=1 | CPU=1910000000 | LPM=0 | TX=0 | RX=0
31:50.236	ID:2	[DATA_SEND] TS=1910001 | ID=2 | SEQ=191
31:50.236	ID:2	[WARN: IPv6 Route] No route found
31:50.236	ID:2	[WARN: IPv6 Route] No route found
31:50.253	ID:1	[DATA_RECV] TS=1909872 | SRC=2 | SEQ=191 | DELAY_MS=0
31:50.348	ID:4	[NODE_STAT] TS=1910001 | ID=4 | OF=0 | PRNT=3 | RANK=768 | PCHG=1 | CPU=1910000000 | LPM=0 | TX=0 | RX=0
31:50.348	ID:4	[DATA_SEND] TS=1910001 | ID=4 | SEQ=191
31:50.348	ID:4	[WARN: IPv6 Route] No route found
31:50.348	ID:4	[WARN: IPv6 Route] No route found
31:50.384	ID:3	[WARN: IPv6 Route] No route found
31:50.384	ID:3	[WARN: IPv6 Route] No route found
31:50.427	ID:1	[DATA_RECV] TS=1910046 | SRC=4 | SEQ=191 | DELAY_MS=45
31:50.715	ID:5	[NODE_STAT] TS=1910001 | ID=5 | OF=0 | PRNT=4 | RANK=1024 | PCHG=2 | CPU=1910000000 | LPM=0 | TX=0 | RX=0
31:50.715	ID:5	[DATA_SEND] TS=1910001 | ID=5 | SEQ=190
31:50.715	ID:5	[WARN: IPv6 Route] No route found
31:50.715	ID:5	[WARN: IPv6 Route] No route found
31:50.745	ID:4	[WARN: IPv6 Route] No route found
31:50.745	ID:4	[WARN: IPv6 Route] No route found
31:50.754	ID:3	[WARN: IPv6 Route] No route found
31:50.754	ID:3	[WARN: IPv6 Route] No route found
31:50.789	ID:1	[DATA_RECV] TS=1910408 | SRC=5 | SEQ=190 | DELAY_MS=407
31:50.899	ID:3	[NODE_STAT] TS=1910001 | ID=3 | OF=0 | PRNT=1 | RANK=512 | PCHG=1 | CPU=1910000000 | LPM=0 | TX=0 | RX=0
31:50.899	ID:3	[DATA_SEND] TS=1910001 | ID=3 | SEQ=191
31:50.899	ID:3	[WARN: IPv6 Route] No route found
31:50.899	ID:3	[WARN: IPv6 Route] No route found
31:50.909	ID:1	[DATA_RECV] TS=1910528 | SRC=3 | SEQ=191 | DELAY_MS=527
32:00.236	ID:2	[NODE_STAT] TS=1920001 | ID=2 | OF=0 | PRNT=1 | RANK=1024 | PCHG=1 | CPU=1920000000 | LPM=0 | TX=0 | RX=0
32:00.236	ID:2	[DATA_SEND] TS=1920001 | ID=2 | SEQ=192
32:00.236	ID:2	[WARN: IPv6 Route] No route found
32:00.236	ID:2	[WARN: IPv6 Route] No route found
32:00.348	ID:4	[NODE_STAT] TS=1920001 | ID=4 | OF=0 | PRNT=3 | RANK=768 | PCHG=1 | CPU=1920000000 | LPM=0 | TX=0 | RX=0
32:00.348	ID:4	[DATA_SEND] TS=1920001 | ID=4 | SEQ=192
32:00.348	ID:4	[WARN: IPv6 Route] No route found
32:00.348	ID:4	[WARN: IPv6 Route] No route found
32:00.368	ID:3	[WARN: IPv6 Route] No route found
32:00.368	ID:3	[WARN: IPv6 Route] No route found
32:00.411	ID:1	[DATA_RECV] TS=1920030 | SRC=4 | SEQ=192 | DELAY_MS=29
32:00.441	ID:1	[DATA_RECV] TS=1920060 | SRC=2 | SEQ=192 | DELAY_MS=59
32:00.715	ID:5	[NODE_STAT] TS=1920001 | ID=5 | OF=0 | PRNT=4 | RANK=1024 | PCHG=2 | CPU=1920000000 | LPM=0 | TX=0 | RX=0
32:00.715	ID:5	[DATA_SEND] TS=1920001 | ID=5 | SEQ=191
32:00.715	ID:5	[WARN: IPv6 Route] No route found
32:00.715	ID:5	[WARN: IPv6 Route] No route found
32:00.752	ID:4	[WARN: IPv6 Route] No route found
32:00.752	ID:4	[WARN: IPv6 Route] No route found
32:00.763	ID:3	[WARN: IPv6 Route] No route found
32:00.763	ID:3	[WARN: IPv6 Route] No route found
32:00.778	ID:1	[DATA_RECV] TS=1920397 | SRC=5 | SEQ=191 | DELAY_MS=396
32:00.899	ID:3	[NODE_STAT] TS=1920001 | ID=3 | OF=0 | PRNT=1 | RANK=512 | PCHG=1 | CPU=1920000000 | LPM=0 | TX=0 | RX=0
32:00.899	ID:3	[DATA_SEND] TS=1920001 | ID=3 | SEQ=192
32:00.899	ID:3	[WARN: IPv6 Route] No route found
32:00.899	ID:3	[WARN: IPv6 Route] No route found
32:00.924	ID:1	[DATA_RECV] TS=1920543 | SRC=3 | SEQ=192 | DELAY_MS=542
32:10.236	ID:2	[NODE_STAT] TS=1930001 | ID=2 | OF=0 | PRNT=1 | RANK=1280 | PCHG=1 | CPU=1930000000 | LPM=0 | TX=0 | RX=0
32:10.236	ID:2	[DATA_SEND] TS=1930001 | ID=2 | SEQ=193
32:10.236	ID:2	[WARN: IPv6 Route] No route found
32:10.236	ID:2	[WARN: IPv6 Route] No route found
32:10.273	ID:1	[DATA_RECV] TS=1929892 | SRC=2 | SEQ=193 | DELAY_MS=0
32:10.348	ID:4	[NODE_STAT] TS=1930001 | ID=4 | OF=0 | PRNT=3 | RANK=768 | PCHG=1 | CPU=1930000000 | LPM=0 | TX=0 | RX=0
32:10.348	ID:4	[DATA_SEND] TS=1930001 | ID=4 | SEQ=193
32:10.348	ID:4	[WARN: IPv6 Route] No route found
32:10.348	ID:4	[WARN: IPv6 Route] No route found
32:10.362	ID:3	[WARN: IPv6 Route] No route found
32:10.362	ID:3	[WARN: IPv6 Route] No route found
32:10.389	ID:1	[DATA_RECV] TS=1930008 | SRC=4 | SEQ=193 | DELAY_MS=7
32:10.715	ID:5	[NODE_STAT] TS=1930001 | ID=5 | OF=0 | PRNT=4 | RANK=1024 | PCHG=2 | CPU=1930000000 | LPM=0 | TX=0 | RX=0
32:10.715	ID:5	[DATA_SEND] TS=1930001 | ID=5 | SEQ=192
32:10.715	ID:5	[WARN: IPv6 Route] No route found
32:10.715	ID:5	[WARN: IPv6 Route] No route found
32:10.728	ID:4	[WARN: IPv6 Route] No route found
32:10.728	ID:4	[WARN: IPv6 Route] No route found
32:10.772	ID:3	[WARN: IPv6 Route] No route found
32:10.772	ID:3	[WARN: IPv6 Route] No route found
32:10.806	ID:1	[DATA_RECV] TS=1930425 | SRC=5 | SEQ=192 | DELAY_MS=424
32:10.899	ID:3	[NODE_STAT] TS=1930001 | ID=3 | OF=0 | PRNT=1 | RANK=512 | PCHG=1 | CPU=1930000000 | LPM=0 | TX=0 | RX=0
32:10.899	ID:3	[DATA_SEND] TS=1930001 | ID=3 | SEQ=193
32:10.899	ID:3	[WARN: IPv6 Route] No route found
32:10.899	ID:3	[WARN: IPv6 Route] No route found
32:10.944	ID:1	[DATA_RECV] TS=1930563 | SRC=3 | SEQ=193 | DELAY_MS=562
32:20.236	ID:2	[NODE_STAT] TS=1940001 | ID=2 | OF=0 | PRNT=1 | RANK=1280 | PCHG=1 | CPU=1940000000 | LPM=0 | TX=0 | RX=0
32:20.236	ID:2	[DATA_SEND] TS=1940001 | ID=2 | SEQ=194
32:20.236	ID:2	[WARN: IPv6 Route] No route found
32:20.236	ID:2	[WARN: IPv6 Route] No route found
32:20.275	ID:1	[DATA_RECV] TS=1939894 | SRC=2 | SEQ=194 | DELAY_MS=0
32:20.348	ID:4	[NODE_STAT] TS=1940001 | ID=4 | OF=0 | PRNT=3 | RANK=768 | PCHG=1 | CPU=1940000000 | LPM=0 | TX=0 | RX=0
32:20.348	ID:4	[DATA_SEND] TS=1940001 | ID=4 | SEQ=194
32:20.348	ID:4	[WARN: IPv6 Route] No route found
32:20.348	ID:4	[WARN: IPv6 Route] No route found
32:20.391	ID:3	[WARN: IPv6 Route] No route found
32:20.391	ID:3	[WARN: IPv6 Route] No route found
32:20.425	ID:1	[DATA_RECV] TS=1940044 | SRC=4 | SEQ=194 | DELAY_MS=43
32:20.715	ID:5	[NODE_STAT] TS=1940001 | ID=5 | OF=0 | PRNT=4 | RANK=1024 | PCHG=2 | CPU=1940000000 | LPM=0 | TX=0 | RX=0
32:20.715	ID:5	[DATA_SEND] TS=1940001 | ID=5 | SEQ=193
32:20.715	ID:5	[WARN: IPv6 Route] No route found
32:20.715	ID:5	[WARN: IPv6 Route] No route found
32:20.727	ID:4	[WARN: IPv6 Route] No route found
32:20.727	ID:4	[WARN: IPv6 Route] No route found
32:20.735	ID:3	[WARN: IPv6 Route] No route found
32:20.735	ID:3	[WARN: IPv6 Route] No route found
32:20.744	ID:1	[DATA_RECV] TS=1940363 | SRC=5 | SEQ=193 | DELAY_MS=362
32:20.899	ID:3	[NODE_STAT] TS=1940001 | ID=3 | OF=0 | PRNT=1 | RANK=512 | PCHG=1 | CPU=1940000000 | LPM=0 | TX=0 | RX=0
32:20.899	ID:3	[DATA_SEND] TS=1940001 | ID=3 | SEQ=194
32:20.899	ID:3	[WARN: IPv6 Route] No route found
32:20.899	ID:3	[WARN: IPv6 Route] No route found
32:20.911	ID:1	[DATA_RECV] TS=1940530 | SRC=3 | SEQ=194 | DELAY_MS=529
32:30.236	ID:2	[NODE_STAT] TS=1950001 | ID=2 | OF=0 | PRNT=1 | RANK=1280 | PCHG=1 | CPU=1950000000 | LPM=0 | TX=0 | RX=0
32:30.236	ID:2	[DATA_SEND] TS=1950001 | ID=2 | SEQ=195
32:30.236	ID:2	[WARN: IPv6 Route] No route found
32:30.236	ID:2	[WARN: IPv6 Route] No route found
32:30.247	ID:1	[DATA_RECV] TS=1949866 | SRC=2 | SEQ=195 | DELAY_MS=0
32:30.348	ID:4	[NODE_STAT] TS=1950001 | ID=4 | OF=0 | PRNT=3 | RANK=768 | PCHG=1 | CPU=1950000000 | LPM=0 | TX=0 | RX=0
32:30.348	ID:4	[DATA_SEND] TS=1950001 | ID=4 | SEQ=195
32:30.348	ID:4	[WARN: IPv6 Route] No route found
32:30.348	ID:4	[WARN: IPv6 Route] No route found
32:30.373	ID:3	[WARN: IPv6 Route] No route found
32:30.373	ID:3	[WARN: IPv6 Route] No route found
32:30.418	ID:1	[DATA_RECV] TS=1950037 | SRC=4 | SEQ=195 | DELAY_MS=36
32:30.715	ID:5	[NODE_STAT] TS=1950001 | ID=5 | OF=0 | PRNT=4 | RANK=1024 | PCHG=2 | CPU=1950000000 | LPM=0 | TX=0 | RX=0
32:30.715	ID:5	[DATA_SEND] TS=1950001 | ID=5 | SEQ=194
32:30.715	ID:5	[WARN: IPv6 Route] No route found
32:30.715	ID:5	[WARN: IPv6 Route] No route found
32:30.719	ID:4	[WARN: IPv6 Route] No route found
32:30.719	ID:4	[WARN: IPv6 Route] No route found
32:30.745	ID:3	[WARN: IPv6 Route] No route found
32:30.745	ID:3	[WARN: IPv6 Route] No route found
32:30.769	ID:1	[DATA_RECV] TS=1950388 | SRC=5 | SEQ=194 | DELAY_MS=387
32:30.899	ID:3	[NODE_STAT] TS=1950001 | ID=3 | OF=0 | PRNT=1 | RANK=512 | PCHG=1 | CPU=1950000000 | LPM=0 | TX=0 | RX=0
32:30.899	ID:3	[DATA_SEND] TS=1950001 | ID=3 | SEQ=195
32:30.899	ID:3	[WARN: IPv6 Route] No route found
32:30.899	ID:3	[WARN: IPv6 Route] No route found
32:30.925	ID:1	[DATA_RECV] TS=1950544 | SRC=3 | SEQ=195 | DELAY_MS=543
32:40.236	ID:2	[NODE_STAT] TS=1960001 | ID=2 | OF=0 | PRNT=1 | RANK=1024 | PCHG=1 | CPU=1960000000 | LPM=0 | TX=0 | RX=0
32:40.236	ID:2	[DATA_SEND] TS=1960001 | ID=2 | SEQ=196
32:40.236	ID:2	[WARN: IPv6 Route] No route found
32:40.236	ID:2	[WARN: IPv6 Route] No route found
32:40.242	ID:1	[DATA_RECV] TS=1959861 | SRC=2 | SEQ=196 | DELAY_MS=0
32:40.348	ID:4	[NODE_STAT] TS=1960001 | ID=4 | OF=0 | PRNT=3 | RANK=768 | PCHG=1 | CPU=1960000000 | LPM=0 | TX=0 | RX=0
32:40.348	ID:4	[DATA_SEND] TS=1960001 | ID=4 | SEQ=196
32:40.348	ID:4	[WARN: IPv6 Route] No route found
32:40.348	ID:4	[WARN: IPv6 Route] No route found
32:40.379	ID:3	[WARN: IPv6 Route] No route found
32:40.379	ID:3	[WARN: IPv6 Route] No route found
32:40.397	ID:1	[DATA_RECV] TS=1960016 | SRC=4 | SEQ=196 | DELAY_MS=15
32:40.715	ID:5	[NODE_STAT] TS=1960001 | ID=5 | OF=0 | PRNT=4 | RANK=1024 | PCHG=2 | CPU=1960000000 | LPM=0 | TX=0 | RX=0
32:40.715	ID:5	[DATA_SEND] TS=1960001 | ID=5 | SEQ=195
32:40.715	ID:5	[WARN: IPv6 Route] No route found
32:40.715	ID:5	[WARN: IPv6 Route] No route found
32:40.744	ID:4	[WARN: IPv6 Route] No route found
32:40.744	ID:4	[WARN: IPv6 Route] No route found
32:40.785	ID:3	[WARN: IPv6 Route] No route found
32:40.785	ID:3	[WARN: IPv6 Route] No route found
32:40.826	ID:1	[DATA_RECV] TS=1960445 | SRC=5 | SEQ=195 | DELAY_MS=444
32:40.899	ID:3	[NODE_STAT] TS=1960001 | ID=3 | OF=0 | PRNT=1 | RANK=512 | PCHG=1 | CPU=1960000000 | LPM=0 | TX=0 | RX=0
32:40.899	ID:3	[DATA_SEND] TS=1960001 | ID=3 | SEQ=196
32:40.899	ID:3	[WARN: IPv6 Route] No route found
32:40.899	ID:3	[WARN: IPv6 Route] No route found
32:40.941	ID:1	[DATA_RECV] TS=1960560 | SRC=3 | SEQ=196 | DELAY_MS=559
32:50.236	ID:2	[NODE_STAT] TS=1970001 | ID=2 | OF=0 | PRNT=1 | RANK=1024 | PCHG=1 | CPU=1970000000 | LPM=0 | TX=0 | RX=0
32:50.236	ID:2	[DATA_SEND] TS=1970001 | ID=2 | SEQ=197
32:50.236	ID:2	[WARN: IPv6 Route] No route found
32:50.236	ID:2	[WARN: IPv6 Route] No route found
32:50.275	ID:1	[DATA_RECV] TS=1969894 | SRC=2 | SEQ=197 | DELAY_MS=0
32:50.348	ID:4	[NODE_STAT] TS=1970001 | ID=4 | OF=0 | PRNT=3 | RANK=768 | PCHG=1 | CPU=1970000000 | LPM=0 | TX=0 | RX=0
32:50.348	ID:4	[DATA_SEND] TS=1970001 | ID=4 | SEQ=197
32:50.348	ID:4	[WARN: IPv6 Route] No route found
32:50.348	ID:4	[WARN: IPv6 Route] No route found
32:50.359	ID:3	[WARN: IPv6 Route] No route found
32:50.359	ID:3	[WARN: IPv6 Route] No route found
32:50.385	ID:1	[DATA_RECV] TS=1970004 | SRC=4 | SEQ=197 | DELAY_MS=3
32:50.715	ID:5	[NODE_STAT] TS=1970001 | ID=5 | OF=0 | PRNT=4 | RANK=1024 | PCHG=2 | CPU=1970000000 | LPM=0 | TX=0 | RX=0
32:50.715	ID:5	[DATA_SEND] TS=1970001 | ID=5 | SEQ=196
32:50.715	ID:5	[WARN: IPv6 Route] No route found
32:50.715	ID:5	[WARN: IPv6 Route] No route found
32:50.757	ID:4	[WARN: IPv6 Route] No route found
32:50.757	ID:4	[WARN: IPv6 Route] No route found
32:50.773	ID:3	[WARN: IPv6 Route] No route found
32:50.773	ID:3	[WARN: IPv6 Route] No route found
32:50.791	ID:1	[DATA_RECV] TS=1970410 | SRC=5 | SEQ=196 | DELAY_MS=409
32:50.899	ID:3	[NODE_STAT] TS=1970001 | ID=3 | OF=0 | PRNT=1 | RANK=512 | PCHG=1 | CPU=1970000000 | LPM=0 | TX=0 | RX=0
32:50.899	ID:3	[DATA_SEND] TS=1970001 | ID=3 | SEQ=197
32:50.899	ID:3	[WARN: IPv6 Route] No route found
32:50.899	ID:3	[WARN: IPv6 Route] No route found
32:50.932	ID:1	[DATA_RECV] TS=1970551 | SRC=3 | SEQ=197 | DELAY_MS=550
33:00.236	ID:2	[NODE_STAT] TS=1980001 | ID=2 | OF=0 | PRNT=1 | RANK=1024 | PCHG=1 | CPU=1980000000 | LPM=0 | TX=0 | RX=0
33:00.236	ID:2	[DATA_SEND] TS=1980001 | ID=2 | SEQ=198
33:00.236	ID:2	[WARN: IPv6 Route] No route found
33:00.236	ID:2	[WARN: IPv6 Route] No route found
33:00.287	ID:1	[DATA_RECV] TS=1979906 | SRC=2 | SEQ=198 | DELAY_MS=0
33:00.348	ID:4	[NODE_STAT] TS=1980001 | ID=4 | OF=0 | PRNT=3 | RANK=768 | PCHG=1 | CPU=1980000000 | LPM=0 | TX=0 | RX=0
33:00.348	ID:4	[DATA_SEND] TS=1980001 | ID=4 | SEQ=198
33:00.348	ID:4	[WARN: IPv6 Route] No route found
33:00.348	ID:4	[WARN: IPv6 Route] No route found
33:00.356	ID:3	[WARN: IPv6 Route] No route found
33:00.356	ID:3	[WARN: IPv6 Route] No route found
33:00.363	ID:1	[DATA_RECV] TS=1979982 | SRC=4 | SEQ=198 | DELAY_MS=0
33:00.715	ID:5	[NODE_STAT] TS=1980001 | ID=5 | OF=0 | PRNT=4 | RANK=1024 | PCHG=2 | CPU=1980000000 | LPM=0 | TX=0 | RX=0
33:00.715	ID:5	[DATA_SEND] TS=1980001 | ID=5 | SEQ=197
33:00.715	ID:5	[WARN: IPv6 Route] No route found
33:00.715	ID:5	[WARN: IPv6 Route] No route found
33:00.757	ID:4	[WARN: IPv6 Route] No route found
33:00.757	ID:4	[WARN: IPv6 Route] No route found
33:00.789	ID:3	[WARN: IPv6 Route] No route found
33:00.789	ID:3	[WARN: IPv6 Route] No route found
33:00.823	ID:1	[DATA_RECV] TS=1980442 | SRC=5 | SEQ=197 | DELAY_MS=441
33:00.899	ID:3	[NODE_STAT] TS=1980001 | ID=3 | OF=0 | PRNT=1 | RANK=512 | PCHG=1 | CPU=1980000000 | LPM=0 | TX=0 | RX=0
33:00.899	ID:3	[DATA_SEND] TS=1980001 | ID=3 | SEQ=198
33:00.899	ID:3	[WARN: IPv6 Route] No route found
33:00.899	ID:3	[WARN: IPv6 Route] No route found
33:00.930	ID:1	[DATA_RECV] TS=1980549 | SRC=3 | SEQ=198 | DELAY_MS=548
33:10.236	ID:2	[NODE_STAT] TS=1990001 | ID=2 | OF=0 | PRNT=1 | RANK=1024 | PCHG=1 | CPU=1990000000 | LPM=0 | TX=0 | RX=0
33:10.236	ID:2	[DATA_SEND] TS=1990001 | ID=2 | SEQ=199
33:10.236	ID:2	[WARN: IPv6 Route] No route found
33:10.236	ID:2	[WARN: IPv6 Route] No route found
33:10.248	ID:1	[DATA_RECV] TS=1989867 | SRC=2 | SEQ=199 | DELAY_MS=0
33:10.348	ID:4	[NODE_STAT] TS=1990001 | ID=4 | OF=0 | PRNT=3 | RANK=768 | PCHG=1 | CPU=1990000000 | LPM=0 | TX=0 | RX=0
33:10.348	ID:4	[DATA_SEND] TS=1990001 | ID=4 | SEQ=199
33:10.348	ID:4	[WARN: IPv6 Route] No route found
33:10.348	ID:4	[WARN: IPv6 Route] No route found
33:10.373	ID:3	[WARN: IPv6 Route] No route found
33:10.373	ID:3	[WARN: IPv6 Route] No route found
33:10.388	ID:1	[DATA_RECV] TS=1990007 | SRC=4 | SEQ=199 | DELAY_MS=6
33:10.715	ID:5	[NODE_STAT] TS=1990001 | ID=5 | OF=0 | PRNT=4 | RANK=1024 | PCHG=2 | CPU=1990000000 | LPM=0 | TX=0 | RX=0
33:10.715	ID:5	[DATA_SEND] TS=1990001 | ID=5 | SEQ=198
33:10.715	ID:5	[WARN: IPv6 Route] No route found
33:10.715	ID:5	[WARN: IPv6 Route] No route found
33:10.730	ID:4	[WARN: IPv6 Route] No route found
33:10.730	ID:4	[WARN: IPv6 Route] No route found
33:10.759	ID:3	[WARN: IPv6 Route] No route found
33:10.759	ID:3	[WARN: IPv6 Route] No route found
33:10.801	ID:1	[DATA_RECV] TS=1990420 | SRC=5 | SEQ=198 | DELAY_MS=419
33:10.899	ID:3	[NODE_STAT] TS=1990001 | ID=3 | OF=0 | PRNT=1 | RANK=512 | PCHG=1 | CPU=1990000000 | LPM=0 | TX=0 | RX=0
33:10.899	ID:3	[DATA_SEND] TS=1990001 | ID=3 | SEQ=199
33:10.899	ID:3	[WARN: IPv6 Route] No route found
33:10.899	ID:3	[WARN: IPv6 Route] No route found
33:10.927	ID:1	[DATA_RECV] TS=1990546 | SRC=3 | SEQ=199 | DELAY_MS=545
33:20.236	ID:2	[NODE_STAT] TS=2000001 | ID=2 | OF=0 | PRNT=1 | RANK=1024 | PCHG=1 | CPU=2000000000 | LPM=0 | TX=0 | RX=0
33:20.236	ID:2	[DATA_SEND] TS=2000001 | ID=2 | SEQ=200
33:20.236	ID:2	[WARN: IPv6 Route] No route found
33:20.236	ID:2	[WARN: IPv6 Route] No route found
33:20.348	ID:4	[NODE_STAT] TS=2000001 | ID=4 | OF=0 | PRNT=3 | RANK=768 | PCHG=1 | CPU=2000000000 | LPM=0 | TX=0 | RX=0
33:20.348	ID:4	[DATA_SEND] TS=2000001 | ID=4 | SEQ=200
33:20.348	ID:4	[WARN: IPv6 Route] No route found
33:20.348	ID:4	[WARN: IPv6 Route] No route found
33:20.367	ID:3	[WARN: IPv6 Route] No route found
33:20.367	ID:3	[WARN: IPv6 Route] No route found
33:20.397	ID:1	[DATA_RECV] TS=2000016 | SRC=4 | SEQ=200 | DELAY_MS=15
33:20.410	ID:1	[DATA_RECV] TS=2000029 | SRC=2 | SEQ=200 | DELAY_MS=28
33:20.715	ID:5	[NODE_STAT] TS=2000001 | ID=5 | OF=0 | PRNT=4 | RANK=1024 | PCHG=2 | CPU=2000000000 | LPM=0 | TX=0 | RX=0
33:20.715	ID:5	[DATA_SEND] TS=2000001 | ID=5 | SEQ=199
33:20.715	ID:5	[WARN: IPv6 Route] No route found
33:20.715	ID:5	[WARN: IPv6 Route] No route found
33:20.721	ID:4	[WARN: IPv6 Route] No route found
33:20.721	ID:4	[WARN: IPv6 Route] No route found
33:20.746	ID:3	[WARN: IPv6 Route] No route found
33:20.746	ID:3	[WARN: IPv6 Route] No route found
33:20.759	ID:1	[DATA_RECV] TS=2000378 | SRC=5 | SEQ=199 | DELAY_MS=377
33:20.899	ID:3	[NODE_STAT] TS=2000001 | ID=3 | OF=0 | PRNT=1 | RANK=512 | PCHG=1 | CPU=2000000000 | LPM=0 | TX=0 | RX=0
33:20.899	ID:3	[DATA_SEND] TS=2000001 | ID=3 | SEQ=200
33:20.899	ID:3	[WARN: IPv6 Route] No route found
33:20.899	ID:3	[WARN: IPv6 Route] No route found
33:20.918	ID:1	[DATA_RECV] TS=2000537 | SRC=3 | SEQ=200 | DELAY_MS=536
33:30.236	ID:2	[NODE_STAT] TS=2010001 | ID=2 | OF=0 | PRNT=1 | RANK=1280 | PCHG=1 | CPU=2010000000 | LPM=0 | TX=0 | RX=0
33:30.236	ID:2	[DATA_SEND] TS=2010001 | ID=2 | SEQ=201
33:30.236	ID:2	[WARN: IPv6 Route] No route found
33:30.236	ID:2	[WARN: IPv6 Route] No route found
33:30.262	ID:1	[DATA_RECV] TS=2009881 | SRC=2 | SEQ=201 | DELAY_MS=0
33:30.348	ID:4	[NODE_STAT] TS=2010001 | ID=4 | OF=0 | PRNT=3 | RANK=768 | PCHG=1 | CPU=2010000000 | LPM=0 | TX=0 | RX=0
33:30.348	ID:4	[DATA_SEND] TS=2010001 | ID=4 | SEQ=201
33:30.348	ID:4	[WARN: IPv6 Route] No route found
33:30.348	ID:4	[WARN: IPv6 Route] No route found
33:30.381	ID:3	[WARN: IPv6 Route] No route found
33:30.381	ID:3	[WARN: IPv6 Route] No route found
33:30.421	ID:1	[DATA_RECV] TS=2010040 | SRC=4 | SEQ=201 | DELAY_MS=39
33:30.715	ID:5	[NODE_STAT] TS=2010001 | ID=5 | OF=0 | PRNT=4 | RANK=1024 | PCHG=2 | CPU=2010000000 | LPM=0 | TX=0 | RX=0
33:30.715	ID:5	[DATA_SEND] TS=2010001 | ID=5 | SEQ=200
33:30.715	ID:5	[WARN: IPv6 Route] No route found
33:30.715	ID:5	[WARN: IPv6 Route] No route found
33:30.722	ID:4	[WARN: IPv6 Route] No route found
33:30.722	ID:4	[WARN: IPv6 Route] No route found
33:30.734	ID:3	[WARN: IPv6 Route] No route found
33:30.734	ID:3	[WARN: IPv6 Route] No route found
33:30.763	ID:1	[DATA_RECV] TS=2010382 | SRC=5 | SEQ=200 | DELAY_MS=381
33:30.899	ID:3	[NODE_STAT] TS=2010001 | ID=3 | OF=0 | PRNT=1 | RANK=512 | PCHG=1 | CPU=2010000000 | LPM=0 | TX=0 | RX=0
33:30.899	ID:3	[DATA_SEND] TS=2010001 | ID=3 | SEQ=201
33:30.899	ID:3	[WARN: IPv6 Route] No route found
33:30.899	ID:3	[WARN: IPv6 Route] No route found
33:30.934	ID:1	[DATA_RECV] TS=2010553 | SRC=3 | SEQ=201 | DELAY_MS=552
33:40.236	ID:2	[NODE_STAT] TS=2020001 | ID=2 | OF=0 | PRNT=1 | RANK=1280 | PCHG=1 | CPU=2020000000 | LPM=0 | TX=0 | RX=0
33:40.236	ID:2	[DATA_SEND] TS=2020001 | ID=2 | SEQ=202
33:40.236	ID:2	[WARN: IPv6 Route] No route found
33:40.236	ID:2	[WARN: IPv6 Route] No route found
33:40.264	ID:1	[DATA_RECV] TS=2019883 | SRC=2 | SEQ=202 | DELAY_MS=0
33:40.348	ID:4	[NODE_STAT] TS=2020001 | ID=4 | OF=0 | PRNT=3 | RANK=768 | PCHG=1 | CPU=2020000000 | LPM=0 | TX=0 | RX=0
33:40.348	ID:4	[DATA_SEND] TS=2020001 | ID=4 | SEQ=202
33:40.348	ID:4	[WARN: IPv6 Route] No route found
33:40.348	ID:4	[WARN: IPv6 Route] No route found
33:40.376	ID:3	[WARN: IPv6 Route] No route found
33:40.376	ID:3	[WARN: IPv6 Route] No route found
33:40.393	ID:1	[DATA_RECV] TS=2020012 | SRC=4 | SEQ=202 | DELAY_MS=11
33:40.715	ID:5	[NODE_STAT] TS=2020001 | ID=5 | OF=0 | PRNT=4 | RANK=1024 | PCHG=2 | CPU=2020000000 | LPM=0 | TX=0 | RX=0
33:40.715	ID:5	[DATA_SEND] TS=2020001 | ID=5 | SEQ=201
33:40.715	ID:5	[WARN: IPv6 Route] No route found
33:40.715	ID:5	[WARN: IPv6 Route] No route found
33:40.725	ID:4	[WARN: IPv6 Route] No route found
33:40.725	ID:4	[WARN: IPv6 Route] No route found
33:40.733	ID:3	[WARN: IPv6 Route] No route found
33:40.733	ID:3	[WARN: IPv6 Route] No route found
33:40.758	ID:1	[DATA_RECV] TS=2020377 | SRC=5 | SEQ=201 | DELAY_MS=376
33:40.899	ID:3	[NODE_STAT] TS=2020001 | ID=3 | OF=0 | PRNT=1 | RANK=512 | PCHG=1 | CPU=2020000000 | LPM=0 | TX=0 | RX=0
33:40.899	ID:3	[DATA_SEND] TS=2020001 | ID=3 | SEQ=202
33:40.899	ID:3	[WARN: IPv6 Route] No route found
33:40.899	ID:3	[WARN: IPv6 Route] No route found
33:40.926	ID:1	[DATA_RECV] TS=2020545 | SRC=3 | SEQ=202 | DELAY_MS=544
33:50.236	ID:2	[NODE_STAT] TS=2030001 | ID=2 | OF=0 | PRNT=1 | RANK=1024 | PCHG=1 | CPU=2030000000 | LPM=0 | TX=0 | RX=0
33:50.236	ID:2	[DATA_SEND] TS=2030001 | ID=2 | SEQ=203
33:50.236	ID:2	[WARN: IPv6 Route] No route found
33:50.236	ID:2	[WARN: IPv6 Route] No route found
33:50.261	ID:1	[DATA_RECV] TS=2029880 | SRC=2 | SEQ=203 | DELAY_MS=0
33:50.348	ID:4	[NODE_STAT] TS=2030001 | ID=4 | OF=0 | PRNT=3 | RANK=768 | PCHG=1 | CPU=2030000000 | LPM=0 | TX=0 | RX=0
33:50.348	ID:4	[DATA_SEND] TS=2030001 | ID=4 | SEQ=203
33:50.348	ID:4	[WARN: IPv6 Route] No route found
33:50.348	ID:4	[WARN: IPv6 Route] No route found
33:50.390	ID:3	[WARN: IPv6 Route] No route found
33:50.390	ID:3	[WARN: IPv6 Route] No route found
33:50.411	ID:1	[DATA_RECV] TS=2030030 | SRC=4 | SEQ=203 | DELAY_MS=29
33:50.715	ID:5	[NODE_STAT] TS=2030001 | ID=5 | OF=0 | PRNT=4 | RANK=1024 | PCHG=2 | CPU=2030000000 | LPM=0 | TX=0 | RX=0
33:50.715	ID:5	[DATA_SEND] TS=2030001 | ID=5 | SEQ=202
33:50.715	ID:5	[WARN: IPv6 Route] No route found
33:50.715	ID:5	[WARN: IPv6 Route] No route found
33:50.749	ID:4	[WARN: IPv6 Route] No route found
33:50.749	ID:4	[WARN: IPv6 Route] No route found
33:50.787	ID:3	[WARN: IPv6 Route] No route found
33:50.787	ID:3	[WARN: IPv6 Route] No route found
33:50.794	ID:1	[DATA_RECV] TS=2030413 | SRC=5 | SEQ=202 | DELAY_MS=412
33:50.899	ID:3	[NODE_STAT] TS=2030001 | ID=3 | OF=0 | PRNT=1 | RANK=512 | PCHG=1 | CPU=2030000000 | LPM=0 | TX=0 | RX=0
33:50.899	ID:3	[DATA_SEND] TS=2030001 | ID=3 | SEQ=203
33:50.899	ID:3	[WARN: IPv6 Route] No route found
33:50.899	ID:3	[WARN: IPv6 Route] No route found
33:50.938	ID:1	[DATA_RECV] TS=2030557 | SRC=3 | SEQ=203 | DELAY_MS=556
34:00.236	ID:2	[NODE_STAT] TS=2040001 | ID=2 | OF=0 | PRNT=1 | RANK=1024 | PCHG=1 | CPU=2040000000 | LPM=0 | TX=0 | RX=0
34:00.236	ID:2	[DATA_SEND] TS=2040001 | ID=2 | SEQ=204
34:00.236	ID:2	[WARN: IPv6 Route] No route found
34:00.236	ID:2	[WARN: IPv6 Route] No route found
34:00.321	ID:1	[DATA_RECV] TS=2039940 | SRC=2 | SEQ=204 | DELAY_MS=0
34:00.348	ID:4	[NODE_STAT] TS=2040001 | ID=4 | OF=0 | PRNT=3 | RANK=768 | PCHG=1 | CPU=2040000000 | LPM=0 | TX=0 | RX=0
34:00.348	ID:4	[DATA_SEND] TS=2040001 | ID=4 | SEQ=204
34:00.348	ID:4	[WARN: IPv6 Route] No route found
34:00.348	ID:4	[WARN: IPv6 Route] No route found
34:00.355	ID:3	[WARN: IPv6 Route] No route found
34:00.355	ID:3	[WARN: IPv6 Route] No route found
34:00.364	ID:1	[DATA_RECV] TS=2039983 | SRC=4 | SEQ=204 | DELAY_MS=0
34:00.715	ID:5	[NODE_STAT] TS=2040001 | ID=5 | OF=0 | PRNT=4 | RANK=1024 | PCHG=2 | CPU=2040000000 | LPM=0 | TX=0 | RX=0
34:00.715	ID:5	[DATA_SEND] TS=2040001 | ID=5 | SEQ=203
34:00.715	ID:5	[WARN: IPv6 Route] No route found
34:00.715	ID:5	[WARN: IPv6 Route] No route found
34:00.738	ID:4	[WARN: IPv6 Route] No route found
34:00.738	ID:4	[WARN: IPv6 Route] No route found
34:00.777	ID:3	[WARN: IPv6 Route] No route found
34:00.777	ID:3	[WARN: IPv6 Route] No route found
34:00.815	ID:1	[DATA_RECV] TS=2040434 | SRC=5 | SEQ=203 | DELAY_MS=433
34:00.899	ID:3	[NODE_STAT] TS=2040001 | ID=3 | OF=0 | PRNT=1 | RANK=512 | PCHG=1 | CPU=2040000000 | LPM=0 | TX=0 | RX=0
34:00.899	ID:3	[DATA_SEND] TS=2040001 | ID=3 | SEQ=204
34:00.899	ID:3	[WARN: IPv6 Route] No route found
34:00.899	ID:3	[WARN: IPv6 Route] No route found
34:00.915	ID:1	[DATA_RECV] TS=2040534 | SRC=3 | SEQ=204 | DELAY_MS=533
34:10.236	ID:2	[NODE_STAT] TS=2050001 | ID=2 | OF=0 | PRNT=1 | RANK=1024 | PCHG=1 | CPU=2050000000 | LPM=0 | TX=0 | RX=0
34:10.236	ID:2	[DATA_SEND] TS=2050001 | ID=2 | SEQ=205
34:10.236	ID:2	[WARN: IPv6 Route] No route found
34:10.236	ID:2	[WARN: IPv6 Route] No route found
34:10.260	ID:1	[DATA_RECV] TS=2049879 | SRC=2 | SEQ=205 | DELAY_MS=0
34:10.348	ID:4	[NODE_STAT] TS=2050001 | ID=4 | OF=0 | PRNT=3 | RANK=768 | PCHG=1 | CPU=2050000000 | LPM=0 | TX=0 | RX=0
34:10.348	ID:4	[DATA_SEND] TS=2050001 | ID=4 | SEQ=205
34:10.348	ID:4	[WARN: IPv6 Route] No route found
34:10.348	ID:4	[WARN: IPv6 Route] No route found
34:10.392	ID:3	[WARN: IPv6 Route] No route found
34:10.392	ID:3	[WARN: IPv6 Route] No route found
34:10.407	ID:1	[DATA_RECV] TS=2050026 | SRC=4 | SEQ=205 | DELAY_MS=25
34:10.715	ID:5	[NODE_STAT] TS=2050001 | ID=5 | OF=0 | PRNT=4 | RANK=1024 | PCHG=2 | CPU=2050000000 | LPM=0 | TX=0 | RX=0
34:10.715	ID:5	[DATA_SEND] TS=2050001 | ID=5 | SEQ=204
34:10.715	ID:5	[WARN: IPv6 Route] No route found
34:10.715	ID:5	[WARN: IPv6 Route] No route found
34:10.745	ID:4	[WARN: IPv6 Route] No route found
34:10.745	ID:4	[WARN: IPv6 Route] No route found
34:10.778	ID:3	[WARN: IPv6 Route] No route found
34:10.778	ID:3	[WARN: IPv6 Route] No route found
34:10.813	ID:1	[DATA_RECV] TS=2050432 | SRC=5 | SEQ=204 | DELAY_MS=431
34:10.899	ID:3	[NODE_STAT] TS=2050001 | ID=3 | OF=0 | PRNT=1 | RANK=512 | PCHG=1 | CPU=2050000000 | LPM=0 | TX=0 | RX=0
34:10.899	ID:3	[DATA_SEND] TS=2050001 | ID=3 | SEQ=205
34:10.899	ID:3	[WARN: IPv6 Route] No route found
34:10.899	ID:3	[WARN: IPv6 Route] No route found
34:10.937	ID:1	[DATA_RECV] TS=2050556 | SRC=3 | SEQ=205 | DELAY_MS=555
34:20.236	ID:2	[NODE_STAT] TS=2060001 | ID=2 | OF=0 | PRNT=1 | RANK=1024 | PCHG=1 | CPU=2060000000 | LPM=0 | TX=0 | RX=0
34:20.236	ID:2	[DATA_SEND] TS=2060001 | ID=2 | SEQ=206
34:20.236	ID:2	[WARN: IPv6 Route] No route found
34:20.236	ID:2	[WARN: IPv6 Route] No route found
34:20.249	ID:1	[DATA_RECV] TS=2059868 | SRC=2 | SEQ=206 | DELAY_MS=0
34:20.348	ID:4	[NODE_STAT] TS=2060001 | ID=4 | OF=0 | PRNT=3 | RANK=768 | PCHG=1 | CPU=2060000000 | LPM=0 | TX=0 | RX=0
34:20.348	ID:4	[DATA_SEND] TS=2060001 | ID=4 | SEQ=206
34:20.348	ID:4	[WARN: IPv6 Route] No route found
34:20.348	ID:4	[WARN: IPv6 Route] No route found
34:20.359	ID:3	[WARN: IPv6 Route] No route found
34:20.359	ID:3	[WARN: IPv6 Route] No route found
34:20.367	ID:1	[DATA_RECV] TS=2059986 | SRC=4 | SEQ=206 | DELAY_MS=0
34:20.715	ID:5	[NODE_STAT] TS=2060001 | ID=5 | OF=0 | PRNT=4 | RANK=1024 | PCHG=2 | CPU=2060000000 | LPM=0 | TX=0 | RX=0
34:20.715	ID:5	[DATA_SEND] TS=2060001 | ID=5 | SEQ=205
34:20.715	ID:5	[WARN: IPv6 Route] No route found
34:20.715	ID:5	[WARN: IPv6 Route] No route found
34:20.759	ID:4	[WARN: IPv6 Route] No route found
34:20.759	ID:4	[WARN: IPv6 Route] No route found
34:20.788	ID:3	[WARN: IPv6 Route] No route found
34:20.788	ID:3	[WARN: IPv6 Route] No route found
34:20.824	ID:1	[DATA_RECV] TS=2060443 | SRC=5 | SEQ=205 | DELAY_MS=442
34:20.899	ID:3	[NODE_STAT] TS=2060001 | ID=3 | OF=0 | PRNT=1 | RANK=512 | PCHG=1 | CPU=2060000000 | LPM=0 | TX=0 | RX=0
34:20.899	ID:3	[DATA_SEND] TS=2060001 | ID=3 | SEQ=206
34:20.899	ID:3	[WARN: IPv6 Route] No route found
34:20.899	ID:3	[WARN: IPv6 Route] No route found
34:20.936	ID:1	[DATA_RECV] TS=2060555 | SRC=3 | SEQ=206 | DELAY_MS=554
34:30.236	ID:2	[NODE_STAT] TS=2070001 | ID=2 | OF=0 | PRNT=1 | RANK=1024 | PCHG=1 | CPU=2070000000 | LPM=0 | TX=0 | RX=0
34:30.236	ID:2	[DATA_SEND] TS=2070001 | ID=2 | SEQ=207
34:30.236	ID:2	[WARN: IPv6 Route] No route found
34:30.236	ID:2	[WARN: IPv6 Route] No route found
34:30.273	ID:1	[DATA_RECV] TS=2069892 | SRC=2 | SEQ=207 | DELAY_MS=0
34:30.348	ID:4	[NODE_STAT] TS=2070001 | ID=4 | OF=0 | PRNT=3 | RANK=768 | PCHG=1 | CPU=2070000000 | LPM=0 | TX=0 | RX=0
34:30.348	ID:4	[DATA_SEND] TS=2070001 | ID=4 | SEQ=207
34:30.348	ID:4	[WARN: IPv6 Route] No route found
34:30.348	ID:4	[WARN: IPv6 Route] No route found
34:30.385	ID:3	[WARN: IPv6 Route] No route found
34:30.385	ID:3	[WARN: IPv6 Route] No route found
34:30.396	ID:1	[DATA_RECV] TS=2070015 | SRC=4 | SEQ=207 | DELAY_MS=14
34:30.715	ID:5	[NODE_STAT] TS=2070001 | ID=5 | OF=0 | PRNT=4 | RANK=1024 | PCHG=2 | CPU=2070000000 | LPM=0 | TX=0 | RX=0
34:30.715	ID:5	[DATA_SEND] TS=2070001 | ID=5 | SEQ=206
34:30.715	ID:5	[WARN: IPv6 Route] No route found
34:30.715	ID:5	[WARN: IPv6 Route] No route found
34:30.749	ID:4	[WARN: IPv6 Route] No route found
34:30.749	ID:4	[WARN: IPv6 Route] No route found
34:30.766	ID:3	[WARN: IPv6 Route] No route found
34:30.766	ID:3	[WARN: IPv6 Route] No route found
34:30.806	ID:1	[DATA_RECV] TS=2070425 | SRC=5 | SEQ=206 | DELAY_MS=424
34:30.899	ID:3	[NODE_STAT] TS=2070001 | ID=3 | OF=0 | PRNT=1 | RANK=512 | PCHG=1 | CPU=2070000000 | LPM=0 | TX=0 | RX=0
34:30.899	ID:3	[DATA_SEND] TS=2070001 | ID=3 | SEQ=207
34:30.899	ID:3	[WARN: IPv6 Route] No route found
34:30.899	ID:3	[WARN: IPv6 Route] No route found
34:30.921	ID:1	[DATA_RECV] TS=2070540 | SRC=3 | SEQ=207 | DELAY_MS=539
34:40.236	ID:2	[NODE_STAT] TS=2080001 | ID=2 | OF=0 | PRNT=1 | RANK=768 | PCHG=1 | CPU=2080000000 | LPM=0 | TX=0 | RX=0
34:40.236	ID:2	[DATA_SEND] TS=2080001 | ID=2 | SEQ=208
34:40.236	ID:2	[WARN: IPv6 Route] No route found
34:40.236	ID:2	[WARN: IPv6 Route] No route found
34:40.326	ID:1	[DATA_RECV] TS=2079945 | SRC=2 | SEQ=208 | DELAY_MS=0
34:40.348	ID:4	[NODE_STAT] TS=2080001 | ID=4 | OF=0 | PRNT=3 | RANK=768 | PCHG=1 | CPU=2080000000 | LPM=0 | TX=0 | RX=0
34:40.348	ID:4	[DATA_SEND] TS=2080001 | ID=4 | SEQ=208
34:40.348	ID:4	[WARN: IPv6 Route] No route found
34:40.348	ID:4	[WARN: IPv6 Route] No route found
34:40.376	ID:3	[WARN: IPv6 Route] No route found
34:40.376	ID:3	[WARN: IPv6 Route] No route found
34:40.382	ID:1	[DATA_RECV] TS=2080001 | SRC=4 | SEQ=208 | DELAY_MS=0
34:40.715	ID:5	[NODE_STAT] TS=2080001 | ID=5 | OF=0 | PRNT=4 | RANK=1024 | PCHG=2 | CPU=2080000000 | LPM=0 | TX=0 | RX=0
34:40.715	ID:5	[DATA_SEND] TS=2080001 | ID=5 | SEQ=207
34:40.715	ID:5	[WARN: IPv6 Route] No route found
34:40.715	ID:5	[WARN: IPv6 Route] No route found
34:40.727	ID:4	[WARN: IPv6 Route] No route found
34:40.727	ID:4	[WARN: IPv6 Route] No route found
34:40.750	ID:3	[WARN: IPv6 Route] No route found
34:40.750	ID:3	[WARN: IPv6 Route] No route found
34:40.767	ID:1	[DATA_RECV] TS=2080386 | SRC=5 | SEQ=207 | DELAY_MS=385
34:40.899	ID:3	[NODE_STAT] TS=2080001 | ID=3 | OF=0 | PRNT=1 | RANK=512 | PCHG=1 | CPU=2080000000 | LPM=0 | TX=0 | RX=0
34:40.899	ID:3	[DATA_SEND] TS=2080001 | ID=3 | SEQ=208
34:40.899	ID:3	[WARN: IPv6 Route] No route found
34:40.899	ID:3	[WARN: IPv6 Route] No route found
34:40.939	ID:1	[DATA_RECV] TS=2080558 | SRC=3 | SEQ=208 | DELAY_MS=557
34:50.236	ID:2	[NODE_STAT] TS=2090001 | ID=2 | OF=0 | PRNT=1 | RANK=1024 | PCHG=1 | CPU=2090000000 | LPM=0 | TX=0 | RX=0
34:50.236	ID:2	[DATA_SEND] TS=2090001 | ID=2 | SEQ=209
34:50.236	ID:2	[WARN: IPv6 Route] No route found
34:50.236	ID:2	[WARN: IPv6 Route] No route found
34:50.258	ID:1	[DATA_RECV] TS=2089877 | SRC=2 | SEQ=209 | DELAY_MS=0
34:50.348	ID:4	[NODE_STAT] TS=2090001 | ID=4 | OF=0 | PRNT=3 | RANK=768 | PCHG=1 | CPU=2090000000 | LPM=0 | TX=0 | RX=0
34:50.348	ID:4	[DATA_SEND] TS=2090001 | ID=4 | SEQ=209
34:50.348	ID:4	[WARN: IPv6 Route] No route found
34:50.348	ID:4	[WARN: IPv6 Route] No route found
34:50.368	ID:3	[WARN: IPv6 Route] No route found
34:50.368	ID:3	[WARN: IPv6 Route] No route found
34:50.391	ID:1	[DATA_RECV] TS=2090010 | SRC=4 | SEQ=209 | DELAY_MS=9
34:50.715	ID:5	[NODE_STAT] TS=2090001 | ID=5 | OF=0 | PRNT=4 | RANK=1024 | PCHG=2 | CPU=2090000000 | LPM=0 | TX=0 | RX=0
34:50.715	ID:5	[DATA_SEND] TS=2090001 | ID=5 | SEQ=208
34:50.715	ID:5	[WARN: IPv6 Route] No route found
34:50.715	ID:5	[WARN: IPv6 Route] No route found
34:50.728	ID:4	[WARN: IPv6 Route] No route found
34:50.728	ID:4	[WARN: IPv6 Route] No route found
34:50.752	ID:3	[WARN: IPv6 Route] No route found
34:50.752	ID:3	[WARN: IPv6 Route] No route found
34:50.757	ID:1	[DATA_RECV] TS=2090376 | SRC=5 | SEQ=208 | DELAY_MS=375
34:50.899	ID:3	[NODE_STAT] TS=2090001 | ID=3 | OF=0 | PRNT=1 | RANK=512 | PCHG=1 | CPU=2090000000 | LPM=0 | TX=0 | RX=0
34:50.899	ID:3	[DATA_SEND] TS=2090001 | ID=3 | SEQ=209
34:50.899	ID:3	[WARN: IPv6 Route] No route found
34:50.899	ID:3	[WARN: IPv6 Route] No route found
34:50.920	ID:1	[DATA_RECV] TS=2090539 | SRC=3 | SEQ=209 | DELAY_MS=538
35:00.236	ID:2	[NODE_STAT] TS=2100001 | ID=2 | OF=0 | PRNT=1 | RANK=1024 | PCHG=1 | CPU=2100000000 | LPM=0 | TX=0 | RX=0
35:00.236	ID:2	[DATA_SEND] TS=2100001 | ID=2 | SEQ=210
35:00.236	ID:2	[WARN: IPv6 Route] No route found
35:00.236	ID:2	[WARN: IPv6 Route] No route found
35:00.311	ID:1	[DATA_RECV] TS=2099930 | SRC=2 | SEQ=210 | DELAY_MS=0
35:00.348	ID:4	[NODE_STAT] TS=2100001 | ID=4 | OF=0 | PRNT=3 | RANK=768 | PCHG=1 | CPU=2100000000 | LPM=0 | TX=0 | RX=0
35:00.348	ID:4	[DATA_SEND] TS=2100001 | ID=4 | SEQ=210
35:00.348	ID:4	[WARN: IPv6 Route] No route found
35:00.348	ID:4	[WARN: IPv6 Route] No route found
35:00.371	ID:3	[WARN: IPv6 Route] No route found
35:00.371	ID:3	[WARN: IPv6 Route] No route found
35:00.382	ID:1	[DATA_RECV] TS=2100001 | SRC=4 | SEQ=210 | DELAY_MS=0
35:00.715	ID:5	[NODE_STAT] TS=2100001 | ID=5 | OF=0 | PRNT=4 | RANK=1024 | PCHG=2 | CPU=2100000000 | LPM=0 | TX=0 | RX=0
35:00.715	ID:5	[DATA_SEND] TS=2100001 | ID=5 | SEQ=209
35:00.715	ID:5	[WARN: IPv6 Route] No route found
35:00.715	ID:5	[WARN: IPv6 Route] No route found
35:00.756	ID:4	[WARN: IPv6 Route] No route found
35:00.756	ID:4	[WARN: IPv6 Route] No route found
35:00.764	ID:3	[WARN: IPv6 Route] No route found
35:00.764	ID:3	[WARN: IPv6 Route] No route found
35:00.783	ID:1	[DATA_RECV] TS=2100402 | SRC=5 | SEQ=209 | DELAY_MS=401
35:00.899	ID:3	[NODE_STAT] TS=2100001 | ID=3 | OF=0 | PRNT=1 | RANK=512 | PCHG=1 | CPU=2100000000 | LPM=0 | TX=0 | RX=0
35:00.899	ID:3	[DATA_SEND] TS=2100001 | ID=3 | SEQ=210
35:00.899	ID:3	[WARN: IPv6 Route] No route found
35:00.899	ID:3	[WARN: IPv6 Route] No route found
35:00.925	ID:1	[DATA_RECV] TS=2100544 | SRC=3 | SEQ=210 | DELAY_MS=543
35:10.236	ID:2	[NODE_STAT] TS=2110001 | ID=2 | OF=0 | PRNT=1 | RANK=1024 | PCHG=1 | CPU=2110000000 | LPM=0 | TX=0 | RX=0
35:10.236	ID:2	[DATA_SEND] TS=2110001 | ID=2 | SEQ=211
35:10.236	ID:2	[WARN: IPv6 Route] No route found
35:10.236	ID:2	[WARN: IPv6 Route] No route found
35:10.316	ID:1	[DATA_RECV] TS=2109935 | SRC=2 | SEQ=211 | DELAY_MS=0
35:10.348	ID:4	[NODE_STAT] TS=2110001 | ID=4 | OF=0 | PRNT=3 | RANK=768 | PCHG=1 | CPU=2110000000 | LPM=0 | TX=0 | RX=0
35:10.348	ID:4	[DATA_SEND] TS=2110001 | ID=4 | SEQ=211
35:10.348	ID:4	[WARN: IPv6 Route] No route found
35:10.348	ID:4	[WARN: IPv6 Route] No route found
35:10.370	ID:3	[WARN: IPv6 Route] No route found
35:10.370	ID:3	[WARN: IPv6 Route] No route found
35:10.391	ID:1	[DATA_RECV] TS=2110010 | SRC=4 | SEQ=211 | DELAY_MS=9
35:10.715	ID:5	[NODE_STAT] TS=2110001 | ID=5 | OF=0 | PRNT=4 | RANK=1024 | PCHG=2 | CPU=2110000000 | LPM=0 | TX=0 | RX=0
35:10.715	ID:5	[DATA_SEND] TS=2110001 | ID=5 | SEQ=210
35:10.715	ID:5	[WARN: IPv6 Route] No route found
35:10.715	ID:5	[WARN: IPv6 Route] No route found
35:10.759	ID:4	[WARN: IPv6 Route] No route found
35:10.759	ID:4	[WARN: IPv6 Route] No route found
35:10.770	ID:3	[WARN: IPv6 Route] No route found
35:10.770	ID:3	[WARN: IPv6 Route] No route found
35:10.800	ID:1	[DATA_RECV] TS=2110419 | SRC=5 | SEQ=210 | DELAY_MS=418
35:10.899	ID:3	[NODE_STAT] TS=2110001 | ID=3 | OF=0 | PRNT=1 | RANK=512 | PCHG=1 | CPU=2110000000 | LPM=0 | TX=0 | RX=0
35:10.899	ID:3	[DATA_SEND] TS=2110001 | ID=3 | SEQ=211
35:10.899	ID:3	[WARN: IPv6 Route] No route found
35:10.899	ID:3	[WARN: IPv6 Route] No route found
35:10.903	ID:1	[DATA_RECV] TS=2110522 | SRC=3 | SEQ=211 | DELAY_MS=521
35:20.236	ID:2	[NODE_STAT] TS=2120001 | ID=2 | OF=0 | PRNT=1 | RANK=1024 | PCHG=1 | CPU=2120000000 | LPM=0 | TX=0 | RX=0
35:20.236	ID:2	[DATA_SEND] TS=2120001 | ID=2 | SEQ=212
35:20.236	ID:2	[WARN: IPv6 Route] No route found
35:20.236	ID:2	[WARN: IPv6 Route] No route found
35:20.259	ID:1	[DATA_RECV] TS=2119878 | SRC=2 | SEQ=212 | DELAY_MS=0
35:20.348	ID:4	[NODE_STAT] TS=2120001 | ID=4 | OF=0 | PRNT=3 | RANK=768 | PCHG=1 | CPU=2120000000 | LPM=0 | TX=0 | RX=0
35:20.348	ID:4	[DATA_SEND] TS=2120001 | ID=4 | SEQ=212
35:20.348	ID:4	[WARN: IPv6 Route] No route found
35:20.348	ID:4	[WARN: IPv6 Route] No route found
35:20.372	ID:3	[WARN: IPv6 Route] No route found
35:20.372	ID:3	[WARN: IPv6 Route] No route found
35:20.405	ID:1	[DATA_RECV] TS=2120024 | SRC=4 | SEQ=212 | DELAY_MS=23
35:20.715	ID:5	[NODE_STAT] TS=2120001 | ID=5 | OF=0 | PRNT=4 | RANK=1024 | PCHG=2 | CPU=2120000000 | LPM=0 | TX=0 | RX=0
35:20.715	ID:5	[DATA_SEND] TS=2120001 | ID=5 | SEQ=211
35:20.715	ID:5	[WARN: IPv6 Route] No route found
35:20.715	ID:5	[WARN: IPv6 Route] No route found
35:20.748	ID:4	[WARN: IPv6 Route] No route found
35:20.748	ID:4	[WARN: IPv6 Route] No route found
35:20.755	ID:3	[WARN: IPv6 Route] No route found
35:20.755	ID:3	[WARN: IPv6 Route] No route found
35:20.769	ID:1	[DATA_RECV] TS=2120388 | SRC=5 | SEQ=211 | DELAY_MS=387
35:20.899	ID:3	[NODE_STAT] TS=2120001 | ID=3 | OF=0 | PRNT=1 | RANK=512 | PCHG=1 | CPU=2120000000 | LPM=0 | TX=0 | RX=0
35:20.899	ID:3	[DATA_SEND] TS=2120001 | ID=3 | SEQ=212
35:20.899	ID:3	[WARN: IPv6 Route] No route found
35:20.899	ID:3	[WARN: IPv6 Route] No route found
35:20.912	ID:1	[DATA_RECV] TS=2120531 | SRC=3 | SEQ=212 | DELAY_MS=530
35:30.236	ID:2	[NODE_STAT] TS=2130001 | ID=2 | OF=0 | PRNT=1 | RANK=768 | PCHG=1 | CPU=2130000000 | LPM=0 | TX=0 | RX=0
35:30.236	ID:2	[DATA_SEND] TS=2130001 | ID=2 | SEQ=213
35:30.236	ID:2	[WARN: IPv6 Route] No route found
35:30.236	ID:2	[WARN: IPv6 Route] No route found
35:30.257	ID:1	[DATA_RECV] TS=2129876 | SRC=2 | SEQ=213 | DELAY_MS=0
35:30.348	ID:4	[NODE_STAT] TS=2130001 | ID=4 | OF=0 | PRNT=3 | RANK=768 | PCHG=1 | CPU=2130000000 | LPM=0 | TX=0 | RX=0
35:30.348	ID:4	[DATA_SEND] TS=2130001 | ID=4 | SEQ=213
35:30.348	ID:4	[WARN: IPv6 Route] No route found
35:30.348	ID:4	[WARN: IPv6 Route] No route found
35:30.364	ID:3	[WARN: IPv6 Route] No route found
35:30.364	ID:3	[WARN: IPv6 Route] No route found
35:30.405	ID:1	[DATA_RECV] TS=2130024 | SRC=4 | SEQ=213 | DELAY_MS=23
35:30.715	ID:5	[NODE_STAT] TS=2130001 | ID=5 | OF=0 | PRNT=4 | RANK=1024 | PCHG=2 | CPU=2130000000 | LPM=0 | TX=0 | RX=0
35:30.715	ID:5	[DATA_SEND] TS=2130001 | ID=5 | SEQ=212
35:30.715	ID:5	[WARN: IPv6 Route] No route found
35:30.715	ID:5	[WARN: IPv6 Route] No route found
35:30.731	ID:4	[WARN: IPv6 Route] No route found
35:30.731	ID:4	[WARN: IPv6 Route] No route found
35:30.737	ID:3	[WARN: IPv6 Route] No route found
35:30.737	ID:3	[WARN: IPv6 Route] No route found
35:30.751	ID:1	[DATA_RECV] TS=2130370 | SRC=5 | SEQ=212 | DELAY_MS=369
35:30.899	ID:3	[NODE_STAT] TS=2130001 | ID=3 | OF=0 | PRNT=1 | RANK=512 | PCHG=1 | CPU=2130000000 | LPM=0 | TX=0 | RX=0
35:30.899	ID:3	[DATA_SEND] TS=2130001 | ID=3 | SEQ=213
35:30.899	ID:3	[WARN: IPv6 Route] No route found
35:30.899	ID:3	[WARN: IPv6 Route] No route found
35:30.921	ID:1	[DATA_RECV] TS=2130540 | SRC=3 | SEQ=213 | DELAY_MS=539
35:40.236	ID:2	[NODE_STAT] TS=2140001 | ID=2 | OF=0 | PRNT=1 | RANK=768 | PCHG=1 | CPU=2140000000 | LPM=0 | TX=0 | RX=0
35:40.236	ID:2	[DATA_SEND] TS=2140001 | ID=2 | SEQ=214
35:40.236	ID:2	[WARN: IPv6 Route] No route found
35:40.236	ID:2	[WARN: IPv6 Route] No route found
35:40.326	ID:1	[DATA_RECV] TS=2139945 | SRC=2 | SEQ=214 | DELAY_MS=0
35:40.348	ID:4	[NODE_STAT] TS=2140001 | ID=4 | OF=0 | PRNT=3 | RANK=768 | PCHG=1 | CPU=2140000000 | LPM=0 | TX=0 | RX=0
35:40.348	ID:4	[DATA_SEND] TS=2140001 | ID=4 | SEQ=214
35:40.348	ID:4	[WARN: IPv6 Route] No route found
35:40.348	ID:4	[WARN: IPv6 Route] No route found
35:40.390	ID:3	[WARN: IPv6 Route] No route found
35:40.390	ID:3	[WARN: IPv6 Route] No route found
35:40.419	ID:1	[DATA_RECV] TS=2140038 | SRC=4 | SEQ=214 | DELAY_MS=37
35:40.715	ID:5	[NODE_STAT] TS=2140001 | ID=5 | OF=0 | PRNT=4 | RANK=1024 | PCHG=2 | CPU=2140000000 | LPM=0 | TX=0 | RX=0
35:40.715	ID:5	[DATA_SEND] TS=2140001 | ID=5 | SEQ=213
35:40.715	ID:5	[WARN: IPv6 Route] No route found
35:40.715	ID:5	[WARN: IPv6 Route] No route found
35:40.720	ID:4	[WARN: IPv6 Route] No route found
35:40.720	ID:4	[WARN: IPv6 Route] No route found
35:40.747	ID:3	[WARN: IPv6 Route] No route found
35:40.747	ID:3	[WARN: IPv6 Route] No route found
35:40.776	ID:1	[DATA_RECV] TS=2140395 | SRC=5 | SEQ=213 | DELAY_MS=394
35:40.899	ID:3	[NODE_STAT] TS=2140001 | ID=3 | OF=0 | PRNT=1 | RANK=512 | PCHG=1 | CPU=2140000000 | LPM=0 | TX=0 | RX=0
35:40.899	ID:3	[DATA_SEND] TS=2140001 | ID=3 | SEQ=214
35:40.899	ID:3	[WARN: IPv6 Route] No route found
35:40.899	ID:3	[WARN: IPv6 Route] No route found
35:40.927	ID:1	[DATA_RECV] TS=2140546 | SRC=3 | SEQ=214 | DELAY_MS=545
35:50.236	ID:2	[NODE_STAT] TS=2150001 | ID=2 | OF=0 | PRNT=1 | RANK=1024 | PCHG=1 | CPU=2150000000 | LPM=0 | TX=0 | RX=0
35:50.236	ID:2	[DATA_SEND] TS=2150001 | ID=2 | SEQ=215
35:50.236	ID:2	[WARN: IPv6 Route] No route found
35:50.236	ID:2	[WARN: IPv6 Route] No route found
35:50.309	ID:1	[DATA_RECV] TS=2149928 | SRC=2 | SEQ=215 | DELAY_MS=0
35:50.348	ID:4	[NODE_STAT] TS=2150001 | ID=4 | OF=0 | PRNT=3 | RANK=768 | PCHG=1 | CPU=2150000000 | LPM=0 | TX=0 | RX=0
35:50.348	ID:4	[DATA_SEND] TS=2150001 | ID=4 | SEQ=215
35:50.348	ID:4	[WARN: IPv6 Route] No route found
35:50.348	ID:4	[WARN: IPv6 Route] No route found
35:50.366	ID:3	[WARN: IPv6 Route] No route found
35:50.366	ID:3	[WARN: IPv6 Route] No route found
35:50.394	ID:1	[DATA_RECV] TS=2150013 | SRC=4 | SEQ=215 | DELAY_MS=12
35:50.715	ID:5	[NODE_STAT] TS=2150001 | ID=5 | OF=0 | PRNT=4 | RANK=1024 | PCHG=2 | CPU=2150000000 | LPM=0 | TX=0 | RX=0
35:50.715	ID:5	[DATA_SEND] TS=2150001 | ID=5 | SEQ=214
35:50.715	ID:5	[WARN: IPv6 Route] No route found
35:50.715	ID:5	[WARN: IPv6 Route] No route found
35:50.745	ID:4	[WARN: IPv6 Route] No route found
35:50.745	ID:4	[WARN: IPv6 Route] No route found
35:50.751	ID:3	[WARN: IPv6 Route] No route found
35:50.751	ID:3	[WARN: IPv6 Route] No route found
35:50.773	ID:1	[DATA_RECV] TS=2150392 | SRC=5 | SEQ=214 | DELAY_MS=391
35:50.899	ID:3	[NODE_STAT] TS=2150001 | ID=3 | OF=0 | PRNT=1 | RANK=512 | PCHG=1 | CPU=2150000000 | LPM=0 | TX=0 | RX=0
35:50.899	ID:3	[DATA_SEND] TS=2150001 | ID=3 | SEQ=215
35:50.899	ID:3	[WARN: IPv6 Route] No route found
35:50.899	ID:3	[WARN: IPv6 Route] No route found
35:50.938	ID:1	[DATA_RECV] TS=2150557 | SRC=3 | SEQ=215 | DELAY_MS=556
36:00.236	ID:2	[NODE_STAT] TS=2160001 | ID=2 | OF=0 | PRNT=1 | RANK=1024 | PCHG=1 | CPU=2160000000 | LPM=0 | TX=0 | RX=0
36:00.236	ID:2	[DATA_SEND] TS=2160001 | ID=2 | SEQ=216
36:00.236	ID:2	[WARN: IPv6 Route] No route found
36:00.236	ID:2	[WARN: IPv6 Route] No route found
36:00.348	ID:4	[NODE_STAT] TS=2160001 | ID=4 | OF=0 | PRNT=3 | RANK=768 | PCHG=1 | CPU=2160000000 | LPM=0 | TX=0 | RX=0
36:00.348	ID:4	[DATA_SEND] TS=2160001 | ID=4 | SEQ=216
36:00.348	ID:4	[WARN: IPv6 Route] No route found
36:00.348	ID:4	[WARN: IPv6 Route] No route found
36:00.350	ID:1	[DATA_RECV] TS=2159969 | SRC=2 | SEQ=216 | DELAY_MS=0
36:00.384	ID:3	[WARN: IPv6 Route] No route found
36:00.384	ID:3	[WARN: IPv6 Route] No route found
36:00.407	ID:1	[DATA_RECV] TS=2160026 | SRC=4 | SEQ=216 | DELAY_MS=25
36:00.715	ID:5	[NODE_STAT] TS=2160001 | ID=5 | OF=0 | PRNT=4 | RANK=1024 | PCHG=2 | CPU=2160000000 | LPM=0 | TX=0 | RX=0
36:00.715	ID:5	[DATA_SEND] TS=2160001 | ID=5 | SEQ=215
36:00.715	ID:5	[WARN: IPv6 Route] No route found
36:00.715	ID:5	[WARN: IPv6 Route] No route found
36:00.720	ID:4	[WARN: IPv6 Route] No route found
36:00.720	ID:4	[WARN: IPv6 Route] No route found
36:00.757	ID:3	[WARN: IPv6 Route] No route found
36:00.757	ID:3	[WARN: IPv6 Route] No route found
36:00.789	ID:1	[DATA_RECV] TS=2160408 | SRC=5 | SEQ=215 | DELAY_MS=407
36:00.899	ID:3	[NODE_STAT] TS=2160001 | ID=3 | OF=0 | PRNT=1 | RANK=512 | PCHG=1 | CPU=2160000000 | LPM=0 | TX=0 | RX=0
36:00.899	ID:3	[DATA_SEND] TS=2160001 | ID=3 | SEQ=216
36:00.899	ID:3	[WARN: IPv6 Route] No route found
36:00.899	ID:3	[WARN: IPv6 Route] No route found
36:00.922	ID:1	[DATA_RECV] TS=2160541 | SRC=3 | SEQ=216 | DELAY_MS=540
36:10.236	ID:2	[NODE_STAT] TS=2170001 | ID=2 | OF=0 | PRNT=1 | RANK=1280 | PCHG=1 | CPU=2170000000 | LPM=0 | TX=0 | RX=0
36:10.236	ID:2	[DATA_SEND] TS=2170001 | ID=2 | SEQ=217
36:10.236	ID:2	[WARN: IPv6 Route] No route found
36:10.236	ID:2	[WARN: IPv6 Route] No route found
36:10.313	ID:1	[DATA_RECV] TS=2169932 | SRC=2 | SEQ=217 | DELAY_MS=0
36:10.348	ID:4	[NODE_STAT] TS=2170001 | ID=4 | OF=0 | PRNT=3 | RANK=768 | PCHG=1 | CPU=2170000000 | LPM=0 | TX=0 | RX=0
36:10.348	ID:4	[DATA_SEND] TS=2170001 | ID=4 | SEQ=217
36:10.348	ID:4	[WARN: IPv6 Route] No route found
36:10.348	ID:4	[WARN: IPv6 Route] No route found
36:10.361	ID:3	[WARN: IPv6 Route] No route found
36:10.361	ID:3	[WARN: IPv6 Route] No route found
36:10.401	ID:1	[DATA_RECV] TS=2170020 | SRC=4 | SEQ=217 | DELAY_MS=19
36:10.715	ID:5	[NODE_STAT] TS=2170001 | ID=5 | OF=0 | PRNT=4 | RANK=1024 | PCHG=2 | CPU=2170000000 | LPM=0 | TX=0 | RX=0
36:10.715	ID:5	[DATA_SEND] TS=2170001 | ID=5 | SEQ=216
36:10.715	ID:5	[WARN: IPv6 Route] No route found
36:10.715	ID:5	[WARN: IPv6 Route] No route found
36:10.753	ID:4	[WARN: IPv6 Route] No route found
36:10.753	ID:4	[WARN: IPv6 Route] No route found
36:10.781	ID:3	[WARN: IPv6 Route] No route found
36:10.781	ID:3	[WARN: IPv6 Route] No route found
36:10.814	ID:1	[DATA_RECV] TS=2170433 | SRC=5 | SEQ=216 | DELAY_MS=432
36:10.899	ID:3	[NODE_STAT] TS=2170001 | ID=3 | OF=0 | PRNT=1 | RANK=512 | PCHG=1 | CPU=2170000000 | LPM=0 | TX=0 | RX=0
36:10.899	ID:3	[DATA_SEND] TS=2170001 | ID=3 | SEQ=217
36:10.899	ID:3	[WARN: IPv6 Route] No route found
36:10.899	ID:3	[WARN: IPv6 Route] No route found
36:10.930	ID:1	[DATA_RECV] TS=2170549 | SRC=3 | SEQ=217 | DELAY_MS=548
36:20.236	ID:2	[NODE_STAT] TS=2180001 | ID=2 | OF=0 | PRNT=1 | RANK=1280 | PCHG=1 | CPU=2180000000 | LPM=0 | TX=0 | RX=0
36:20.236	ID:2	[DATA_SEND] TS=2180001 | ID=2 | SEQ=218
36:20.236	ID:2	[WARN: IPv6 Route] No route found
36:20.236	ID:2	[WARN: IPv6 Route] No route found
36:20.272	ID:1	[DATA_RECV] TS=2179891 | SRC=2 | SEQ=218 | DELAY_MS=0
36:20.348	ID:4	[NODE_STAT] TS=2180001 | ID=4 | OF=0 | PRNT=3 | RANK=768 | PCHG=1 | CPU=2180000000 | LPM=0 | TX=0 | RX=0
36:20.348	ID:4	[DATA_SEND] TS=2180001 | ID=4 | SEQ=218
36:20.348	ID:4	[WARN: IPv6 Route] No route found
36:20.348	ID:4	[WARN: IPv6 Route] No route found
36:20.383	ID:3	[WARN: IPv6 Route] No route found
36:20.383	ID:3	[WARN: IPv6 Route] No route found
36:20.396	ID:1	[DATA_RECV] TS=2180015 | SRC=4 | SEQ=218 | DELAY_MS=14
36:20.715	ID:5	[NODE_STAT] TS=2180001 | ID=5 | OF=0 | PRNT=4 | RANK=1024 | PCHG=2 | CPU=2180000000 | LPM=0 | TX=0 | RX=0
36:20.715	ID:5	[DATA_SEND] TS=2180001 | ID=5 | SEQ=217
36:20.715	ID:5	[WARN: IPv6 Route] No route found
36:20.715	ID:5	[WARN: IPv6 Route] No route found
36:20.751	ID:4	[WARN: IPv6 Route] No route found
36:20.751	ID:4	[WARN: IPv6 Route] No route found
36:20.788	ID:3	[WARN: IPv6 Route] No route found
36:20.788	ID:3	[WARN: IPv6 Route] No route found
36:20.820	ID:1	[DATA_RECV] TS=2180439 | SRC=5 | SEQ=217 | DELAY_MS=438
36:20.899	ID:3	[NODE_STAT] TS=2180001 | ID=3 | OF=0 | PRNT=1 | RANK=512 | PCHG=1 | CPU=2180000000 | LPM=0 | TX=0 | RX=0
36:20.899	ID:3	[DATA_SEND] TS=2180001 | ID=3 | SEQ=218
36:20.899	ID:3	[WARN: IPv6 Route] No route found
36:20.899	ID:3	[WARN: IPv6 Route] No route found
36:20.907	ID:1	[DATA_RECV] TS=2180526 | SRC=3 | SEQ=218 | DELAY_MS=525
36:30.236	ID:2	[NODE_STAT] TS=2190001 | ID=2 | OF=0 | PRNT=1 | RANK=1280 | PCHG=1 | CPU=2190000000 | LPM=0 | TX=0 | RX=0
36:30.236	ID:2	[DATA_SEND] TS=2190001 | ID=2 | SEQ=219
36:30.236	ID:2	[WARN: IPv6 Route] No route found
36:30.236	ID:2	[WARN: IPv6 Route] No route found
36:30.249	ID:1	[DATA_RECV] TS=2189868 | SRC=2 | SEQ=219 | DELAY_MS=0
36:30.348	ID:4	[NODE_STAT] TS=2190001 | ID=4 | OF=0 | PRNT=3 | RANK=768 | PCHG=1 | CPU=2190000000 | LPM=0 | TX=0 | RX=0
36:30.348	ID:4	[DATA_SEND] TS=2190001 | ID=4 | SEQ=219
36:30.348	ID:4	[WARN: IPv6 Route] No route found
36:30.348	ID:4	[WARN: IPv6 Route] No route found
36:30.368	ID:3	[WARN: IPv6 Route] No route found
36:30.368	ID:3	[WARN: IPv6 Route] No route found
36:30.385	ID:1	[DATA_RECV] TS=2190004 | SRC=4 | SEQ=219 | DELAY_MS=3
36:30.715	ID:5	[NODE_STAT] TS=2190001 | ID=5 | OF=0 | PRNT=4 | RANK=1024 | PCHG=2 | CPU=2190000000 | LPM=0 | TX=0 | RX=0
36:30.715	ID:5	[DATA_SEND] TS=2190001 | ID=5 | SEQ=218
36:30.715	ID:5	[WARN: IPv6 Route] No route found
36:30.715	ID:5	[WARN: IPv6 Route] No route found
36:30.755	ID:4	[WARN: IPv6 Route] No route found
36:30.755	ID:4	[WARN: IPv6 Route] No route found
36:30.793	ID:3	[WARN: IPv6 Route] No route found
36:30.793	ID:3	[WARN: IPv6 Route] No route found
36:30.821	ID:1	[DATA_RECV] TS=2190440 | SRC=5 | SEQ=218 | DELAY_MS=439
36:30.899	ID:3	[NODE_STAT] TS=2190001 | ID=3 | OF=0 | PRNT=1 | RANK=512 | PCHG=1 | CPU=2190000000 | LPM=0 | TX=0 | RX=0
36:30.899	ID:3	[DATA_SEND] TS=2190001 | ID=3 | SEQ=219
36:30.899	ID:3	[WARN: IPv6 Route] No route found
36:30.899	ID:3	[WARN: IPv6 Route] No route found
36:30.917	ID:1	[DATA_RECV] TS=2190536 | SRC=3 | SEQ=219 | DELAY_MS=535
36:40.236	ID:2	[NODE_STAT] TS=2200001 | ID=2 | OF=0 | PRNT=1 | RANK=1024 | PCHG=1 | CPU=2200000000 | LPM=0 | TX=0 | RX=0
36:40.236	ID:2	[DATA_SEND] TS=2200001 | ID=2 | SEQ=220
36:40.236	ID:2	[WARN: IPv6 Route] No route found
36:40.236	ID:2	[WARN: IPv6 Route] No route found
36:40.338	ID:1	[DATA_RECV] TS=2199957 | SRC=2 | SEQ=220 | DELAY_MS=0
36:40.348	ID:4	[NODE_STAT] TS=2200001 | ID=4 | OF=0 | PRNT=3 | RANK=768 | PCHG=1 | CPU=2200000000 | LPM=0 | TX=0 | RX=0
36:40.348	ID:4	[DATA_SEND] TS=2200001 | ID=4 | SEQ=220
36:40.348	ID:4	[WARN: IPv6 Route] No route found
36:40.348	ID:4	[WARN: IPv6 Route] No route found
36:40.392	ID:3	[WARN: IPv6 Route] No route found
36:40.392	ID:3	[WARN: IPv6 Route] No route found
36:40.412	ID:1	[DATA_RECV] TS=2200031 | SRC=4 | SEQ=220 | DELAY_MS=30
36:40.715	ID:5	[NODE_STAT] TS=2200001 | ID=5 | OF=0 | PRNT=4 | RANK=1024 | PCHG=2 | CPU=2200000000 | LPM=0 | TX=0 | RX=0
36:40.715	ID:5	[DATA_SEND] TS=2200001 | ID=5 | SEQ=219
36:40.715	ID:5	[WARN: IPv6 Route] No route found
36:40.715	ID:5	[WARN: IPv6 Route] No route found
36:40.753	ID:4	[WARN: IPv6 Route] No route found
36:40.753	ID:4	[WARN: IPv6 Route] No route found
36:40.768	ID:3	[WARN: IPv6 Route] No route found
36:40.768	ID:3	[WARN: IPv6 Route] No route found
36:40.773	ID:1	[DATA_RECV] TS=2200392 | SRC=5 | SEQ=219 | DELAY_MS=391
36:40.899	ID:3	[NODE_STAT] TS=2200001 | ID=3 | OF=0 | PRNT=1 | RANK=512 | PCHG=1 | CPU=2200000000 | LPM=0 | TX=0 | RX=0
36:40.899	ID:3	[DATA_SEND] TS=2200001 | ID=3 | SEQ=220
36:40.899	ID:3	[WARN: IPv6 Route] No route found
36:40.899	ID:3	[WARN: IPv6 Route] No route found
36:40.913	ID:1	[DATA_RECV] TS=2200532 | SRC=3 | SEQ=220 | DELAY_MS=531
36:50.236	ID:2	[NODE_STAT] TS=2210001 | ID=2 | OF=0 | PRNT=1 | RANK=1280 | PCHG=1 | CPU=2210000000 | LPM=0 | TX=0 | RX=0
36:50.236	ID:2	[DATA_SEND] TS=2210001 | ID=2 | SEQ=221
36:50.236	ID:2	[WARN: IPv6 Route] No route found
36:50.236	ID:2	[WARN: IPv6 Route] No route found
36:50.302	ID:1	[DATA_RECV] TS=2209921 | SRC=2 | SEQ=221 | DELAY_MS=0
36:50.348	ID:4	[NODE_STAT] TS=2210001 | ID=4 | OF=0 | PRNT=3 | RANK=768 | PCHG=1 | CPU=2210000000 | LPM=0 | TX=0 | RX=0
36:50.348	ID:4	[DATA_SEND] TS=2210001 | ID=4 | SEQ=221
36:50.348	ID:4	[WARN: IPv6 Route] No route found
36:50.348	ID:4	[WARN: IPv6 Route] No route found
36:50.357	ID:3	[WARN: IPv6 Route] No route found
36:50.357	ID:3	[WARN: IPv6 Route] No route found
36:50.385	ID:1	[DATA_RECV] TS=2210004 | SRC=4 | SEQ=221 | DELAY_MS=3
36:50.715	ID:5	[NODE_STAT] TS=2210001 | ID=5 | OF=0 | PRNT=4 | RANK=1024 | PCHG=2 | CPU=2210000000 | LPM=0 | TX=0 | RX=0
36:50.715	ID:5	[DATA_SEND] TS=2210001 | ID=5 | SEQ=220
36:50.715	ID:5	[WARN: IPv6 Route] No route found
36:50.715	ID:5	[WARN: IPv6 Route] No route found
36:50.730	ID:4	[WARN: IPv6 Route] No route found
36:50.730	ID:4	[WARN: IPv6 Route] No route found
36:50.775	ID:3	[WARN: IPv6 Route] No route found
36:50.775	ID:3	[WARN: IPv6 Route] No route found
36:50.803	ID:1	[DATA_RECV] TS=2210422 | SRC=5 | SEQ=220 | DELAY_MS=421
36:50.899	ID:3	[NODE_STAT] TS=2210001 | ID=3 | OF=0 | PRNT=1 | RANK=512 | PCHG=1 | CPU=2210000000 | LPM=0 | TX=0 | RX=0
36:50.899	ID:3	[DATA_SEND] TS=2210001 | ID=3 | SEQ=221
36:50.899	ID:3	[WARN: IPv6 Route] No route found
36:50.899	ID:3	[WARN: IPv6 Route] No route found
36:50.938	ID:1	[DATA_RECV] TS=2210557 | SRC=3 | SEQ=221 | DELAY_MS=556
37:00.236	ID:2	[NODE_STAT] TS=2220001 | ID=2 | OF=0 | PRNT=1 | RANK=1280 | PCHG=1 | CPU=2220000000 | LPM=0 | TX=0 | RX=0
37:00.236	ID:2	[DATA_SEND] TS=2220001 | ID=2 | SEQ=222
37:00.236	ID:2	[WARN: IPv6 Route] No route found
37:00.236	ID:2	[WARN: IPv6 Route] No route found
37:00.254	ID:1	[DATA_RECV] TS=2219873 | SRC=2 | SEQ=222 | DELAY_MS=0
37:00.348	ID:4	[NODE_STAT] TS=2220001 | ID=4 | OF=0 | PRNT=3 | RANK=768 | PCHG=1 | CPU=2220000000 | LPM=0 | TX=0 | RX=0
37:00.348	ID:4	[DATA_SEND] TS=2220001 | ID=4 | SEQ=222
37:00.348	ID:4	[WARN: IPv6 Route] No route found
37:00.348	ID:4	[WARN: IPv6 Route] No route found
37:00.383	ID:3	[WARN: IPv6 Route] No route found
37:00.383	ID:3	[WARN: IPv6 Route] No route found
37:00.421	ID:1	[DATA_RECV] TS=2220040 | SRC=4 | SEQ=222 | DELAY_MS=39
37:00.715	ID:5	[NODE_STAT] TS=2220001 | ID=5 | OF=0 | PRNT=4 | RANK=1024 | PCHG=2 | CPU=2220000000 | LPM=0 | TX=0 | RX=0
37:00.715	ID:5	[DATA_SEND] TS=2220001 | ID=5 | SEQ=221
37:00.715	ID:5	[WARN: IPv6 Route] No route found
37:00.715	ID:5	[WARN: IPv6 Route] No route found
37:00.721	ID:4	[WARN: IPv6 Route] No route found
37:00.721	ID:4	[WARN: IPv6 Route] No route found
37:00.734	ID:3	[WARN: IPv6 Route] No route found
37:00.734	ID:3	[WARN: IPv6 Route] No route found
37:00.768	ID:1	[DATA_RECV] TS=2220387 | SRC=5 | SEQ=221 | DELAY_MS=386
37:00.899	ID:3	[NODE_STAT] TS=2220001 | ID=3 | OF=0 | PRNT=1 | RANK=512 | PCHG=1 | CPU=2220000000 | LPM=0 | TX=0 | RX=0
37:00.899	ID:3	[DATA_SEND] TS=2220001 | ID=3 | SEQ=222
37:00.899	ID:3	[WARN: IPv6 Route] No route found
37:00.899	ID:3	[WARN: IPv6 Route] No route found
37:00.943	ID:1	[DATA_RECV] TS=2220562 | SRC=3 | SEQ=222 | DELAY_MS=561
37:10.236	ID:2	[NODE_STAT] TS=2230001 | ID=2 | OF=0 | PRNT=1 | RANK=1280 | PCHG=1 | CPU=2230000000 | LPM=0 | TX=0 | RX=0
37:10.236	ID:2	[DATA_SEND] TS=2230001 | ID=2 | SEQ=223
37:10.236	ID:2	[WARN: IPv6 Route] No route found
37:10.236	ID:2	[WARN: IPv6 Route] No route found
37:10.244	ID:1	[DATA_RECV] TS=2229863 | SRC=2 | SEQ=223 | DELAY_MS=0
37:10.348	ID:4	[NODE_STAT] TS=2230001 | ID=4 | OF=0 | PRNT=3 | RANK=768 | PCHG=1 | CPU=2230000000 | LPM=0 | TX=0 | RX=0
37:10.348	ID:4	[DATA_SEND] TS=2230001 | ID=4 | SEQ=223
37:10.348	ID:4	[WARN: IPv6 Route] No route found
37:10.348	ID:4	[WARN: IPv6 Route] No route found
37:10.362	ID:3	[WARN: IPv6 Route] No route found
37:10.362	ID:3	[WARN: IPv6 Route] No route found
37:10.403	ID:1	[DATA_RECV] TS=2230022 | SRC=4 | SEQ=223 | DELAY_MS=21
37:10.715	ID:5	[NODE_STAT] TS=2230001 | ID=5 | OF=0 | PRNT=4 | RANK=1024 | PCHG=2 | CPU=2230000000 | LPM=0 | TX=0 | RX=0
37:10.715	ID:5	[DATA_SEND] TS=2230001 | ID=5 | SEQ=222
37:10.715	ID:5	[WARN: IPv6 Route] No route found
37:10.715	ID:5	[WARN: IPv6 Route] No route found
37:10.747	ID:4	[WARN: IPv6 Route] No route found
37:10.747	ID:4	[WARN: IPv6 Route] No route found
37:10.777	ID:3	[WARN: IPv6 Route] No route found
37:10.777	ID:3	[WARN: IPv6 Route] No route found
37:10.794	ID:1	[DATA_RECV] TS=2230413 | SRC=5 | SEQ=222 | DELAY_MS=412
37:10.899	ID:3	[NODE_STAT] TS=2230001 | ID=3 | OF=0 | PRNT=1 | RANK=512 | PCHG=1 | CPU=2230000000 | LPM=0 | TX=0 | RX=0
37:10.899	ID:3	[DATA_SEND] TS=2230001 | ID=3 | SEQ=223
37:10.899	ID:3	[WARN: IPv6 Route] No route found
37:10.899	ID:3	[WARN: IPv6 Route] No route found
37:10.942	ID:1	[DATA_RECV] TS=2230561 | SRC=3 | SEQ=223 | DELAY_MS=560
37:20.236	ID:2	[NODE_STAT] TS=2240001 | ID=2 | OF=0 | PRNT=1 | RANK=1024 | PCHG=1 | CPU=2240000000 | LPM=0 | TX=0 | RX=0
37:20.236	ID:2	[DATA_SEND] TS=2240001 | ID=2 | SEQ=224
37:20.236	ID:2	[WARN: IPv6 Route] No route found
37:20.236	ID:2	[WARN: IPv6 Route] No route found
37:20.274	ID:1	[DATA_RECV] TS=2239893 | SRC=2 | SEQ=224 | DELAY_MS=0
37:20.348	ID:4	[NODE_STAT] TS=2240001 | ID=4 | OF=0 | PRNT=3 | RANK=768 | PCHG=1 | CPU=2240000000 | LPM=0 | TX=0 | RX=0
37:20.348	ID:4	[DATA_SEND] TS=2240001 | ID=4 | SEQ=224
37:20.348	ID:4	[WARN: IPv6 Route] No route found
37:20.348	ID:4	[WARN: IPv6 Route] No route found
37:20.384	ID:3	[WARN: IPv6 Route] No route found
37:20.384	ID:3	[WARN: IPv6 Route] No route found
37:20.395	ID:1	[DATA_RECV] TS=2240014 | SRC=4 | SEQ=224 | DELAY_MS=13
37:20.715	ID:5	[NODE_STAT] TS=2240001 | ID=5 | OF=0 | PRNT=4 | RANK=1024 | PCHG=2 | CPU=2240000000 | LPM=0 | TX=0 | RX=0
37:20.715	ID:5	[DATA_SEND] TS=2240001 | ID=5 | SEQ=223
37:20.715	ID:5	[WARN: IPv6 Route] No route found
37:20.715	ID:5	[WARN: IPv6 Route] No route found
37:20.727	ID:4	[WARN: IPv6 Route] No route found
37:20.727	ID:4	[WARN: IPv6 Route] No route found
37:20.749	ID:3	[WARN: IPv6 Route] No route found
37:20.749	ID:3	[WARN: IPv6 Route] No route found
37:20.757	ID:1	[DATA_RECV] TS=2240376 | SRC=5 | SEQ=223 | DELAY_MS=375
37:20.899	ID:3	[NODE_STAT] TS=2240001 | ID=3 | OF=0 | PRNT=1 | RANK=512 | PCHG=1 | CPU=2240000000 | LPM=0 | TX=0 | RX=0
37:20.899	ID:3	[DATA_SEND] TS=2240001 | ID=3 | SEQ=224
37:20.899	ID:3	[WARN: IPv6 Route] No route found
37:20.899	ID:3	[WARN: IPv6 Route] No route found
37:20.929	ID:1	[DATA_RECV] TS=2240548 | SRC=3 | SEQ=224 | DELAY_MS=547
37:30.236	ID:2	[NODE_STAT] TS=2250001 | ID=2 | OF=0 | PRNT=1 | RANK=1024 | PCHG=1 | CPU=2250000000 | LPM=0 | TX=0 | RX=0
37:30.236	ID:2	[DATA_SEND] TS=2250001 | ID=2 | SEQ=225
37:30.236	ID:2	[WARN: IPv6 Route] No route found
37:30.236	ID:2	[WARN: IPv6 Route] No route found
37:30.262	ID:1	[DATA_RECV] TS=2249881 | SRC=2 | SEQ=225 | DELAY_MS=0
37:30.348	ID:4	[NODE_STAT] TS=2250001 | ID=4 | OF=0 | PRNT=3 | RANK=768 | PCHG=1 | CPU=2250000000 | LPM=0 | TX=0 | RX=0
37:30.348	ID:4	[DATA_SEND] TS=2250001 | ID=4 | SEQ=225
37:30.348	ID:4	[WARN: IPv6 Route] No route found
37:30.348	ID:4	[WARN: IPv6 Route] No route found
37:30.362	ID:3	[WARN: IPv6 Route] No route found
37:30.362	ID:3	[WARN: IPv6 Route] No route found
37:30.389	ID:1	[DATA_RECV] TS=2250008 | SRC=4 | SEQ=225 | DELAY_MS=7
37:30.715	ID:5	[NODE_STAT] TS=2250001 | ID=5 | OF=0 | PRNT=4 | RANK=1024 | PCHG=2 | CPU=2250000000 | LPM=0 | TX=0 | RX=0
37:30.715	ID:5	[DATA_SEND] TS=2250001 | ID=5 | SEQ=224
37:30.715	ID:5	[WARN: IPv6 Route] No route found
37:30.715	ID:5	[WARN: IPv6 Route] No route found
37:30.739	ID:4	[WARN: IPv6 Route] No route found
37:30.739	ID:4	[WARN: IPv6 Route] No route found
37:30.777	ID:3	[WARN: IPv6 Route] No route found
37:30.777	ID:3	[WARN: IPv6 Route] No route found
37:30.811	ID:1	[DATA_RECV] TS=2250430 | SRC=5 | SEQ=224 | DELAY_MS=429
37:30.899	ID:3	[NODE_STAT] TS=2250001 | ID=3 | OF=0 | PRNT=1 | RANK=512 | PCHG=1 | CPU=2250000000 | LPM=0 | TX=0 | RX=0
37:30.899	ID:3	[DATA_SEND] TS=2250001 | ID=3 | SEQ=225
37:30.899	ID:3	[WARN: IPv6 Route] No route found
37:30.899	ID:3	[WARN: IPv6 Route] No route found
37:30.942	ID:1	[DATA_RECV] TS=2250561 | SRC=3 | SEQ=225 | DELAY_MS=560
37:40.236	ID:2	[NODE_STAT] TS=2260001 | ID=2 | OF=0 | PRNT=1 | RANK=1024 | PCHG=1 | CPU=2260000000 | LPM=0 | TX=0 | RX=0
37:40.236	ID:2	[DATA_SEND] TS=2260001 | ID=2 | SEQ=226
37:40.236	ID:2	[WARN: IPv6 Route] No route found
37:40.236	ID:2	[WARN: IPv6 Route] No route found
37:40.330	ID:1	[DATA_RECV] TS=2259949 | SRC=2 | SEQ=226 | DELAY_MS=0
37:40.348	ID:4	[NODE_STAT] TS=2260001 | ID=4 | OF=0 | PRNT=3 | RANK=768 | PCHG=1 | CPU=2260000000 | LPM=0 | TX=0 | RX=0
37:40.348	ID:4	[DATA_SEND] TS=2260001 | ID=4 | SEQ=226
37:40.348	ID:4	[WARN: IPv6 Route] No route found
37:40.348	ID:4	[WARN: IPv6 Route] No route found
37:40.386	ID:3	[WARN: IPv6 Route] No route found
37:40.386	ID:3	[WARN: IPv6 Route] No route found
37:40.417	ID:1	[DATA_RECV] TS=2260036 | SRC=4 | SEQ=226 | DELAY_MS=35
37:40.715	ID:5	[NODE_STAT] TS=2260001 | ID=5 | OF=0 | PRNT=4 | RANK=1024 | PCHG=2 | CPU=2260000000 | LPM=0 | TX=0 | RX=0
37:40.715	ID:5	[DATA_SEND] TS=2260001 | ID=5 | SEQ=225
37:40.715	ID:5	[WARN: IPv6 Route] No route found
37:40.715	ID:5	[WARN: IPv6 Route] No route found
37:40.720	ID:4	[WARN: IPv6 Route] No route found
37:40.720	ID:4	[WARN: IPv6 Route] No route found
37:40.746	ID:3	[WARN: IPv6 Route] No route found
37:40.746	ID:3	[WARN: IPv6 Route] No route found
37:40.758	ID:1	[DATA_RECV] TS=2260377 | SRC=5 | SEQ=225 | DELAY_MS=376
37:40.899	ID:3	[NODE_STAT] TS=2260001 | ID=3 | OF=0 | PRNT=1 | RANK=512 | PCHG=1 | CPU=2260000000 | LPM=0 | TX=0 | RX=0
37:40.899	ID:3	[DATA_SEND] TS=2260001 | ID=3 | SEQ=226
37:40.899	ID:3	[WARN: IPv6 Route] No route found
37:40.899	ID:3	[WARN: IPv6 Route] No route found
37:40.927	ID:1	[DATA_RECV] TS=2260546 | SRC=3 | SEQ=226 | DELAY_MS=545
37:50.236	ID:2	[NODE_STAT] TS=2270001 | ID=2 | OF=0 | PRNT=1 | RANK=1024 | PCHG=1 | CPU=2270000000 | LPM=0 | TX=0 | RX=0
37:50.236	ID:2	[DATA_SEND] TS=2270001 | ID=2 | SEQ=227
37:50.236	ID:2	[WARN: IPv6 Route] No route found
37:50.236	ID:2	[WARN: IPv6 Route] No route found
37:50.281	ID:1	[DATA_RECV] TS=2269900 | SRC=2 | SEQ=227 | DELAY_MS=0
37:50.348	ID:4	[NODE_STAT] TS=2270001 | ID=4 | OF=0 | PRNT=3 | RANK=768 | PCHG=1 | CPU=2270000000 | LPM=0 | TX=0 | RX=0
37:50.348	ID:4	[DATA_SEND] TS=2270001 | ID=4 | SEQ=227
37:50.348	ID:4	[WARN: IPv6 Route] No route found
37:50.348	ID:4	[WARN: IPv6 Route] No route found
37:50.355	ID:3	[WARN: IPv6 Route] No route found
37:50.355	ID:3	[WARN: IPv6 Route] No route found
37:50.375	ID:1	[DATA_RECV] TS=2269994 | SRC=4 | SEQ=227 | DELAY_MS=0
37:50.715	ID:5	[NODE_STAT] TS=2270001 | ID=5 | OF=0 | PRNT=4 | RANK=1024 | PCHG=2 | CPU=2270000000 | LPM=0 | TX=0 | RX=0
37:50.715	ID:5	[DATA_SEND] TS=2270001 | ID=5 | SEQ=226
37:50.715	ID:5	[WARN: IPv6 Route] No route found
37:50.715	ID:5	[WARN: IPv6 Route] No route found
37:50.724	ID:4	[WARN: IPv6 Route] No route found
37:50.724	ID:4	[WARN: IPv6 Route] No route found
37:50.761	ID:3	[WARN: IPv6 Route] No route found
37:50.761	ID:3	[WARN: IPv6 Route] No route found
37:50.791	ID:1	[DATA_RECV] TS=2270410 | SRC=5 | SEQ=226 | DELAY_MS=409
37:50.899	ID:3	[NODE_STAT] TS=2270001 | ID=3 | OF=0 | PRNT=1 | RANK=512 | PCHG=1 | CPU=2270000000 | LPM=0 | TX=0 | RX=0
37:50.899	ID:3	[DATA_SEND] TS=2270001 | ID=3 | SEQ=227
37:50.899	ID:3	[WARN: IPv6 Route] No route found
37:50.899	ID:3	[WARN: IPv6 Route] No route found
37:50.930	ID:1	[DATA_RECV] TS=2270549 | SRC=3 | SEQ=227 | DELAY_MS=548
38:00.236	ID:2	[NODE_STAT] TS=2280001 | ID=2 | OF=0 | PRNT=1 | RANK=1024 | PCHG=1 | CPU=2280000000 | LPM=0 | TX=0 | RX=0
38:00.236	ID:2	[DATA_SEND] TS=2280001 | ID=2 | SEQ=228
38:00.236	ID:2	[WARN: IPv6 Route] No route found
38:00.236	ID:2	[WARN: IPv6 Route] No route found
38:00.298	ID:1	[DATA_RECV] TS=2279917 | SRC=2 | SEQ=228 | DELAY_MS=0
38:00.348	ID:4	[NODE_STAT] TS=2280001 | ID=4 | OF=0 | PRNT=3 | RANK=768 | PCHG=1 | CPU=2280000000 | LPM=0 | TX=0 | RX=0
38:00.348	ID:4	[DATA_SEND] TS=2280001 | ID=4 | SEQ=228
38:00.348	ID:4	[WARN: IPv6 Route] No route found
38:00.348	ID:4	[WARN: IPv6 Route] No route found
38:00.365	ID:3	[WARN: IPv6 Route] No route found
38:00.365	ID:3	[WARN: IPv6 Route] No route found
38:00.378	ID:1	[DATA_RECV] TS=2279997 | SRC=4 | SEQ=228 | DELAY_MS=0
38:00.715	ID:5	[NODE_STAT] TS=2280001 | ID=5 | OF=0 | PRNT=4 | RANK=1024 | PCHG=2 | CPU=2280000000 | LPM=0 | TX=0 | RX=0
38:00.715	ID:5	[DATA_SEND] TS=2280001 | ID=5 | SEQ=227
38:00.715	ID:5	[WARN: IPv6 Route] No route found
38:00.715	ID:5	[WARN: IPv6 Route] No route found
38:00.756	ID:4	[WARN: IPv6 Route] No route found
38:00.756	ID:4	[WARN: IPv6 Route] No route found
38:00.762	ID:3	[WARN: IPv6 Route] No route found
38:00.762	ID:3	[WARN: IPv6 Route] No route found
38:00.793	ID:1	[DATA_RECV] TS=2280412 | SRC=5 | SEQ=227 | DELAY_MS=411
38:00.899	ID:3	[NODE_STAT] TS=2280001 | ID=3 | OF=0 | PRNT=1 | RANK=512 | PCHG=1 | CPU=2280000000 | LPM=0 | TX=0 | RX=0
38:00.899	ID:3	[DATA_SEND] TS=2280001 | ID=3 | SEQ=228
38:00.899	ID:3	[WARN: IPv6 Route] No route found
38:00.899	ID:3	[WARN: IPv6 Route] No route found
38:00.909	ID:1	[DATA_RECV] TS=2280528 | SRC=3 | SEQ=228 | DELAY_MS=527
38:10.236	ID:2	[NODE_STAT] TS=2290001 | ID=2 | OF=0 | PRNT=1 | RANK=1024 | PCHG=1 | CPU=2290000000 | LPM=0 | TX=0 | RX=0
38:10.236	ID:2	[DATA_SEND] TS=2290001 | ID=2 | SEQ=229
38:10.236	ID:2	[WARN: IPv6 Route] No route found
38:10.236	ID:2	[WARN: IPv6 Route] No route found
38:10.249	ID:1	[DATA_RECV] TS=2289868 | SRC=2 | SEQ=229 | DELAY_MS=0
38:10.348	ID:4	[NODE_STAT] TS=2290001 | ID=4 | OF=0 | PRNT=3 | RANK=768 | PCHG=1 | CPU=2290000000 | LPM=0 | TX=0 | RX=0
38:10.348	ID:4	[DATA_SEND] TS=2290001 | ID=4 | SEQ=229
38:10.348	ID:4	[WARN: IPv6 Route] No route found
38:10.348	ID:4	[WARN: IPv6 Route] No route found
38:10.373	ID:3	[WARN: IPv6 Route] No route found
38:10.373	ID:3	[WARN: IPv6 Route] No route found
38:10.419	ID:1	[DATA_RECV] TS=2290038 | SRC=4 | SEQ=229 | DELAY_MS=37
38:10.715	ID:5	[NODE_STAT] TS=2290001 | ID=5 | OF=0 | PRNT=4 | RANK=1024 | PCHG=2 | CPU=2290000000 | LPM=0 | TX=0 | RX=0
38:10.715	ID:5	[DATA_SEND] TS=2290001 | ID=5 | SEQ=228
38:10.715	ID:5	[WARN: IPv6 Route] No route found
38:10.715	ID:5	[WARN: IPv6 Route] No route found
38:10.756	ID:4	[WARN: IPv6 Route] No route found
38:10.756	ID:4	[WARN: IPv6 Route] No route found
38:10.783	ID:3	[WARN: IPv6 Route] No route found
38:10.783	ID:3	[WARN: IPv6 Route] No route found
38:10.808	ID:1	[DATA_RECV] TS=2290427 | SRC=5 | SEQ=228 | DELAY_MS=426
38:10.899	ID:3	[NODE_STAT] TS=2290001 | ID=3 | OF=0 | PRNT=1 | RANK=512 | PCHG=1 | CPU=2290000000 | LPM=0 | TX=0 | RX=0
38:10.899	ID:3	[DATA_SEND] TS=2290001 | ID=3 | SEQ=229
38:10.899	ID:3	[WARN: IPv6 Route] No route found
38:10.899	ID:3	[WARN: IPv6 Route] No route found
38:10.905	ID:1	[DATA_RECV] TS=2290524 | SRC=3 | SEQ=229 | DELAY_MS=523
38:20.236	ID:2	[NODE_STAT] TS=2300001 | ID=2 | OF=0 | PRNT=1 | RANK=1024 | PCHG=1 | CPU=2300000000 | LPM=0 | TX=0 | RX=0
38:20.236	ID:2	[DATA_SEND] TS=2300001 | ID=2 | SEQ=230
38:20.236	ID:2	[WARN: IPv6 Route] No route found
38:20.236	ID:2	[WARN: IPv6 Route] No route found
38:20.275	ID:1	[DATA_RECV] TS=2299894 | SRC=2 | SEQ=230 | DELAY_MS=0
38:20.348	ID:4	[NODE_STAT] TS=2300001 | ID=4 | OF=0 | PRNT=3 | RANK=768 | PCHG=1 | CPU=2300000000 | LPM=0 | TX=0 | RX=0
38:20.348	ID:4	[DATA_SEND] TS=2300001 | ID=4 | SEQ=230
38:20.348	ID:4	[WARN: IPv6 Route] No route found
38:20.348	ID:4	[WARN: IPv6 Route] No route found
38:20.386	ID:3	[WARN: IPv6 Route] No route found
38:20.386	ID:3	[WARN: IPv6 Route] No route found
38:20.397	ID:1	[DATA_RECV] TS=2300016 | SRC=4 | SEQ=230 | DELAY_MS=15
38:20.715	ID:5	[NODE_STAT] TS=2300001 | ID=5 | OF=0 | PRNT=4 | RANK=1024 | PCHG=2 | CPU=2300000000 | LPM=0 | TX=0 | RX=0
38:20.715	ID:5	[DATA_SEND] TS=2300001 | ID=5 | SEQ=229
38:20.715	ID:5	[WARN: IPv6 Route] No route found
38:20.715	ID:5	[WARN: IPv6 Route] No route found
38:20.759	ID:4	[WARN: IPv6 Route] No route found
38:20.759	ID:4	[WARN: IPv6 Route] No route found
38:20.767	ID:3	[WARN: IPv6 Route] No route found
38:20.767	ID:3	[WARN: IPv6 Route] No route found
38:20.779	ID:1	[DATA_RECV] TS=2300398 | SRC=5 | SEQ=229 | DELAY_MS=397
38:20.899	ID:3	[NODE_STAT] TS=2300001 | ID=3 | OF=0 | PRNT=1 | RANK=512 | PCHG=1 | CPU=2300000000 | LPM=0 | TX=0 | RX=0
38:20.899	ID:3	[DATA_SEND] TS=2300001 | ID=3 | SEQ=230
38:20.899	ID:3	[WARN: IPv6 Route] No route found
38:20.899	ID:3	[WARN: IPv6 Route] No route found
38:20.932	ID:1	[DATA_RECV] TS=2300551 | SRC=3 | SEQ=230 | DELAY_MS=550
38:30.236	ID:2	[NODE_STAT] TS=2310001 | ID=2 | OF=0 | PRNT=1 | RANK=1024 | PCHG=1 | CPU=2310000000 | LPM=0 | TX=0 | RX=0
38:30.236	ID:2	[DATA_SEND] TS=2310001 | ID=2 | SEQ=231
38:30.236	ID:2	[WARN: IPv6 Route] No route found
38:30.236	ID:2	[WARN: IPv6 Route] No route found
38:30.272	ID:1	[DATA_RECV] TS=2309891 | SRC=2 | SEQ=231 | DELAY_MS=0
38:30.348	ID:4	[NODE_STAT] TS=2310001 | ID=4 | OF=0 | PRNT=3 | RANK=768 | PCHG=1 | CPU=2310000000 | LPM=0 | TX=0 | RX=0
38:30.348	ID:4	[DATA_SEND] TS=2310001 | ID=4 | SEQ=231
38:30.348	ID:4	[WARN: IPv6 Route] No route found
38:30.348	ID:4	[WARN: IPv6 Route] No route found
38:30.353	ID:3	[WARN: IPv6 Route] No route found
38:30.353	ID:3	[WARN: IPv6 Route] No route found
38:30.376	ID:1	[DATA_RECV] TS=2309995 | SRC=4 | SEQ=231 | DELAY_MS=0
38:30.715	ID:5	[NODE_STAT] TS=2310001 | ID=5 | OF=0 | PRNT=4 | RANK=1024 | PCHG=2 | CPU=2310000000 | LPM=0 | TX=0 | RX=0
38:30.715	ID:5	[DATA_SEND] TS=2310001 | ID=5 | SEQ=230
38:30.715	ID:5	[WARN: IPv6 Route] No route found
38:30.715	ID:5	[WARN: IPv6 Route] No route found
38:30.736	ID:4	[WARN: IPv6 Route] No route found
38:30.736	ID:4	[WARN: IPv6 Route] No route found
38:30.768	ID:3	[WARN: IPv6 Route] No route found
38:30.768	ID:3	[WARN: IPv6 Route] No route found
38:30.797	ID:1	[DATA_RECV] TS=2310416 | SRC=5 | SEQ=230 | DELAY_MS=415
38:30.899	ID:3	[NODE_STAT] TS=2310001 | ID=3 | OF=0 | PRNT=1 | RANK=512 | PCHG=1 | CPU=2310000000 | LPM=0 | TX=0 | RX=0
38:30.899	ID:3	[DATA_SEND] TS=2310001 | ID=3 | SEQ=231
38:30.899	ID:3	[WARN: IPv6 Route] No route found
38:30.899	ID:3	[WARN: IPv6 Route] No route found
38:30.908	ID:1	[DATA_RECV] TS=2310527 | SRC=3 | SEQ=231 | DELAY_MS=526
38:40.236	ID:2	[NODE_STAT] TS=2320001 | ID=2 | OF=0 | PRNT=1 | RANK=1024 | PCHG=1 | CPU=2320000000 | LPM=0 | TX=0 | RX=0
38:40.236	ID:2	[DATA_SEND] TS=2320001 | ID=2 | SEQ=232
38:40.236	ID:2	[WARN: IPv6 Route] No route found
38:40.236	ID:2	[WARN: IPv6 Route] No route found
38:40.270	ID:1	[DATA_RECV] TS=2319889 | SRC=2 | SEQ=232 | DELAY_MS=0
38:40.348	ID:4	[NODE_STAT] TS=2320001 | ID=4 | OF=0 | PRNT=3 | RANK=768 | PCHG=1 | CPU=2320000000 | LPM=0 | TX=0 | RX=0
38:40.348	ID:4	[DATA_SEND] TS=2320001 | ID=4 | SEQ=232
38:40.348	ID:4	[WARN: IPv6 Route] No route found
38:40.348	ID:4	[WARN: IPv6 Route] No route found
38:40.358	ID:3	[WARN: IPv6 Route] No route found
38:40.358	ID:3	[WARN: IPv6 Route] No route found
38:40.398	ID:1	[DATA_RECV] TS=2320017 | SRC=4 | SEQ=232 | DELAY_MS=16
38:40.715	ID:5	[NODE_STAT] TS=2320001 | ID=5 | OF=0 | PRNT=4 | RANK=1024 | PCHG=2 | CPU=2320000000 | LPM=0 | TX=0 | RX=0
38:40.715	ID:5	[DATA_SEND] TS=2320001 | ID=5 | SEQ=231
38:40.715	ID:5	[WARN: IPv6 Route] No route found
38:40.715	ID:5	[WARN: IPv6 Route] No route found
38:40.754	ID:4	[WARN: IPv6 Route] No route found
38:40.754	ID:4	[WARN: IPv6 Route] No route found
38:40.793	ID:3	[WARN: IPv6 Route] No route found
38:40.793	ID:3	[WARN: IPv6 Route] No route found
38:40.822	ID:1	[DATA_RECV] TS=2320441 | SRC=5 | SEQ=231 | DELAY_MS=440
38:40.899	ID:3	[NODE_STAT] TS=2320001 | ID=3 | OF=0 | PRNT=1 | RANK=512 | PCHG=1 | CPU=2320000000 | LPM=0 | TX=0 | RX=0
38:40.899	ID:3	[DATA_SEND] TS=2320001 | ID=3 | SEQ=232
38:40.899	ID:3	[WARN: IPv6 Route] No route found
38:40.899	ID:3	[WARN: IPv6 Route] No route found
38:40.931	ID:1	[DATA_RECV] TS=2320550 | SRC=3 | SEQ=232 | DELAY_MS=549
38:50.236	ID:2	[NODE_STAT] TS=2330001 | ID=2 | OF=0 | PRNT=1 | RANK=1024 | PCHG=1 | CPU=2330000000 | LPM=0 | TX=0 | RX=0
38:50.236	ID:2	[DATA_SEND] TS=2330001 | ID=2 | SEQ=233
38:50.236	ID:2	[WARN: IPv6 Route] No route found
38:50.236	ID:2	[WARN: IPv6 Route] No route found
38:50.290	ID:1	[DATA_RECV] TS=2329909 | SRC=2 | SEQ=233 | DELAY_MS=0
38:50.348	ID:4	[NODE_STAT] TS=2330001 | ID=4 | OF=0 | PRNT=3 | RANK=768 | PCHG=1 | CPU=2330000000 | LPM=0 | TX=0 | RX=0
38:50.348	ID:4	[DATA_SEND] TS=2330001 | ID=4 | SEQ=233
38:50.348	ID:4	[WARN: IPv6 Route] No route found
38:50.348	ID:4	[WARN: IPv6 Route] No route found
38:50.357	ID:3	[WARN: IPv6 Route] No route found
38:50.357	ID:3	[WARN: IPv6 Route] No route found
38:50.389	ID:1	[DATA_RECV] TS=2330008 | SRC=4 | SEQ=233 | DELAY_MS=7
38:50.715	ID:5	[NODE_STAT] TS=2330001 | ID=5 | OF=0 | PRNT=4 | RANK=1024 | PCHG=2 | CPU=2330000000 | LPM=0 | TX=0 | RX=0
38:50.715	ID:5	[DATA_SEND] TS=2330001 | ID=5 | SEQ=232
38:50.715	ID:5	[WARN: IPv6 Route] No route found
38:50.715	ID:5	[WARN: IPv6 Route] No route found
38:50.729	ID:4	[WARN: IPv6 Route] No route found
38:50.729	ID:4	[WARN: IPv6 Route] No route found
38:50.758	ID:3	[WARN: IPv6 Route] No route found
38:50.758	ID:3	[WARN: IPv6 Route] No route found
38:50.796	ID:1	[DATA_RECV] TS=2330415 | SRC=5 | SEQ=232 | DELAY_MS=414
38:50.899	ID:3	[NODE_STAT] TS=2330001 | ID=3 | OF=0 | PRNT=1 | RANK=512 | PCHG=1 | CPU=2330000000 | LPM=0 | TX=0 | RX=0
38:50.899	ID:3	[DATA_SEND] TS=2330001 | ID=3 | SEQ=233
38:50.899	ID:3	[WARN: IPv6 Route] No route found
38:50.899	ID:3	[WARN: IPv6 Route] No route found
38:50.911	ID:1	[DATA_RECV] TS=2330530 | SRC=3 | SEQ=233 | DELAY_MS=529
39:00.236	ID:2	[NODE_STAT] TS=2340001 | ID=2 | OF=0 | PRNT=1 | RANK=1024 | PCHG=1 | CPU=2340000000 | LPM=0 | TX=0 | RX=0
39:00.236	ID:2	[DATA_SEND] TS=2340001 | ID=2 | SEQ=234
39:00.236	ID:2	[WARN: IPv6 Route] No route found
39:00.236	ID:2	[WARN: IPv6 Route] No route found
39:00.254	ID:1	[DATA_RECV] TS=2339873 | SRC=2 | SEQ=234 | DELAY_MS=0
39:00.348	ID:4	[NODE_STAT] TS=2340001 | ID=4 | OF=0 | PRNT=3 | RANK=768 | PCHG=1 | CPU=2340000000 | LPM=0 | TX=0 | RX=0
39:00.348	ID:4	[DATA_SEND] TS=2340001 | ID=4 | SEQ=234
39:00.348	ID:4	[WARN: IPv6 Route] No route found
39:00.348	ID:4	[WARN: IPv6 Route] No route found
39:00.369	ID:3	[WARN: IPv6 Route] No route found
39:00.369	ID:3	[WARN: IPv6 Route] No route found
39:00.376	ID:1	[DATA_RECV] TS=2339995 | SRC=4 | SEQ=234 | DELAY_MS=0
39:00.715	ID:5	[NODE_STAT] TS=2340001 | ID=5 | OF=0 | PRNT=4 | RANK=1024 | PCHG=2 | CPU=2340000000 | LPM=0 | TX=0 | RX=0
39:00.715	ID:5	[DATA_SEND] TS=2340001 | ID=5 | SEQ=233
39:00.715	ID:5	[WARN: IPv6 Route] No route found
39:00.715	ID:5	[WARN: IPv6 Route] No route found
39:00.723	ID:4	[WARN: IPv6 Route] No route found
39:00.723	ID:4	[WARN: IPv6 Route] No route found
39:00.746	ID:3	[WARN: IPv6 Route] No route found
39:00.746	ID:3	[WARN: IPv6 Route] No route found
39:00.755	ID:1	[DATA_RECV] TS=2340374 | SRC=5 | SEQ=233 | DELAY_MS=373
39:00.899	ID:3	[NODE_STAT] TS=2340001 | ID=3 | OF=0 | PRNT=1 | RANK=512 | PCHG=1 | CPU=2340000000 | LPM=0 | TX=0 | RX=0
39:00.899	ID:3	[DATA_SEND] TS=2340001 | ID=3 | SEQ=234
39:00.899	ID:3	[WARN: IPv6 Route] No route found
39:00.899	ID:3	[WARN: IPv6 Route] No route found
39:00.909	ID:1	[DATA_RECV] TS=2340528 | SRC=3 | SEQ=234 | DELAY_MS=527
39:10.236	ID:2	[NODE_STAT] TS=2350001 | ID=2 | OF=0 | PRNT=1 | RANK=1024 | PCHG=1 | CPU=2350000000 | LPM=0 | TX=0 | RX=0
39:10.236	ID:2	[DATA_SEND] TS=2350001 | ID=2 | SEQ=235
39:10.236	ID:2	[WARN: IPv6 Route] No route found
39:10.236	ID:2	[WARN: IPv6 Route] No route found
39:10.301	ID:1	[DATA_RECV] TS=2349920 | SRC=2 | SEQ=235 | DELAY_MS=0
39:10.348	ID:4	[NODE_STAT] TS=2350001 | ID=4 | OF=0 | PRNT=3 | RANK=768 | PCHG=1 | CPU=2350000000 | LPM=0 | TX=0 | RX=0
39:10.348	ID:4	[DATA_SEND] TS=2350001 | ID=4 | SEQ=235
39:10.348	ID:4	[WARN: IPv6 Route] No route found
39:10.348	ID:4	[WARN: IPv6 Route] No route found
39:10.377	ID:3	[WARN: IPv6 Route] No route found
39:10.377	ID:3	[WARN: IPv6 Route] No route found
39:10.387	ID:1	[DATA_RECV] TS=2350006 | SRC=4 | SEQ=235 | DELAY_MS=5
39:10.715	ID:5	[NODE_STAT] TS=2350001 | ID=5 | OF=0 | PRNT=4 | RANK=1024 | PCHG=2 | CPU=2350000000 | LPM=0 | TX=0 | RX=0
39:10.715	ID:5	[DATA_SEND] TS=2350001 | ID=5 | SEQ=234
39:10.715	ID:5	[WARN: IPv6 Route] No route found
39:10.715	ID:5	[WARN: IPv6 Route] No route found
39:10.753	ID:4	[WARN: IPv6 Route] No route found
39:10.753	ID:4	[WARN: IPv6 Route] No route found
39:10.776	ID:3	[WARN: IPv6 Route] No route found
39:10.776	ID:3	[WARN: IPv6 Route] No route found
39:10.805	ID:1	[DATA_RECV] TS=2350424 | SRC=5 | SEQ=234 | DELAY_MS=423
39:10.899	ID:3	[NODE_STAT] TS=2350001 | ID=3 | OF=0 | PRNT=1 | RANK=512 | PCHG=1 | CPU=2350000000 | LPM=0 | TX=0 | RX=0
39:10.899	ID:3	[DATA_SEND] TS=2350001 | ID=3 | SEQ=235
39:10.899	ID:3	[WARN: IPv6 Route] No route found
39:10.899	ID:3	[WARN: IPv6 Route] No route found
39:10.920	ID:1	[DATA_RECV] TS=2350539 | SRC=3 | SEQ=235 | DELAY_MS=538
39:20.236	ID:2	[NODE_STAT] TS=2360001 | ID=2 | OF=0 | PRNT=1 | RANK=1024 | PCHG=1 | CPU=2360000000 | LPM=0 | TX=0 | RX=0
39:20.236	ID:2	[DATA_SEND] TS=2360001 | ID=2 | SEQ=236
39:20.236	ID:2	[WARN: IPv6 Route] No route found
39:20.236	ID:2	[WARN: IPv6 Route] No route found
39:20.330	ID:1	[DATA_RECV] TS=2359949 | SRC=2 | SEQ=236 | DELAY_MS=0
39:20.348	ID:4	[NODE_STAT] TS=2360001 | ID=4 | OF=0 | PRNT=3 | RANK=768 | PCHG=1 | CPU=2360000000 | LPM=0 | TX=0 | RX=0
39:20.348	ID:4	[DATA_SEND] TS=2360001 | ID=4 | SEQ=236
39:20.348	ID:4	[WARN: IPv6 Route] No route found
39:20.348	ID:4	[WARN: IPv6 Route] No route found
39:20.388	ID:3	[WARN: IPv6 Route] No route found
39:20.388	ID:3	[WARN: IPv6 Route] No route found
39:20.432	ID:1	[DATA_RECV] TS=2360051 | SRC=4 | SEQ=236 | DELAY_MS=50
39:20.715	ID:5	[NODE_STAT] TS=2360001 | ID=5 | OF=0 | PRNT=4 | RANK=1024 | PCHG=2 | CPU=2360000000 | LPM=0 | TX=0 | RX=0
39:20.715	ID:5	[DATA_SEND] TS=2360001 | ID=5 | SEQ=235
39:20.715	ID:5	[WARN: IPv6 Route] No route found
39:20.715	ID:5	[WARN: IPv6 Route] No route found
39:20.759	ID:4	[WARN: IPv6 Route] No route found
39:20.759	ID:4	[WARN: IPv6 Route] No route found
39:20.766	ID:3	[WARN: IPv6 Route] No route found
39:20.766	ID:3	[WARN: IPv6 Route] No route found
39:20.780	ID:1	[DATA_RECV] TS=2360399 | SRC=5 | SEQ=235 | DELAY_MS=398
39:20.899	ID:3	[NODE_STAT] TS=2360001 | ID=3 | OF=0 | PRNT=1 | RANK=512 | PCHG=1 | CPU=2360000000 | LPM=0 | TX=0 | RX=0
39:20.899	ID:3	[DATA_SEND] TS=2360001 | ID=3 | SEQ=236
39:20.899	ID:3	[WARN: IPv6 Route] No route found
39:20.899	ID:3	[WARN: IPv6 Route] No route found
39:20.926	ID:1	[DATA_RECV] TS=2360545 | SRC=3 | SEQ=236 | DELAY_MS=544
39:30.236	ID:2	[NODE_STAT] TS=2370001 | ID=2 | OF=0 | PRNT=1 | RANK=1024 | PCHG=1 | CPU=2370000000 | LPM=0 | TX=0 | RX=0
39:30.236	ID:2	[DATA_SEND] TS=2370001 | ID=2 | SEQ=237
39:30.236	ID:2	[WARN: IPv6 Route] No route found
39:30.236	ID:2	[WARN: IPv6 Route] No route found
39:30.264	ID:1	[DATA_RECV] TS=2369883 | SRC=2 | SEQ=237 | DELAY_MS=0
39:30.348	ID:4	[NODE_STAT] TS=2370001 | ID=4 | OF=0 | PRNT=3 | RANK=768 | PCHG=1 | CPU=2370000000 | LPM=0 | TX=0 | RX=0
39:30.348	ID:4	[DATA_SEND] TS=2370001 | ID=4 | SEQ=237
39:30.348	ID:4	[WARN: IPv6 Route] No route found
39:30.348	ID:4	[WARN: IPv6 Route] No route found
39:30.361	ID:3	[WARN: IPv6 Route] No route found
39:30.361	ID:3	[WARN: IPv6 Route] No route found
39:30.378	ID:1	[DATA_RECV] TS=2369997 | SRC=4 | SEQ=237 | DELAY_MS=0
39:30.715	ID:5	[NODE_STAT] TS=2370001 | ID=5 | OF=0 | PRNT=4 | RANK=1024 | PCHG=2 | CPU=2370000000 | LPM=0 | TX=0 | RX=0
39:30.715	ID:5	[DATA_SEND] TS=2370001 | ID=5 | SEQ=236
39:30.715	ID:5	[WARN: IPv6 Route] No route found
39:30.715	ID:5	[WARN: IPv6 Route] No route found
39:30.720	ID:4	[WARN: IPv6 Route] No route found
39:30.720	ID:4	[WARN: IPv6 Route] No route found
39:30.738	ID:3	[WARN: IPv6 Route] No route found
39:30.738	ID:3	[WARN: IPv6 Route] No route found
39:30.745	ID:1	[DATA_RECV] TS=2370364 | SRC=5 | SEQ=236 | DELAY_MS=363
39:30.899	ID:3	[NODE_STAT] TS=2370001 | ID=3 | OF=0 | PRNT=1 | RANK=512 | PCHG=1 | CPU=2370000000 | LPM=0 | TX=0 | RX=0
39:30.899	ID:3	[DATA_SEND] TS=2370001 | ID=3 | SEQ=237
39:30.899	ID:3	[WARN: IPv6 Route] No route found
39:30.899	ID:3	[WARN: IPv6 Route] No route found
39:30.907	ID:1	[DATA_RECV] TS=2370526 | SRC=3 | SEQ=237 | DELAY_MS=525
39:40.236	ID:2	[NODE_STAT] TS=2380001 | ID=2 | OF=0 | PRNT=1 | RANK=1024 | PCHG=1 | CPU=2380000000 | LPM=0 | TX=0 | RX=0
39:40.236	ID:2	[DATA_SEND] TS=2380001 | ID=2 | SEQ=238
39:40.236	ID:2	[WARN: IPv6 Route] No route found
39:40.236	ID:2	[WARN: IPv6 Route] No route found
39:40.321	ID:1	[DATA_RECV] TS=2379940 | SRC=2 | SEQ=238 | DELAY_MS=0
39:40.348	ID:4	[NODE_STAT] TS=2380001 | ID=4 | OF=0 | PRNT=3 | RANK=768 | PCHG=1 | CPU=2380000000 | LPM=0 | TX=0 | RX=0
39:40.348	ID:4	[DATA_SEND] TS=2380001 | ID=4 | SEQ=238
39:40.348	ID:4	[WARN: IPv6 Route] No route found
39:40.348	ID:4	[WARN: IPv6 Route] No route found
39:40.361	ID:3	[WARN: IPv6 Route] No route found
39:40.361	ID:3	[WARN: IPv6 Route] No route found
39:40.383	ID:1	[DATA_RECV] TS=2380002 | SRC=4 | SEQ=238 | DELAY_MS=1
39:40.715	ID:5	[NODE_STAT] TS=2380001 | ID=5 | OF=0 | PRNT=4 | RANK=1024 | PCHG=2 | CPU=2380000000 | LPM=0 | TX=0 | RX=0
39:40.715	ID:5	[DATA_SEND] TS=2380001 | ID=5 | SEQ=237
39:40.715	ID:5	[WARN: IPv6 Route] No route found
39:40.715	ID:5	[WARN: IPv6 Route] No route found
39:40.737	ID:4	[WARN: IPv6 Route] No route found
39:40.737	ID:4	[WARN: IPv6 Route] No route found
39:40.781	ID:3	[WARN: IPv6 Route] No route found
39:40.781	ID:3	[WARN: IPv6 Route] No route found
39:40.787	ID:1	[DATA_RECV] TS=2380406 | SRC=5 | SEQ=237 | DELAY_MS=405
39:40.899	ID:3	[NODE_STAT] TS=2380001 | ID=3 | OF=0 | PRNT=1 | RANK=512 | PCHG=1 | CPU=2380000000 | LPM=0 | TX=0 | RX=0
39:40.899	ID:3	[DATA_SEND] TS=2380001 | ID=3 | SEQ=238
39:40.899	ID:3	[WARN: IPv6 Route] No route found
39:40.899	ID:3	[WARN: IPv6 Route] No route found
39:40.917	ID:1	[DATA_RECV] TS=2380536 | SRC=3 | SEQ=238 | DELAY_MS=535
39:50.236	ID:2	[NODE_STAT] TS=2390001 | ID=2 | OF=0 | PRNT=1 | RANK=1280 | PCHG=1 | CPU=2390000000 | LPM=0 | TX=0 | RX=0
39:50.236	ID:2	[DATA_SEND] TS=2390001 | ID=2 | SEQ=239
39:50.236	ID:2	[WARN: IPv6 Route] No route found
39:50.236	ID:2	[WARN: IPv6 Route] No route found
39:50.263	ID:1	[DATA_RECV] TS=2389882 | SRC=2 | SEQ=239 | DELAY_MS=0
39:50.348	ID:4	[NODE_STAT] TS=2390001 | ID=4 | OF=0 | PRNT=3 | RANK=768 | PCHG=1 | CPU=2390000000 | LPM=0 | TX=0 | RX=0
39:50.348	ID:4	[DATA_SEND] TS=2390001 | ID=4 | SEQ=239
39:50.348	ID:4	[WARN: IPv6 Route] No route found
39:50.348	ID:4	[WARN: IPv6 Route] No route found
39:50.368	ID:3	[WARN: IPv6 Route] No route found
39:50.368	ID:3	[WARN: IPv6 Route] No route found
39:50.410	ID:1	[DATA_RECV] TS=2390029 | SRC=4 | SEQ=239 | DELAY_MS=28
39:50.715	ID:5	[NODE_STAT] TS=2390001 | ID=5 | OF=0 | PRNT=4 | RANK=1024 | PCHG=2 | CPU=2390000000 | LPM=0 | TX=0 | RX=0
39:50.715	ID:5	[DATA_SEND] TS=2390001 | ID=5 | SEQ=238
39:50.715	ID:5	[WARN: IPv6 Route] No route found
39:50.715	ID:5	[WARN: IPv6 Route] No route found
39:50.736	ID:4	[WARN: IPv6 Route] No route found
39:50.736	ID:4	[WARN: IPv6 Route] No route found
39:50.755	ID:3	[WARN: IPv6 Route] No route found
39:50.755	ID:3	[WARN: IPv6 Route] No route found
39:50.795	ID:1	[DATA_RECV] TS=2390414 | SRC=5 | SEQ=238 | DELAY_MS=413
39:50.899	ID:3	[NODE_STAT] TS=2390001 | ID=3 | OF=0 | PRNT=1 | RANK=512 | PCHG=1 | CPU=2390000000 | LPM=0 | TX=0 | RX=0
39:50.899	ID:3	[DATA_SEND] TS=2390001 | ID=3 | SEQ=239
39:50.899	ID:3	[WARN: IPv6 Route] No route found
39:50.899	ID:3	[WARN: IPv6 Route] No route found
39:50.906	ID:1	[DATA_RECV] TS=2390525 | SRC=3 | SEQ=239 | DELAY_MS=524
40:00.236	ID:2	[NODE_STAT] TS=2400001 | ID=2 | OF=0 | PRNT=1 | RANK=1024 | PCHG=1 | CPU=2400000000 | LPM=0 | TX=0 | RX=0
40:00.236	ID:2	[DATA_SEND] TS=2400001 | ID=2 | SEQ=240
40:00.236	ID:2	[WARN: IPv6 Route] No route found
40:00.236	ID:2	[WARN: IPv6 Route] No route found
40:00.348	ID:4	[NODE_STAT] TS=2400001 | ID=4 | OF=0 | PRNT=3 | RANK=768 | PCHG=1 | CPU=2400000000 | LPM=0 | TX=0 | RX=0
40:00.348	ID:4	[DATA_SEND] TS=2400001 | ID=4 | SEQ=240
40:00.348	ID:4	[WARN: IPv6 Route] No route found
40:00.348	ID:4	[WARN: IPv6 Route] No route found
40:00.350	ID:1	[DATA_RECV] TS=2399969 | SRC=2 | SEQ=240 | DELAY_MS=0
40:00.356	ID:3	[WARN: IPv6 Route] No route found
40:00.356	ID:3	[WARN: IPv6 Route] No route found
40:00.362	ID:1	[DATA_RECV] TS=2399981 | SRC=4 | SEQ=240 | DELAY_MS=0
40:00.715	ID:5	[NODE_STAT] TS=2400001 | ID=5 | OF=0 | PRNT=4 | RANK=1024 | PCHG=2 | CPU=2400000000 | LPM=0 | TX=0 | RX=0
40:00.715	ID:5	[DATA_SEND] TS=2400001 | ID=5 | SEQ=239
40:00.715	ID:5	[WARN: IPv6 Route] No route found
40:00.715	ID:5	[WARN: IPv6 Route] No route found
40:00.745	ID:4	[WARN: IPv6 Route] No route found
40:00.745	ID:4	[WARN: IPv6 Route] No route found
40:00.768	ID:3	[WARN: IPv6 Route] No route found
40:00.768	ID:3	[WARN: IPv6 Route] No route found
40:00.775	ID:1	[DATA_RECV] TS=2400394 | SRC=5 | SEQ=239 | DELAY_MS=393
40:00.899	ID:3	[NODE_STAT] TS=2400001 | ID=3 | OF=0 | PRNT=1 | RANK=512 | PCHG=1 | CPU=2400000000 | LPM=0 | TX=0 | RX=0
40:00.899	ID:3	[DATA_SEND] TS=2400001 | ID=3 | SEQ=240
40:00.899	ID:3	[WARN: IPv6 Route] No route found
40:00.899	ID:3	[WARN: IPv6 Route] No route found
40:00.917	ID:1	[DATA_RECV] TS=2400536 | SRC=3 | SEQ=240 | DELAY_MS=535
40:10.236	ID:2	[NODE_STAT] TS=2410001 | ID=2 | OF=0 | PRNT=1 | RANK=1280 | PCHG=1 | CPU=2410000000 | LPM=0 | TX=0 | RX=0
40:10.236	ID:2	[DATA_SEND] TS=2410001 | ID=2 | SEQ=241
40:10.236	ID:2	[WARN: IPv6 Route] No route found
40:10.236	ID:2	[WARN: IPv6 Route] No route found
40:10.313	ID:1	[DATA_RECV] TS=2409932 | SRC=2 | SEQ=241 | DELAY_MS=0
40:10.348	ID:4	[NODE_STAT] TS=2410001 | ID=4 | OF=0 | PRNT=3 | RANK=768 | PCHG=1 | CPU=2410000000 | LPM=0 | TX=0 | RX=0
40:10.348	ID:4	[DATA_SEND] TS=2410001 | ID=4 | SEQ=241
40:10.348	ID:4	[WARN: IPv6 Route] No route found
40:10.348	ID:4	[WARN: IPv6 Route] No route found
40:10.389	ID:3	[WARN: IPv6 Route] No route found
40:10.389	ID:3	[WARN: IPv6 Route] No route found
40:10.431	ID:1	[DATA_RECV] TS=2410050 | SRC=4 | SEQ=241 | DELAY_MS=49
40:10.715	ID:5	[NODE_STAT] TS=2410001 | ID=5 | OF=0 | PRNT=4 | RANK=1024 | PCHG=2 | CPU=2410000000 | LPM=0 | TX=0 | RX=0
40:10.715	ID:5	[DATA_SEND] TS=2410001 | ID=5 | SEQ=240
40:10.715	ID:5	[WARN: IPv6 Route] No route found
40:10.715	ID:5	[WARN: IPv6 Route] No route found
40:10.760	ID:4	[WARN: IPv6 Route] No route found
40:10.760	ID:4	[WARN: IPv6 Route] No route found
40:10.803	ID:3	[WARN: IPv6 Route] No route found
40:10.803	ID:3	[WARN: IPv6 Route] No route found
40:10.847	ID:1	[DATA_RECV] TS=2410466 | SRC=5 | SEQ=240 | DELAY_MS=465
40:10.899	ID:3	[NODE_STAT] TS=2410001 | ID=3 | OF=0 | PRNT=1 | RANK=512 | PCHG=1 | CPU=2410000000 | LPM=0 | TX=0 | RX=0
40:10.899	ID:3	[DATA_SEND] TS=2410001 | ID=3 | SEQ=241
40:10.899	ID:3	[WARN: IPv6 Route] No route found
40:10.899	ID:3	[WARN: IPv6 Route] No route found
40:10.925	ID:1	[DATA_RECV] TS=2410544 | SRC=3 | SEQ=241 | DELAY_MS=543
40:20.236	ID:2	[NODE_STAT] TS=2420001 | ID=2 | OF=0 | PRNT=1 | RANK=1280 | PCHG=1 | CPU=2420000000 | LPM=0 | TX=0 | RX=0
40:20.236	ID:2	[DATA_SEND] TS=2420001 | ID=2 | SEQ=242
40:20.236	ID:2	[WARN: IPv6 Route] No route found
40:20.236	ID:2	[WARN: IPv6 Route] No route found
40:20.326	ID:1	[DATA_RECV] TS=2419945 | SRC=2 | SEQ=242 | DELAY_MS=0
40:20.348	ID:4	[NODE_STAT] TS=2420001 | ID=4 | OF=0 | PRNT=3 | RANK=768 | PCHG=1 | CPU=2420000000 | LPM=0 | TX=0 | RX=0
40:20.348	ID:4	[DATA_SEND] TS=2420001 | ID=4 | SEQ=242
40:20.348	ID:4	[WARN: IPv6 Route] No route found
40:20.348	ID:4	[WARN: IPv6 Route] No route found
40:20.363	ID:3	[WARN: IPv6 Route] No route found
40:20.363	ID:3	[WARN: IPv6 Route] No route found
40:20.393	ID:1	[DATA_RECV] TS=2420012 | SRC=4 | SEQ=242 | DELAY_MS=11
40:20.715	ID:5	[NODE_STAT] TS=2420001 | ID=5 | OF=0 | PRNT=4 | RANK=1024 | PCHG=2 | CPU=2420000000 | LPM=0 | TX=0 | RX=0
40:20.715	ID:5	[DATA_SEND] TS=2420001 | ID=5 | SEQ=241
40:20.715	ID:5	[WARN: IPv6 Route] No route found
40:20.715	ID:5	[WARN: IPv6 Route] No route found
40:20.754	ID:4	[WARN: IPv6 Route] No route found
40:20.754	ID:4	[WARN: IPv6 Route] No route found
40:20.777	ID:3	[WARN: IPv6 Route] No route found
40:20.777	ID:3	[WARN: IPv6 Route] No route found
40:20.792	ID:1	[DATA_RECV] TS=2420411 | SRC=5 | SEQ=241 | DELAY_MS=410
40:20.899	ID:3	[NODE_STAT] TS=2420001 | ID=3 | OF=0 | PRNT=1 | RANK=512 | PCHG=1 | CPU=2420000000 | LPM=0 | TX=0 | RX=0
40:20.899	ID:3	[DATA_SEND] TS=2420001 | ID=3 | SEQ=242
40:20.899	ID:3	[WARN: IPv6 Route] No route found
40:20.899	ID:3	[WARN: IPv6 Route] No route found
40:20.933	ID:1	[DATA_RECV] TS=2420552 | SRC=3 | SEQ=242 | DELAY_MS=551
40:30.236	ID:2	[NODE_STAT] TS=2430001 | ID=2 | OF=0 | PRNT=1 | RANK=1280 | PCHG=1 | CPU=2430000000 | LPM=0 | TX=0 | RX=0
40:30.236	ID:2	[DATA_SEND] TS=2430001 | ID=2 | SEQ=243
40:30.236	ID:2	[WARN: IPv6 Route] No route found
40:30.236	ID:2	[WARN: IPv6 Route] No route found
40:30.276	ID:1	[DATA_RECV] TS=2429895 | SRC=2 | SEQ=243 | DELAY_MS=0
40:30.348	ID:4	[NODE_STAT] TS=2430001 | ID=4 | OF=0 | PRNT=3 | RANK=768 | PCHG=1 | CPU=2430000000 | LPM=0 | TX=0 | RX=0
40:30.348	ID:4	[DATA_SEND] TS=2430001 | ID=4 | SEQ=243
40:30.348	ID:4	[WARN: IPv6 Route] No route found
40:30.348	ID:4	[WARN: IPv6 Route] No route found
40:30.372	ID:3	[WARN: IPv6 Route] No route found
40:30.372	ID:3	[WARN: IPv6 Route] No route found
40:30.378	ID:1	[DATA_RECV] TS=2429997 | SRC=4 | SEQ=243 | DELAY_MS=0
40:30.715	ID:5	[NODE_STAT] TS=2430001 | ID=5 | OF=0 | PRNT=4 | RANK=1024 | PCHG=2 | CPU=2430000000 | LPM=0 | TX=0 | RX=0
40:30.715	ID:5	[DATA_SEND] TS=2430001 | ID=5 | SEQ=242
40:30.715	ID:5	[WARN: IPv6 Route] No route found
40:30.715	ID:5	[WARN: IPv6 Route] No route found
40:30.741	ID:4	[WARN: IPv6 Route] No route found
40:30.741	ID:4	[WARN: IPv6 Route] No route found
40:30.749	ID:3	[WARN: IPv6 Route] No route found
40:30.749	ID:3	[WARN: IPv6 Route] No route found
40:30.757	ID:1	[DATA_RECV] TS=2430376 | SRC=5 | SEQ=242 | DELAY_MS=375
40:30.899	ID:3	[NODE_STAT] TS=2430001 | ID=3 | OF=0 | PRNT=1 | RANK=512 | PCHG=1 | CPU=2430000000 | LPM=0 | TX=0 | RX=0
40:30.899	ID:3	[DATA_SEND] TS=2430001 | ID=3 | SEQ=243
40:30.899	ID:3	[WARN: IPv6 Route] No route found
40:30.899	ID:3	[WARN: IPv6 Route] No route found
40:30.919	ID:1	[DATA_RECV] TS=2430538 | SRC=3 | SEQ=243 | DELAY_MS=537
40:40.236	ID:2	[NODE_STAT] TS=2440001 | ID=2 | OF=0 | PRNT=1 | RANK=1280 | PCHG=1 | CPU=2440000000 | LPM=0 | TX=0 | RX=0
40:40.236	ID:2	[DATA_SEND] TS=2440001 | ID=2 | SEQ=244
40:40.236	ID:2	[WARN: IPv6 Route] No route found
40:40.236	ID:2	[WARN: IPv6 Route] No route found
40:40.242	ID:1	[DATA_RECV] TS=2439861 | SRC=2 | SEQ=244 | DELAY_MS=0
40:40.348	ID:4	[NODE_STAT] TS=2440001 | ID=4 | OF=0 | PRNT=3 | RANK=768 | PCHG=1 | CPU=2440000000 | LPM=0 | TX=0 | RX=0
40:40.348	ID:4	[DATA_SEND] TS=2440001 | ID=4 | SEQ=244
40:40.348	ID:4	[WARN: IPv6 Route] No route found
40:40.348	ID:4	[WARN: IPv6 Route] No route found
40:40.372	ID:3	[WARN: IPv6 Route] No route found
40:40.372	ID:3	[WARN: IPv6 Route] No route found
40:40.385	ID:1	[DATA_RECV] TS=2440004 | SRC=4 | SEQ=244 | DELAY_MS=3
40:40.715	ID:5	[NODE_STAT] TS=2440001 | ID=5 | OF=0 | PRNT=4 | RANK=1024 | PCHG=2 | CPU=2440000000 | LPM=0 | TX=0 | RX=0
40:40.715	ID:5	[DATA_SEND] TS=2440001 | ID=5 | SEQ=243
40:40.715	ID:5	[WARN: IPv6 Route] No route found
40:40.715	ID:5	[WARN: IPv6 Route] No route found
40:40.744	ID:4	[WARN: IPv6 Route] No route found
40:40.744	ID:4	[WARN: IPv6 Route] No route found
40:40.750	ID:3	[WARN: IPv6 Route] No route found
40:40.750	ID:3	[WARN: IPv6 Route] No route found
40:40.758	ID:1	[DATA_RECV] TS=2440377 | SRC=5 | SEQ=243 | DELAY_MS=376
40:40.899	ID:3	[NODE_STAT] TS=2440001 | ID=3 | OF=0 | PRNT=1 | RANK=512 | PCHG=1 | CPU=2440000000 | LPM=0 | TX=0 | RX=0
40:40.899	ID:3	[DATA_SEND] TS=2440001 | ID=3 | SEQ=244
40:40.899	ID:3	[WARN: IPv6 Route] No route found
40:40.899	ID:3	[WARN: IPv6 Route] No route found
40:40.916	ID:1	[DATA_RECV] TS=2440535 | SRC=3 | SEQ=244 | DELAY_MS=534
40:50.236	ID:2	[NODE_STAT] TS=2450001 | ID=2 | OF=0 | PRNT=1 | RANK=1280 | PCHG=1 | CPU=2450000000 | LPM=0 | TX=0 | RX=0
40:50.236	ID:2	[DATA_SEND] TS=2450001 | ID=2 | SEQ=245
40:50.236	ID:2	[WARN: IPv6 Route] No route found
40:50.236	ID:2	[WARN: IPv6 Route] No route found
40:50.348	ID:4	[NODE_STAT] TS=2450001 | ID=4 | OF=0 | PRNT=3 | RANK=768 | PCHG=1 | CPU=2450000000 | LPM=0 | TX=0 | RX=0
40:50.348	ID:4	[DATA_SEND] TS=2450001 | ID=4 | SEQ=245
40:50.348	ID:4	[WARN: IPv6 Route] No route found
40:50.348	ID:4	[WARN: IPv6 Route] No route found
40:50.353	ID:1	[DATA_RECV] TS=2449972 | SRC=2 | SEQ=245 | DELAY_MS=0
40:50.364	ID:3	[WARN: IPv6 Route] No route found
40:50.364	ID:3	[WARN: IPv6 Route] No route found
40:50.404	ID:1	[DATA_RECV] TS=2450023 | SRC=4 | SEQ=245 | DELAY_MS=22
40:50.715	ID:5	[NODE_STAT] TS=2450001 | ID=5 | OF=0 | PRNT=4 | RANK=1024 | PCHG=2 | CPU=2450000000 | LPM=0 | TX=0 | RX=0
40:50.715	ID:5	[DATA_SEND] TS=2450001 | ID=5 | SEQ=244
40:50.715	ID:5	[WARN: IPv6 Route] No route found
40:50.715	ID:5	[WARN: IPv6 Route] No route found
40:50.749	ID:4	[WARN: IPv6 Route] No route found
40:50.749	ID:4	[WARN: IPv6 Route] No route found
40:50.785	ID:3	[WARN: IPv6 Route] No route found
40:50.785	ID:3	[WARN: IPv6 Route] No route found
40:50.802	ID:1	[DATA_RECV] TS=2450421 | SRC=5 | SEQ=244 | DELAY_MS=420
40:50.899	ID:3	[NODE_STAT] TS=2450001 | ID=3 | OF=0 | PRNT=1 | RANK=512 | PCHG=1 | CPU=2450000000 | LPM=0 | TX=0 | RX=0
40:50.899	ID:3	[DATA_SEND] TS=2450001 | ID=3 | SEQ=245
40:50.899	ID:3	[WARN: IPv6 Route] No route found
40:50.899	ID:3	[WARN: IPv6 Route] No route found
40:50.908	ID:1	[DATA_RECV] TS=2450527 | SRC=3 | SEQ=245 | DELAY_MS=526
41:00.236	ID:2	[NODE_STAT] TS=2460001 | ID=2 | OF=0 | PRNT=1 | RANK=1280 | PCHG=1 | CPU=2460000000 | LPM=0 | TX=0 | RX=0
41:00.236	ID:2	[DATA_SEND] TS=2460001 | ID=2 | SEQ=246
41:00.236	ID:2	[WARN: IPv6 Route] No route found
41:00.236	ID:2	[WARN: IPv6 Route] No route found
41:00.260	ID:1	[DATA_RECV] TS=2459879 | SRC=2 | SEQ=246 | DELAY_MS=0
41:00.348	ID:4	[NODE_STAT] TS=2460001 | ID=4 | OF=0 | PRNT=3 | RANK=768 | PCHG=1 | CPU=2460000000 | LPM=0 | TX=0 | RX=0
41:00.348	ID:4	[DATA_SEND] TS=2460001 | ID=4 | SEQ=246
41:00.348	ID:4	[WARN: IPv6 Route] No route found
41:00.348	ID:4	[WARN: IPv6 Route] No route found
41:00.380	ID:3	[WARN: IPv6 Route] No route found
41:00.380	ID:3	[WARN: IPv6 Route] No route found
41:00.398	ID:1	[DATA_RECV] TS=2460017 | SRC=4 | SEQ=246 | DELAY_MS=16
41:00.715	ID:5	[NODE_STAT] TS=2460001 | ID=5 | OF=0 | PRNT=4 | RANK=1024 | PCHG=2 | CPU=2460000000 | LPM=0 | TX=0 | RX=0
41:00.715	ID:5	[DATA_SEND] TS=2460001 | ID=5 | SEQ=245
41:00.715	ID:5	[WARN: IPv6 Route] No route found
41:00.715	ID:5	[WARN: IPv6 Route] No route found
41:00.726	ID:4	[WARN: IPv6 Route] No route found
41:00.726	ID:4	[WARN: IPv6 Route] No route found
41:00.759	ID:3	[WARN: IPv6 Route] No route found
41:00.759	ID:3	[WARN: IPv6 Route] No route found
41:00.780	ID:1	[DATA_RECV] TS=2460399 | SRC=5 | SEQ=245 | DELAY_MS=398
41:00.899	ID:3	[NODE_STAT] TS=2460001 | ID=3 | OF=0 | PRNT=1 | RANK=512 | PCHG=1 | CPU=2460000000 | LPM=0 | TX=0 | RX=0
41:00.899	ID:3	[DATA_SEND] TS=2460001 | ID=3 | SEQ=246
41:00.899	ID:3	[WARN: IPv6 Route] No route found
41:00.899	ID:3	[WARN: IPv6 Route] No route found
41:00.935	ID:1	[DATA_RECV] TS=2460554 | SRC=3 | SEQ=246 | DELAY_MS=553
41:10.236	ID:2	[NODE_STAT] TS=2470001 | ID=2 | OF=0 | PRNT=1 | RANK=1280 | PCHG=1 | CPU=2470000000 | LPM=0 | TX=0 | RX=0
41:10.236	ID:2	[DATA_SEND] TS=2470001 | ID=2 | SEQ=247
41:10.236	ID:2	[WARN: IPv6 Route] No route found
41:10.236	ID:2	[WARN: IPv6 Route] No route found
41:10.338	ID:1	[DATA_RECV] TS=2469957 | SRC=2 | SEQ=247 | DELAY_MS=0
41:10.348	ID:4	[NODE_STAT] TS=2470001 | ID=4 | OF=0 | PRNT=3 | RANK=768 | PCHG=1 | CPU=2470000000 | LPM=0 | TX=0 | RX=0
41:10.348	ID:4	[DATA_SEND] TS=2470001 | ID=4 | SEQ=247
41:10.348	ID:4	[WARN: IPv6 Route] No route found
41:10.348	ID:4	[WARN: IPv6 Route] No route found
41:10.354	ID:3	[WARN: IPv6 Route] No route found
41:10.354	ID:3	[WARN: IPv6 Route] No route found
41:10.397	ID:1	[DATA_RECV] TS=2470016 | SRC=4 | SEQ=247 | DELAY_MS=15
41:10.715	ID:5	[NODE_STAT] TS=2470001 | ID=5 | OF=0 | PRNT=4 | RANK=1024 | PCHG=2 | CPU=2470000000 | LPM=0 | TX=0 | RX=0
41:10.715	ID:5	[DATA_SEND] TS=2470001 | ID=5 | SEQ=246
41:10.715	ID:5	[WARN: IPv6 Route] No route found
41:10.715	ID:5	[WARN: IPv6 Route] No route found
41:10.737	ID:4	[WARN: IPv6 Route] No route found
41:10.737	ID:4	[WARN: IPv6 Route] No route found
41:10.783	ID:3	[WARN: IPv6 Route] No route found
41:10.783	ID:3	[WARN: IPv6 Route] No route found
41:10.825	ID:1	[DATA_RECV] TS=2470444 | SRC=5 | SEQ=246 | DELAY_MS=443
41:10.899	ID:3	[NODE_STAT] TS=2470001 | ID=3 | OF=0 | PRNT=1 | RANK=512 | PCHG=1 | CPU=2470000000 | LPM=0 | TX=0 | RX=0
41:10.899	ID:3	[DATA_SEND] TS=2470001 | ID=3 | SEQ=247
41:10.899	ID:3	[WARN: IPv6 Route] No route found
41:10.899	ID:3	[WARN: IPv6 Route] No route found
41:10.914	ID:1	[DATA_RECV] TS=2470533 | SRC=3 | SEQ=247 | DELAY_MS=532
41:20.236	ID:2	[NODE_STAT] TS=2480001 | ID=2 | OF=0 | PRNT=1 | RANK=1280 | PCHG=1 | CPU=2480000000 | LPM=0 | TX=0 | RX=0
41:20.236	ID:2	[DATA_SEND] TS=2480001 | ID=2 | SEQ=248
41:20.236	ID:2	[WARN: IPv6 Route] No route found
41:20.236	ID:2	[WARN: IPv6 Route] No route found
41:20.290	ID:1	[DATA_RECV] TS=2479909 | SRC=2 | SEQ=248 | DELAY_MS=0
41:20.348	ID:4	[NODE_STAT] TS=2480001 | ID=4 | OF=0 | PRNT=3 | RANK=768 | PCHG=1 | CPU=2480000000 | LPM=0 | TX=0 | RX=0
41:20.348	ID:4	[DATA_SEND] TS=2480001 | ID=4 | SEQ=248
41:20.348	ID:4	[WARN: IPv6 Route] No route found
41:20.348	ID:4	[WARN: IPv6 Route] No route found
41:20.362	ID:3	[WARN: IPv6 Route] No route found
41:20.362	ID:3	[WARN: IPv6 Route] No route found
41:20.377	ID:1	[DATA_RECV] TS=2479996 | SRC=4 | SEQ=248 | DELAY_MS=0
41:20.715	ID:5	[NODE_STAT] TS=2480001 | ID=5 | OF=0 | PRNT=4 | RANK=1024 | PCHG=2 | CPU=2480000000 | LPM=0 | TX=0 | RX=0
41:20.715	ID:5	[DATA_SEND] TS=2480001 | ID=5 | SEQ=247
41:20.715	ID:5	[WARN: IPv6 Route] No route found
41:20.715	ID:5	[WARN: IPv6 Route] No route found
41:20.745	ID:4	[WARN: IPv6 Route] No route found
41:20.745	ID:4	[WARN: IPv6 Route] No route found
41:20.751	ID:3	[WARN: IPv6 Route] No route found
41:20.751	ID:3	[WARN: IPv6 Route] No route found
41:20.778	ID:1	[DATA_RECV] TS=2480397 | SRC=5 | SEQ=247 | DELAY_MS=396
41:20.899	ID:3	[NODE_STAT] TS=2480001 | ID=3 | OF=0 | PRNT=1 | RANK=512 | PCHG=1 | CPU=2480000000 | LPM=0 | TX=0 | RX=0
41:20.899	ID:3	[DATA_SEND] TS=2480001 | ID=3 | SEQ=248
41:20.899	ID:3	[WARN: IPv6 Route] No route found
41:20.899	ID:3	[WARN: IPv6 Route] No route found
41:20.935	ID:1	[DATA_RECV] TS=2480554 | SRC=3 | SEQ=248 | DELAY_MS=553
41:30.236	ID:2	[NODE_STAT] TS=2490001 | ID=2 | OF=0 | PRNT=1 | RANK=1280 | PCHG=1 | CPU=2490000000 | LPM=0 | TX=0 | RX=0
41:30.236	ID:2	[DATA_SEND] TS=2490001 | ID=2 | SEQ=249
41:30.236	ID:2	[WARN: IPv6 Route] No route found
41:30.236	ID:2	[WARN: IPv6 Route] No route found
41:30.292	ID:1	[DATA_RECV] TS=2489911 | SRC=2 | SEQ=249 | DELAY_MS=0
41:30.348	ID:4	[NODE_STAT] TS=2490001 | ID=4 | OF=0 | PRNT=3 | RANK=768 | PCHG=1 | CPU=2490000000 | LPM=0 | TX=0 | RX=0
41:30.348	ID:4	[DATA_SEND] TS=2490001 | ID=4 | SEQ=249
41:30.348	ID:4	[WARN: IPv6 Route] No route found
41:30.348	ID:4	[WARN: IPv6 Route] No route found
41:30.367	ID:3	[WARN: IPv6 Route] No route found
41:30.367	ID:3	[WARN: IPv6 Route] No route found
41:30.394	ID:1	[DATA_RECV] TS=2490013 | SRC=4 | SEQ=249 | DELAY_MS=12
41:30.715	ID:5	[NODE_STAT] TS=2490001 | ID=5 | OF=0 | PRNT=4 | RANK=1024 | PCHG=2 | CPU=2490000000 | LPM=0 | TX=0 | RX=0
41:30.715	ID:5	[DATA_SEND] TS=2490001 | ID=5 | SEQ=248
41:30.715	ID:5	[WARN: IPv6 Route] No route found
41:30.715	ID:5	[WARN: IPv6 Route] No route found
41:30.760	ID:4	[WARN: IPv6 Route] No route found
41:30.760	ID:4	[WARN: IPv6 Route] No route found
41:30.777	ID:3	[WARN: IPv6 Route] No route found
41:30.777	ID:3	[WARN: IPv6 Route] No route found
41:30.812	ID:1	[DATA_RECV] TS=2490431 | SRC=5 | SEQ=248 | DELAY_MS=430
41:30.899	ID:3	[NODE_STAT] TS=2490001 | ID=3 | OF=0 | PRNT=1 | RANK=512 | PCHG=1 | CPU=2490000000 | LPM=0 | TX=0 | RX=0
41:30.899	ID:3	[DATA_SEND] TS=2490001 | ID=3 | SEQ=249
41:30.899	ID:3	[WARN: IPv6 Route] No route found
41:30.899	ID:3	[WARN: IPv6 Route] No route found
41:30.915	ID:1	[DATA_RECV] TS=2490534 | SRC=3 | SEQ=249 | DELAY_MS=533
41:40.236	ID:2	[NODE_STAT] TS=2500001 | ID=2 | OF=0 | PRNT=1 | RANK=1280 | PCHG=1 | CPU=2500000000 | LPM=0 | TX=0 | RX=0
41:40.236	ID:2	[DATA_SEND] TS=2500001 | ID=2 | SEQ=250
41:40.236	ID:2	[WARN: IPv6 Route] No route found
41:40.236	ID:2	[WARN: IPv6 Route] No route found
41:40.249	ID:1	[DATA_RECV] TS=2499868 | SRC=2 | SEQ=250 | DELAY_MS=0
41:40.348	ID:4	[NODE_STAT] TS=2500001 | ID=4 | OF=0 | PRNT=3 | RANK=768 | PCHG=1 | CPU=2500000000 | LPM=0 | TX=0 | RX=0
41:40.348	ID:4	[DATA_SEND] TS=2500001 | ID=4 | SEQ=250
41:40.348	ID:4	[WARN: IPv6 Route] No route found
41:40.348	ID:4	[WARN: IPv6 Route] No route found
41:40.386	ID:3	[WARN: IPv6 Route] No route found
41:40.386	ID:3	[WARN: IPv6 Route] No route found
41:40.427	ID:1	[DATA_RECV] TS=2500046 | SRC=4 | SEQ=250 | DELAY_MS=45
41:40.715	ID:5	[NODE_STAT] TS=2500001 | ID=5 | OF=0 | PRNT=4 | RANK=1024 | PCHG=2 | CPU=2500000000 | LPM=0 | TX=0 | RX=0
41:40.715	ID:5	[DATA_SEND] TS=2500001 | ID=5 | SEQ=249
41:40.715	ID:5	[WARN: IPv6 Route] No route found
41:40.715	ID:5	[WARN: IPv6 Route] No route found
41:40.746	ID:4	[WARN: IPv6 Route] No route found
41:40.746	ID:4	[WARN: IPv6 Route] No route found
41:40.768	ID:3	[WARN: IPv6 Route] No route found
41:40.768	ID:3	[WARN: IPv6 Route] No route found
41:40.788	ID:1	[DATA_RECV] TS=2500407 | SRC=5 | SEQ=249 | DELAY_MS=406
41:40.899	ID:3	[NODE_STAT] TS=2500001 | ID=3 | OF=0 | PRNT=1 | RANK=512 | PCHG=1 | CPU=2500000000 | LPM=0 | TX=0 | RX=0
41:40.899	ID:3	[DATA_SEND] TS=2500001 | ID=3 | SEQ=250
41:40.899	ID:3	[WARN: IPv6 Route] No route found
41:40.899	ID:3	[WARN: IPv6 Route] No route found
41:40.926	ID:1	[DATA_RECV] TS=2500545 | SRC=3 | SEQ=250 | DELAY_MS=544
41:50.236	ID:2	[NODE_STAT] TS=2510001 | ID=2 | OF=0 | PRNT=1 | RANK=1024 | PCHG=1 | CPU=2510000000 | LPM=0 | TX=0 | RX=0
41:50.236	ID:2	[DATA_SEND] TS=2510001 | ID=2 | SEQ=251
41:50.236	ID:2	[WARN: IPv6 Route] No route found
41:50.236	ID:2	[WARN: IPv6 Route] No route found
41:50.252	ID:1	[DATA_RECV] TS=2509871 | SRC=2 | SEQ=251 | DELAY_MS=0
41:50.348	ID:4	[NODE_STAT] TS=2510001 | ID=4 | OF=0 | PRNT=3 | RANK=768 | PCHG=1 | CPU=2510000000 | LPM=0 | TX=0 | RX=0
41:50.348	ID:4	[DATA_SEND] TS=2510001 | ID=4 | SEQ=251
41:50.348	ID:4	[WARN: IPv6 Route] No route found
41:50.348	ID:4	[WARN: IPv6 Route] No route found
41:50.367	ID:3	[WARN: IPv6 Route] No route found
41:50.367	ID:3	[WARN: IPv6 Route] No route found
41:50.408	ID:1	[DATA_RECV] TS=2510027 | SRC=4 | SEQ=251 | DELAY_MS=26
41:50.715	ID:5	[NODE_STAT] TS=2510001 | ID=5 | OF=0 | PRNT=4 | RANK=1024 | PCHG=2 | CPU=2510000000 | LPM=0 | TX=0 | RX=0
41:50.715	ID:5	[DATA_SEND] TS=2510001 | ID=5 | SEQ=250
41:50.715	ID:5	[WARN: IPv6 Route] No route found
41:50.715	ID:5	[WARN: IPv6 Route] No route found
41:50.721	ID:4	[WARN: IPv6 Route] No route found
41:50.721	ID:4	[WARN: IPv6 Route] No route found
41:50.744	ID:3	[WARN: IPv6 Route] No route found
41:50.744	ID:3	[WARN: IPv6 Route] No route found
41:50.756	ID:1	[DATA_RECV] TS=2510375 | SRC=5 | SEQ=250 | DELAY_MS=374
41:50.899	ID:3	[NODE_STAT] TS=2510001 | ID=3 | OF=0 | PRNT=1 | RANK=512 | PCHG=1 | CPU=2510000000 | LPM=0 | TX=0 | RX=0
41:50.899	ID:3	[DATA_SEND] TS=2510001 | ID=3 | SEQ=251
41:50.899	ID:3	[WARN: IPv6 Route] No route found
41:50.899	ID:3	[WARN: IPv6 Route] No route found
41:50.904	ID:1	[DATA_RECV] TS=2510523 | SRC=3 | SEQ=251 | DELAY_MS=522
42:00.236	ID:2	[NODE_STAT] TS=2520001 | ID=2 | OF=0 | PRNT=1 | RANK=1024 | PCHG=1 | CPU=2520000000 | LPM=0 | TX=0 | RX=0
42:00.236	ID:2	[DATA_SEND] TS=2520001 | ID=2 | SEQ=252
42:00.236	ID:2	[WARN: IPv6 Route] No route found
42:00.236	ID:2	[WARN: IPv6 Route] No route found
42:00.252	ID:1	[DATA_RECV] TS=2519871 | SRC=2 | SEQ=252 | DELAY_MS=0
42:00.348	ID:4	[NODE_STAT] TS=2520001 | ID=4 | OF=0 | PRNT=3 | RANK=768 | PCHG=1 | CPU=2520000000 | LPM=0 | TX=0 | RX=0
42:00.348	ID:4	[DATA_SEND] TS=2520001 | ID=4 | SEQ=252
42:00.348	ID:4	[WARN: IPv6 Route] No route found
42:00.348	ID:4	[WARN: IPv6 Route] No route found
42:00.371	ID:3	[WARN: IPv6 Route] No route found
42:00.371	ID:3	[WARN: IPv6 Route] No route found
42:00.403	ID:1	[DATA_RECV] TS=2520022 | SRC=4 | SEQ=252 | DELAY_MS=21
42:00.715	ID:5	[NODE_STAT] TS=2520001 | ID=5 | OF=0 | PRNT=4 | RANK=1024 | PCHG=2 | CPU=2520000000 | LPM=0 | TX=0 | RX=0
42:00.715	ID:5	[DATA_SEND] TS=2520001 | ID=5 | SEQ=251
42:00.715	ID:5	[WARN: IPv6 Route] No route found
42:00.715	ID:5	[WARN: IPv6 Route] No route found
42:00.735	ID:4	[WARN: IPv6 Route] No route found
42:00.735	ID:4	[WARN: IPv6 Route] No route found
42:00.778	ID:3	[WARN: IPv6 Route] No route found
42:00.778	ID:3	[WARN: IPv6 Route] No route found
42:00.800	ID:1	[DATA_RECV] TS=2520419 | SRC=5 | SEQ=251 | DELAY_MS=418
42:00.899	ID:3	[NODE_STAT] TS=2520001 | ID=3 | OF=0 | PRNT=1 | RANK=512 | PCHG=1 | CPU=2520000000 | LPM=0 | TX=0 | RX=0
42:00.899	ID:3	[DATA_SEND] TS=2520001 | ID=3 | SEQ=252
42:00.899	ID:3	[WARN: IPv6 Route] No route found
42:00.899	ID:3	[WARN: IPv6 Route] No route found
42:00.918	ID:1	[DATA_RECV] TS=2520537 | SRC=3 | SEQ=252 | DELAY_MS=536
42:10.236	ID:2	[NODE_STAT] TS=2530001 | ID=2 | OF=0 | PRNT=1 | RANK=1024 | PCHG=1 | CPU=2530000000 | LPM=0 | TX=0 | RX=0
42:10.236	ID:2	[DATA_SEND] TS=2530001 | ID=2 | SEQ=253
42:10.236	ID:2	[WARN: IPv6 Route] No route found
42:10.236	ID:2	[WARN: IPv6 Route] No route found
42:10.245	ID:1	[DATA_RECV] TS=2529864 | SRC=2 | SEQ=253 | DELAY_MS=0
42:10.348	ID:4	[NODE_STAT] TS=2530001 | ID=4 | OF=0 | PRNT=3 | RANK=768 | PCHG=1 | CPU=2530000000 | LPM=0 | TX=0 | RX=0
42:10.348	ID:4	[DATA_SEND] TS=2530001 | ID=4 | SEQ=253
42:10.348	ID:4	[WARN: IPv6 Route] No route found
42:10.348	ID:4	[WARN: IPv6 Route] No route found
42:10.387	ID:3	[WARN: IPv6 Route] No route found
42:10.387	ID:3	[WARN: IPv6 Route] No route found
42:10.401	ID:1	[DATA_RECV] TS=2530020 | SRC=4 | SEQ=253 | DELAY_MS=19
42:10.715	ID:5	[NODE_STAT] TS=2530001 | ID=5 | OF=0 | PRNT=4 | RANK=1024 | PCHG=2 | CPU=2530000000 | LPM=0 | TX=0 | RX=0
42:10.715	ID:5	[DATA_SEND] TS=2530001 | ID=5 | SEQ=252
42:10.715	ID:5	[WARN: IPv6 Route] No route found
42:10.715	ID:5	[WARN: IPv6 Route] No route found
42:10.759	ID:4	[WARN: IPv6 Route] No route found
42:10.759	ID:4	[WARN: IPv6 Route] No route found
42:10.802	ID:3	[WARN: IPv6 Route] No route found
42:10.802	ID:3	[WARN: IPv6 Route] No route found
42:10.847	ID:1	[DATA_RECV] TS=2530466 | SRC=5 | SEQ=252 | DELAY_MS=465
42:10.899	ID:3	[NODE_STAT] TS=2530001 | ID=3 | OF=0 | PRNT=1 | RANK=512 | PCHG=1 | CPU=2530000000 | LPM=0 | TX=0 | RX=0
42:10.899	ID:3	[DATA_SEND] TS=2530001 | ID=3 | SEQ=253
42:10.899	ID:3	[WARN: IPv6 Route] No route found
42:10.899	ID:3	[WARN: IPv6 Route] No route found
42:10.922	ID:1	[DATA_RECV] TS=2530541 | SRC=3 | SEQ=253 | DELAY_MS=540
42:20.236	ID:2	[NODE_STAT] TS=2540001 | ID=2 | OF=0 | PRNT=1 | RANK=1024 | PCHG=1 | CPU=2540000000 | LPM=0 | TX=0 | RX=0
42:20.236	ID:2	[DATA_SEND] TS=2540001 | ID=2 | SEQ=254
42:20.236	ID:2	[WARN: IPv6 Route] No route found
42:20.236	ID:2	[WARN: IPv6 Route] No route found
42:20.240	ID:1	[DATA_RECV] TS=2539859 | SRC=2 | SEQ=254 | DELAY_MS=0
42:20.348	ID:4	[NODE_STAT] TS=2540001 | ID=4 | OF=0 | PRNT=3 | RANK=768 | PCHG=1 | CPU=2540000000 | LPM=0 | TX=0 | RX=0
42:20.348	ID:4	[DATA_SEND] TS=2540001 | ID=4 | SEQ=254
42:20.348	ID:4	[WARN: IPv6 Route] No route found
42:20.348	ID:4	[WARN: IPv6 Route] No route found
42:20.377	ID:3	[WARN: IPv6 Route] No route found
42:20.377	ID:3	[WARN: IPv6 Route] No route found
42:20.416	ID:1	[DATA_RECV] TS=2540035 | SRC=4 | SEQ=254 | DELAY_MS=34
42:20.715	ID:5	[NODE_STAT] TS=2540001 | ID=5 | OF=0 | PRNT=4 | RANK=1024 | PCHG=2 | CPU=2540000000 | LPM=0 | TX=0 | RX=0
42:20.715	ID:5	[DATA_SEND] TS=2540001 | ID=5 | SEQ=253
42:20.715	ID:5	[WARN: IPv6 Route] No route found
42:20.715	ID:5	[WARN: IPv6 Route] No route found
42:20.733	ID:4	[WARN: IPv6 Route] No route found
42:20.733	ID:4	[WARN: IPv6 Route] No route found
42:20.759	ID:3	[WARN: IPv6 Route] No route found
42:20.759	ID:3	[WARN: IPv6 Route] No route found
42:20.798	ID:1	[DATA_RECV] TS=2540417 | SRC=5 | SEQ=253 | DELAY_MS=416
42:20.899	ID:3	[NODE_STAT] TS=2540001 | ID=3 | OF=0 | PRNT=1 | RANK=512 | PCHG=1 | CPU=2540000000 | LPM=0 | TX=0 | RX=0
42:20.899	ID:3	[DATA_SEND] TS=2540001 | ID=3 | SEQ=254
42:20.899	ID:3	[WARN: IPv6 Route] No route found
42:20.899	ID:3	[WARN: IPv6 Route] No route found
42:20.911	ID:1	[DATA_RECV] TS=2540530 | SRC=3 | SEQ=254 | DELAY_MS=529
42:30.236	ID:2	[NODE_STAT] TS=2550001 | ID=2 | OF=0 | PRNT=1 | RANK=768 | PCHG=1 | CPU=2550000000 | LPM=0 | TX=0 | RX=0
42:30.236	ID:2	[DATA_SEND] TS=2550001 | ID=2 | SEQ=255
42:30.236	ID:2	[WARN: IPv6 Route] No route found
42:30.236	ID:2	[WARN: IPv6 Route] No route found
42:30.283	ID:1	[DATA_RECV] TS=2549902 | SRC=2 | SEQ=255 | DELAY_MS=0
42:30.348	ID:4	[NODE_STAT] TS=2550001 | ID=4 | OF=0 | PRNT=3 | RANK=768 | PCHG=1 | CPU=2550000000 | LPM=0 | TX=0 | RX=0
42:30.348	ID:4	[DATA_SEND] TS=2550001 | ID=4 | SEQ=255
42:30.348	ID:4	[WARN: IPv6 Route] No route found
42:30.348	ID:4	[WARN: IPv6 Route] No route found
42:30.361	ID:3	[WARN: IPv6 Route] No route found
42:30.361	ID:3	[WARN: IPv6 Route] No route found
42:30.400	ID:1	[DATA_RECV] TS=2550019 | SRC=4 | SEQ=255 | DELAY_MS=18
42:30.715	ID:5	[NODE_STAT] TS=2550001 | ID=5 | OF=0 | PRNT=4 | RANK=1024 | PCHG=2 | CPU=2550000000 | LPM=0 | TX=0 | RX=0
42:30.715	ID:5	[DATA_SEND] TS=2550001 | ID=5 | SEQ=254
42:30.715	ID:5	[WARN: IPv6 Route] No route found
42:30.715	ID:5	[WARN: IPv6 Route] No route found
42:30.726	ID:4	[WARN: IPv6 Route] No route found
42:30.726	ID:4	[WARN: IPv6 Route] No route found
42:30.738	ID:3	[WARN: IPv6 Route] No route found
42:30.738	ID:3	[WARN: IPv6 Route] No route found
42:30.774	ID:1	[DATA_RECV] TS=2550393 | SRC=5 | SEQ=254 | DELAY_MS=392
42:30.899	ID:3	[NODE_STAT] TS=2550001 | ID=3 | OF=0 | PRNT=1 | RANK=512 | PCHG=1 | CPU=2550000000 | LPM=0 | TX=0 | RX=0
42:30.899	ID:3	[DATA_SEND] TS=2550001 | ID=3 | SEQ=255
42:30.899	ID:3	[WARN: IPv6 Route] No route found
42:30.899	ID:3	[WARN: IPv6 Route] No route found
42:30.929	ID:1	[DATA_RECV] TS=2550548 | SRC=3 | SEQ=255 | DELAY_MS=547
42:40.236	ID:2	[NODE_STAT] TS=2560001 | ID=2 | OF=0 | PRNT=1 | RANK=1024 | PCHG=1 | CPU=2560000000 | LPM=0 | TX=0 | RX=0
42:40.236	ID:2	[DATA_SEND] TS=2560001 | ID=2 | SEQ=256
42:40.236	ID:2	[WARN: IPv6 Route] No route found
42:40.236	ID:2	[WARN: IPv6 Route] No route found
42:40.263	ID:1	[DATA_RECV] TS=2559882 | SRC=2 | SEQ=256 | DELAY_MS=0
42:40.348	ID:4	[NODE_STAT] TS=2560001 | ID=4 | OF=0 | PRNT=3 | RANK=768 | PCHG=1 | CPU=2560000000 | LPM=0 | TX=0 | RX=0
42:40.348	ID:4	[DATA_SEND] TS=2560001 | ID=4 | SEQ=256
42:40.348	ID:4	[WARN: IPv6 Route] No route found
42:40.348	ID:4	[WARN: IPv6 Route] No route found
42:40.379	ID:3	[WARN: IPv6 Route] No route found
42:40.379	ID:3	[WARN: IPv6 Route] No route found
42:40.412	ID:1	[DATA_RECV] TS=2560031 | SRC=4 | SEQ=256 | DELAY_MS=30
42:40.715	ID:5	[NODE_STAT] TS=2560001 | ID=5 | OF=0 | PRNT=4 | RANK=1024 | PCHG=2 | CPU=2560000000 | LPM=0 | TX=0 | RX=0
42:40.715	ID:5	[DATA_SEND] TS=2560001 | ID=5 | SEQ=255
42:40.715	ID:5	[WARN: IPv6 Route] No route found
42:40.715	ID:5	[WARN: IPv6 Route] No route found
42:40.740	ID:4	[WARN: IPv6 Route] No route found
42:40.740	ID:4	[WARN: IPv6 Route] No route found
42:40.749	ID:3	[WARN: IPv6 Route] No route found
42:40.749	ID:3	[WARN: IPv6 Route] No route found
42:40.782	ID:1	[DATA_RECV] TS=2560401 | SRC=5 | SEQ=255 | DELAY_MS=400
42:40.899	ID:3	[NODE_STAT] TS=2560001 | ID=3 | OF=0 | PRNT=1 | RANK=512 | PCHG=1 | CPU=2560000000 | LPM=0 | TX=0 | RX=0
42:40.899	ID:3	[DATA_SEND] TS=2560001 | ID=3 | SEQ=256
42:40.899	ID:3	[WARN: IPv6 Route] No route found
42:40.899	ID:3	[WARN: IPv6 Route] No route found
42:40.907	ID:1	[DATA_RECV] TS=2560526 | SRC=3 | SEQ=256 | DELAY_MS=525
42:50.236	ID:2	[NODE_STAT] TS=2570001 | ID=2 | OF=0 | PRNT=1 | RANK=1024 | PCHG=1 | CPU=2570000000 | LPM=0 | TX=0 | RX=0
42:50.236	ID:2	[DATA_SEND] TS=2570001 | ID=2 | SEQ=257
42:50.236	ID:2	[WARN: IPv6 Route] No route found
42:50.236	ID:2	[WARN: IPv6 Route] No route found
42:50.348	ID:4	[NODE_STAT] TS=2570001 | ID=4 | OF=0 | PRNT=3 | RANK=768 | PCHG=1 | CPU=2570000000 | LPM=0 | TX=0 | RX=0
42:50.348	ID:4	[DATA_SEND] TS=2570001 | ID=4 | SEQ=257
42:50.348	ID:4	[WARN: IPv6 Route] No route found
42:50.348	ID:4	[WARN: IPv6 Route] No route found
42:50.387	ID:3	[WARN: IPv6 Route] No route found
42:50.387	ID:3	[WARN: IPv6 Route] No route found
42:50.401	ID:1	[DATA_RECV] TS=2570020 | SRC=4 | SEQ=257 | DELAY_MS=19
42:50.414	ID:1	[DATA_RECV] TS=2570033 | SRC=2 | SEQ=257 | DELAY_MS=32
42:50.715	ID:5	[NODE_STAT] TS=2570001 | ID=5 | OF=0 | PRNT=4 | RANK=1024 | PCHG=2 | CPU=2570000000 | LPM=0 | TX=0 | RX=0
42:50.715	ID:5	[DATA_SEND] TS=2570001 | ID=5 | SEQ=256
42:50.715	ID:5	[WARN: IPv6 Route] No route found
42:50.715	ID:5	[WARN: IPv6 Route] No route found
42:50.745	ID:4	[WARN: IPv6 Route] No route found
42:50.745	ID:4	[WARN: IPv6 Route] No route found
42:50.777	ID:3	[WARN: IPv6 Route] No route found
42:50.777	ID:3	[WARN: IPv6 Route] No route found
42:50.798	ID:1	[DATA_RECV] TS=2570417 | SRC=5 | SEQ=256 | DELAY_MS=416
42:50.899	ID:3	[NODE_STAT] TS=2570001 | ID=3 | OF=0 | PRNT=1 | RANK=512 | PCHG=1 | CPU=2570000000 | LPM=0 | TX=0 | RX=0
42:50.899	ID:3	[DATA_SEND] TS=2570001 | ID=3 | SEQ=257
42:50.899	ID:3	[WARN: IPv6 Route] No route found
42:50.899	ID:3	[WARN: IPv6 Route] No route found
42:50.920	ID:1	[DATA_RECV] TS=2570539 | SRC=3 | SEQ=257 | DELAY_MS=538
43:00.236	ID:2	[NODE_STAT] TS=2580001 | ID=2 | OF=0 | PRNT=1 | RANK=1280 | PCHG=1 | CPU=2580000000 | LPM=0 | TX=0 | RX=0
43:00.236	ID:2	[DATA_SEND] TS=2580001 | ID=2 | SEQ=258
43:00.236	ID:2	[WARN: IPv6 Route] No route found
43:00.236	ID:2	[WARN: IPv6 Route] No route found
43:00.269	ID:1	[DATA_RECV] TS=2579888 | SRC=2 | SEQ=258 | DELAY_MS=0
43:00.348	ID:4	[NODE_STAT] TS=2580001 | ID=4 | OF=0 | PRNT=3 | RANK=768 | PCHG=1 | CPU=2580000000 | LPM=0 | TX=0 | RX=0
43:00.348	ID:4	[DATA_SEND] TS=2580001 | ID=4 | SEQ=258
43:00.348	ID:4	[WARN: IPv6 Route] No route found
43:00.348	ID:4	[WARN: IPv6 Route] No route found
43:00.384	ID:3	[WARN: IPv6 Route] No route found
43:00.384	ID:3	[WARN: IPv6 Route] No route found
43:00.427	ID:1	[DATA_RECV] TS=2580046 | SRC=4 | SEQ=258 | DELAY_MS=45
43:00.715	ID:5	[NODE_STAT] TS=2580001 | ID=5 | OF=0 | PRNT=4 | RANK=1024 | PCHG=2 | CPU=2580000000 | LPM=0 | TX=0 | RX=0
43:00.715	ID:5	[DATA_SEND] TS=2580001 | ID=5 | SEQ=257
43:00.715	ID:5	[WARN: IPv6 Route] No route found
43:00.715	ID:5	[WARN: IPv6 Route] No route found
43:00.729	ID:4	[WARN: IPv6 Route] No route found
43:00.729	ID:4	[WARN: IPv6 Route] No route found
43:00.736	ID:3	[WARN: IPv6 Route] No route found
43:00.736	ID:3	[WARN: IPv6 Route] No route found
43:00.775	ID:1	[DATA_RECV] TS=2580394 | SRC=5 | SEQ=257 | DELAY_MS=393
43:00.899	ID:3	[NODE_STAT] TS=2580001 | ID=3 | OF=0 | PRNT=1 | RANK=512 | PCHG=1 | CPU=2580000000 | LPM=0 | TX=0 | RX=0
43:00.899	ID:3	[DATA_SEND] TS=2580001 | ID=3 | SEQ=258
43:00.899	ID:3	[WARN: IPv6 Route] No route found
43:00.899	ID:3	[WARN: IPv6 Route] No route found
43:00.927	ID:1	[DATA_RECV] TS=2580546 | SRC=3 | SEQ=258 | DELAY_MS=545
43:10.236	ID:2	[NODE_STAT] TS=2590001 | ID=2 | OF=0 | PRNT=1 | RANK=1280 | PCHG=1 | CPU=2590000000 | LPM=0 | TX=0 | RX=0
43:10.236	ID:2	[DATA_SEND] TS=2590001 | ID=2 | SEQ=259
43:10.236	ID:2	[WARN: IPv6 Route] No route found
43:10.236	ID:2	[WARN: IPv6 Route] No route found
43:10.251	ID:1	[DATA_RECV] TS=2589870 | SRC=2 | SEQ=259 | DELAY_MS=0
43:10.348	ID:4	[NODE_STAT] TS=2590001 | ID=4 | OF=0 | PRNT=3 | RANK=768 | PCHG=1 | CPU=2590000000 | LPM=0 | TX=0 | RX=0
43:10.348	ID:4	[DATA_SEND] TS=2590001 | ID=4 | SEQ=259
43:10.348	ID:4	[WARN: IPv6 Route] No route found
43:10.348	ID:4	[WARN: IPv6 Route] No route found
43:10.360	ID:3	[WARN: IPv6 Route] No route found
43:10.360	ID:3	[WARN: IPv6 Route] No route found
43:10.373	ID:1	[DATA_RECV] TS=2589992 | SRC=4 | SEQ=259 | DELAY_MS=0
43:10.715	ID:5	[NODE_STAT] TS=2590001 | ID=5 | OF=0 | PRNT=4 | RANK=1024 | PCHG=2 | CPU=2590000000 | LPM=0 | TX=0 | RX=0
43:10.715	ID:5	[DATA_SEND] TS=2590001 | ID=5 | SEQ=258
43:10.715	ID:5	[WARN: IPv6 Route] No route found
43:10.715	ID:5	[WARN: IPv6 Route] No route found
43:10.728	ID:4	[WARN: IPv6 Route] No route found
43:10.728	ID:4	[WARN: IPv6 Route] No route found
43:10.760	ID:3	[WARN: IPv6 Route] No route found
43:10.760	ID:3	[WARN: IPv6 Route] No route found
43:10.791	ID:1	[DATA_RECV] TS=2590410 | SRC=5 | SEQ=258 | DELAY_MS=409
43:10.899	ID:3	[NODE_STAT] TS=2590001 | ID=3 | OF=0 | PRNT=1 | RANK=512 | PCHG=1 | CPU=2590000000 | LPM=0 | TX=0 | RX=0
43:10.899	ID:3	[DATA_SEND] TS=2590001 | ID=3 | SEQ=259
43:10.899	ID:3	[WARN: IPv6 Route] No route found
43:10.899	ID:3	[WARN: IPv6 Route] No route found
43:10.905	ID:1	[DATA_RECV] TS=2590524 | SRC=3 | SEQ=259 | DELAY_MS=523
43:20.236	ID:2	[NODE_STAT] TS=2600001 | ID=2 | OF=0 | PRNT=1 | RANK=1024 | PCHG=1 | CPU=2600000000 | LPM=0 | TX=0 | RX=0
43:20.236	ID:2	[DATA_SEND] TS=2600001 | ID=2 | SEQ=260
43:20.236	ID:2	[WARN: IPv6 Route] No route found
43:20.236	ID:2	[WARN: IPv6 Route] No route found
43:20.319	ID:1	[DATA_RECV] TS=2599938 | SRC=2 | SEQ=260 | DELAY_MS=0
43:20.348	ID:4	[NODE_STAT] TS=2600001 | ID=4 | OF=0 | PRNT=3 | RANK=768 | PCHG=1 | CPU=2600000000 | LPM=0 | TX=0 | RX=0
43:20.348	ID:4	[DATA_SEND] TS=2600001 | ID=4 | SEQ=260
43:20.348	ID:4	[WARN: IPv6 Route] No route found
43:20.348	ID:4	[WARN: IPv6 Route] No route found
43:20.365	ID:3	[WARN: IPv6 Route] No route found
43:20.365	ID:3	[WARN: IPv6 Route] No route found
43:20.374	ID:1	[DATA_RECV] TS=2599993 | SRC=4 | SEQ=260 | DELAY_MS=0
43:20.715	ID:5	[NODE_STAT] TS=2600001 | ID=5 | OF=0 | PRNT=4 | RANK=1024 | PCHG=2 | CPU=2600000000 | LPM=0 | TX=0 | RX=0
43:20.715	ID:5	[DATA_SEND] TS=2600001 | ID=5 | SEQ=259
43:20.715	ID:5	[WARN: IPv6 Route] No route found
43:20.715	ID:5	[WARN: IPv6 Route] No route found
43:20.760	ID:4	[WARN: IPv6 Route] No route found
43:20.760	ID:4	[WARN: IPv6 Route] No route found
43:20.783	ID:3	[WARN: IPv6 Route] No route found
43:20.783	ID:3	[WARN: IPv6 Route] No route found
43:20.808	ID:1	[DATA_RECV] TS=2600427 | SRC=5 | SEQ=259 | DELAY_MS=426
43:20.899	ID:3	[NODE_STAT] TS=2600001 | ID=3 | OF=0 | PRNT=1 | RANK=512 | PCHG=1 | CPU=2600000000 | LPM=0 | TX=0 | RX=0
43:20.899	ID:3	[DATA_SEND] TS=2600001 | ID=3 | SEQ=260
43:20.899	ID:3	[WARN: IPv6 Route] No route found
43:20.899	ID:3	[WARN: IPv6 Route] No route found
43:20.941	ID:1	[DATA_RECV] TS=2600560 | SRC=3 | SEQ=260 | DELAY_MS=559
43:30.236	ID:2	[NODE_STAT] TS=2610001 | ID=2 | OF=0 | PRNT=1 | RANK=1024 | PCHG=1 | CPU=2610000000 | LPM=0 | TX=0 | RX=0
43:30.236	ID:2	[DATA_SEND] TS=2610001 | ID=2 | SEQ=261
43:30.236	ID:2	[WARN: IPv6 Route] No route found
43:30.236	ID:2	[WARN: IPv6 Route] No route found
43:30.252	ID:1	[DATA_RECV] TS=2609871 | SRC=2 | SEQ=261 | DELAY_MS=0
43:30.348	ID:4	[NODE_STAT] TS=2610001 | ID=4 | OF=0 | PRNT=3 | RANK=768 | PCHG=1 | CPU=2610000000 | LPM=0 | TX=0 | RX=0
43:30.348	ID:4	[DATA_SEND] TS=2610001 | ID=4 | SEQ=261
43:30.348	ID:4	[WARN: IPv6 Route] No route found
43:30.348	ID:4	[WARN: IPv6 Route] No route found
43:30.359	ID:3	[WARN: IPv6 Route] No route found
43:30.359	ID:3	[WARN: IPv6 Route] No route found
43:30.378	ID:1	[DATA_RECV] TS=2609997 | SRC=4 | SEQ=261 | DELAY_MS=0
43:30.715	ID:5	[NODE_STAT] TS=2610001 | ID=5 | OF=0 | PRNT=4 | RANK=1024 | PCHG=2 | CPU=2610000000 | LPM=0 | TX=0 | RX=0
43:30.715	ID:5	[DATA_SEND] TS=2610001 | ID=5 | SEQ=260
43:30.715	ID:5	[WARN: IPv6 Route] No route found
43:30.715	ID:5	[WARN: IPv6 Route] No route found
43:30.739	ID:4	[WARN: IPv6 Route] No route found
43:30.739	ID:4	[WARN: IPv6 Route] No route found
43:30.782	ID:3	[WARN: IPv6 Route] No route found
43:30.782	ID:3	[WARN: IPv6 Route] No route found
43:30.810	ID:1	[DATA_RECV] TS=2610429 | SRC=5 | SEQ=260 | DELAY_MS=428
43:30.899	ID:3	[NODE_STAT] TS=2610001 | ID=3 | OF=0 | PRNT=1 | RANK=512 | PCHG=1 | CPU=2610000000 | LPM=0 | TX=0 | RX=0
43:30.899	ID:3	[DATA_SEND] TS=2610001 | ID=3 | SEQ=261
43:30.899	ID:3	[WARN: IPv6 Route] No route found
43:30.899	ID:3	[WARN: IPv6 Route] No route found
43:30.912	ID:1	[DATA_RECV] TS=2610531 | SRC=3 | SEQ=261 | DELAY_MS=530
43:40.236	ID:2	[NODE_STAT] TS=2620001 | ID=2 | OF=0 | PRNT=1 | RANK=1024 | PCHG=1 | CPU=2620000000 | LPM=0 | TX=0 | RX=0
43:40.236	ID:2	[DATA_SEND] TS=2620001 | ID=2 | SEQ=262
43:40.236	ID:2	[WARN: IPv6 Route] No route found
43:40.236	ID:2	[WARN: IPv6 Route] No route found
43:40.336	ID:1	[DATA_RECV] TS=2619955 | SRC=2 | SEQ=262 | DELAY_MS=0
43:40.348	ID:4	[NODE_STAT] TS=2620001 | ID=4 | OF=0 | PRNT=3 | RANK=768 | PCHG=1 | CPU=2620000000 | LPM=0 | TX=0 | RX=0
43:40.348	ID:4	[DATA_SEND] TS=2620001 | ID=4 | SEQ=262
43:40.348	ID:4	[WARN: IPv6 Route] No route found
43:40.348	ID:4	[WARN: IPv6 Route] No route found
43:40.374	ID:3	[WARN: IPv6 Route] No route found
43:40.374	ID:3	[WARN: IPv6 Route] No route found
43:40.412	ID:1	[DATA_RECV] TS=2620031 | SRC=4 | SEQ=262 | DELAY_MS=30
43:40.715	ID:5	[NODE_STAT] TS=2620001 | ID=5 | OF=0 | PRNT=4 | RANK=1024 | PCHG=2 | CPU=2620000000 | LPM=0 | TX=0 | RX=0
43:40.715	ID:5	[DATA_SEND] TS=2620001 | ID=5 | SEQ=261
43:40.715	ID:5	[WARN: IPv6 Route] No route found
43:40.715	ID:5	[WARN: IPv6 Route] No route found
43:40.745	ID:4	[WARN: IPv6 Route] No route found
43:40.745	ID:4	[WARN: IPv6 Route] No route found
43:40.766	ID:3	[WARN: IPv6 Route] No route found
43:40.766	ID:3	[WARN: IPv6 Route] No route found
43:40.789	ID:1	[DATA_RECV] TS=2620408 | SRC=5 | SEQ=261 | DELAY_MS=407
43:40.899	ID:3	[NODE_STAT] TS=2620001 | ID=3 | OF=0 | PRNT=1 | RANK=512 | PCHG=1 | CPU=2620000000 | LPM=0 | TX=0 | RX=0
43:40.899	ID:3	[DATA_SEND] TS=2620001 | ID=3 | SEQ=262
43:40.899	ID:3	[WARN: IPv6 Route] No route found
43:40.899	ID:3	[WARN: IPv6 Route] No route found
43:40.939	ID:1	[DATA_RECV] TS=2620558 | SRC=3 | SEQ=262 | DELAY_MS=557
43:50.236	ID:2	[NODE_STAT] TS=2630001 | ID=2 | OF=0 | PRNT=1 | RANK=1024 | PCHG=1 | CPU=2630000000 | LPM=0 | TX=0 | RX=0
43:50.236	ID:2	[DATA_SEND] TS=2630001 | ID=2 | SEQ=263
43:50.236	ID:2	[WARN: IPv6 Route] No route found
43:50.236	ID:2	[WARN: IPv6 Route] No route found
43:50.285	ID:1	[DATA_RECV] TS=2629904 | SRC=2 | SEQ=263 | DELAY_MS=0
43:50.348	ID:4	[NODE_STAT] TS=2630001 | ID=4 | OF=0 | PRNT=3 | RANK=768 | PCHG=1 | CPU=2630000000 | LPM=0 | TX=0 | RX=0
43:50.348	ID:4	[DATA_SEND] TS=2630001 | ID=4 | SEQ=263
43:50.348	ID:4	[WARN: IPv6 Route] No route found
43:50.348	ID:4	[WARN: IPv6 Route] No route found
43:50.367	ID:3	[WARN: IPv6 Route] No route found
43:50.367	ID:3	[WARN: IPv6 Route] No route found
43:50.387	ID:1	[DATA_RECV] TS=2630006 | SRC=4 | SEQ=263 | DELAY_MS=5
43:50.715	ID:5	[NODE_STAT] TS=2630001 | ID=5 | OF=0 | PRNT=4 | RANK=1024 | PCHG=2 | CPU=2630000000 | LPM=0 | TX=0 | RX=0
43:50.715	ID:5	[DATA_SEND] TS=2630001 | ID=5 | SEQ=262
43:50.715	ID:5	[WARN: IPv6 Route] No route found
43:50.715	ID:5	[WARN: IPv6 Route] No route found
43:50.735	ID:4	[WARN: IPv6 Route] No route found
43:50.735	ID:4	[WARN: IPv6 Route] No route found
43:50.751	ID:3	[WARN: IPv6 Route] No route found
43:50.751	ID:3	[WARN: IPv6 Route] No route found
43:50.784	ID:1	[DATA_RECV] TS=2630403 | SRC=5 | SEQ=262 | DELAY_MS=402
43:50.899	ID:3	[NODE_STAT] TS=2630001 | ID=3 | OF=0 | PRNT=1 | RANK=512 | PCHG=1 | CPU=2630000000 | LPM=0 | TX=0 | RX=0
43:50.899	ID:3	[DATA_SEND] TS=2630001 | ID=3 | SEQ=263
43:50.899	ID:3	[WARN: IPv6 Route] No route found
43:50.899	ID:3	[WARN: IPv6 Route] No route found
43:50.923	ID:1	[DATA_RECV] TS=2630542 | SRC=3 | SEQ=263 | DELAY_MS=541
44:00.236	ID:2	[NODE_STAT] TS=2640001 | ID=2 | OF=0 | PRNT=1 | RANK=1024 | PCHG=1 | CPU=2640000000 | LPM=0 | TX=0 | RX=0
44:00.236	ID:2	[DATA_SEND] TS=2640001 | ID=2 | SEQ=264
44:00.236	ID:2	[WARN: IPv6 Route] No route found
44:00.236	ID:2	[WARN: IPv6 Route] No route found
44:00.330	ID:1	[DATA_RECV] TS=2639949 | SRC=2 | SEQ=264 | DELAY_MS=0
44:00.348	ID:4	[NODE_STAT] TS=2640001 | ID=4 | OF=0 | PRNT=3 | RANK=768 | PCHG=1 | CPU=2640000000 | LPM=0 | TX=0 | RX=0
44:00.348	ID:4	[DATA_SEND] TS=2640001 | ID=4 | SEQ=264
44:00.348	ID:4	[WARN: IPv6 Route] No route found
44:00.348	ID:4	[WARN: IPv6 Route] No route found
44:00.364	ID:3	[WARN: IPv6 Route] No route found
44:00.364	ID:3	[WARN: IPv6 Route] No route found
44:00.400	ID:1	[DATA_RECV] TS=2640019 | SRC=4 | SEQ=264 | DELAY_MS=18
44:00.715	ID:5	[NODE_STAT] TS=2640001 | ID=5 | OF=0 | PRNT=4 | RANK=1024 | PCHG=2 | CPU=2640000000 | LPM=0 | TX=0 | RX=0
44:00.715	ID:5	[DATA_SEND] TS=2640001 | ID=5 | SEQ=263
44:00.715	ID:5	[WARN: IPv6 Route] No route found
44:00.715	ID:5	[WARN: IPv6 Route] No route found
44:00.728	ID:4	[WARN: IPv6 Route] No route found
44:00.728	ID:4	[WARN: IPv6 Route] No route found
44:00.763	ID:3	[WARN: IPv6 Route] No route found
44:00.763	ID:3	[WARN: IPv6 Route] No route found
44:00.802	ID:1	[DATA_RECV] TS=2640421 | SRC=5 | SEQ=263 | DELAY_MS=420
44:00.899	ID:3	[NODE_STAT] TS=2640001 | ID=3 | OF=0 | PRNT=1 | RANK=512 | PCHG=1 | CPU=2640000000 | LPM=0 | TX=0 | RX=0
44:00.899	ID:3	[DATA_SEND] TS=2640001 | ID=3 | SEQ=264
44:00.899	ID:3	[WARN: IPv6 Route] No route found
44:00.899	ID:3	[WARN: IPv6 Route] No route found
44:00.924	ID:1	[DATA_RECV] TS=2640543 | SRC=3 | SEQ=264 | DELAY_MS=542
44:10.236	ID:2	[NODE_STAT] TS=2650001 | ID=2 | OF=0 | PRNT=1 | RANK=1280 | PCHG=1 | CPU=2650000000 | LPM=0 | TX=0 | RX=0
44:10.236	ID:2	[DATA_SEND] TS=2650001 | ID=2 | SEQ=265
44:10.236	ID:2	[WARN: IPv6 Route] No route found
44:10.236	ID:2	[WARN: IPv6 Route] No route found
44:10.284	ID:1	[DATA_RECV] TS=2649903 | SRC=2 | SEQ=265 | DELAY_MS=0
44:10.348	ID:4	[NODE_STAT] TS=2650001 | ID=4 | OF=0 | PRNT=3 | RANK=768 | PCHG=1 | CPU=2650000000 | LPM=0 | TX=0 | RX=0
44:10.348	ID:4	[DATA_SEND] TS=2650001 | ID=4 | SEQ=265
44:10.348	ID:4	[WARN: IPv6 Route] No route found
44:10.348	ID:4	[WARN: IPv6 Route] No route found
44:10.377	ID:3	[WARN: IPv6 Route] No route found
44:10.377	ID:3	[WARN: IPv6 Route] No route found
44:10.402	ID:1	[DATA_RECV] TS=2650021 | SRC=4 | SEQ=265 | DELAY_MS=20
44:10.715	ID:5	[NODE_STAT] TS=2650001 | ID=5 | OF=0 | PRNT=4 | RANK=1024 | PCHG=2 | CPU=2650000000 | LPM=0 | TX=0 | RX=0
44:10.715	ID:5	[DATA_SEND] TS=2650001 | ID=5 | SEQ=264
44:10.715	ID:5	[WARN: IPv6 Route] No route found
44:10.715	ID:5	[WARN: IPv6 Route] No route found
44:10.722	ID:4	[WARN: IPv6 Route] No route found
44:10.722	ID:4	[WARN: IPv6 Route] No route found
44:10.735	ID:3	[WARN: IPv6 Route] No route found
44:10.735	ID:3	[WARN: IPv6 Route] No route found
44:10.776	ID:1	[DATA_RECV] TS=2650395 | SRC=5 | SEQ=264 | DELAY_MS=394
44:10.899	ID:3	[NODE_STAT] TS=2650001 | ID=3 | OF=0 | PRNT=1 | RANK=512 | PCHG=1 | CPU=2650000000 | LPM=0 | TX=0 | RX=0
44:10.899	ID:3	[DATA_SEND] TS=2650001 | ID=3 | SEQ=265
44:10.899	ID:3	[WARN: IPv6 Route] No route found
44:10.899	ID:3	[WARN: IPv6 Route] No route found
44:10.933	ID:1	[DATA_RECV] TS=2650552 | SRC=3 | SEQ=265 | DELAY_MS=551
44:20.236	ID:2	[NODE_STAT] TS=2660001 | ID=2 | OF=0 | PRNT=1 | RANK=1280 | PCHG=1 | CPU=2660000000 | LPM=0 | TX=0 | RX=0
44:20.236	ID:2	[DATA_SEND] TS=2660001 | ID=2 | SEQ=266
44:20.236	ID:2	[WARN: IPv6 Route] No route found
44:20.236	ID:2	[WARN: IPv6 Route] No route found
44:20.297	ID:1	[DATA_RECV] TS=2659916 | SRC=2 | SEQ=266 | DELAY_MS=0
44:20.348	ID:4	[NODE_STAT] TS=2660001 | ID=4 | OF=0 | PRNT=3 | RANK=768 | PCHG=1 | CPU=2660000000 | LPM=0 | TX=0 | RX=0
44:20.348	ID:4	[DATA_SEND] TS=2660001 | ID=4 | SEQ=266
44:20.348	ID:4	[WARN: IPv6 Route] No route found
44:20.348	ID:4	[WARN: IPv6 Route] No route found
44:20.353	ID:3	[WARN: IPv6 Route] No route found
44:20.353	ID:3	[WARN: IPv6 Route] No route found
44:20.383	ID:1	[DATA_RECV] TS=2660002 | SRC=4 | SEQ=266 | DELAY_MS=1
44:20.715	ID:5	[NODE_STAT] TS=2660001 | ID=5 | OF=0 | PRNT=4 | RANK=1024 | PCHG=2 | CPU=2660000000 | LPM=0 | TX=0 | RX=0
44:20.715	ID:5	[DATA_SEND] TS=2660001 | ID=5 | SEQ=265
44:20.715	ID:5	[WARN: IPv6 Route] No route found
44:20.715	ID:5	[WARN: IPv6 Route] No route found
44:20.742	ID:4	[WARN: IPv6 Route] No route found
44:20.742	ID:4	[WARN: IPv6 Route] No route found
44:20.784	ID:3	[WARN: IPv6 Route] No route found
44:20.784	ID:3	[WARN: IPv6 Route] No route found
44:20.825	ID:1	[DATA_RECV] TS=2660444 | SRC=5 | SEQ=265 | DELAY_MS=443
44:20.899	ID:3	[NODE_STAT] TS=2660001 | ID=3 | OF=0 | PRNT=1 | RANK=512 | PCHG=1 | CPU=2660000000 | LPM=0 | TX=0 | RX=0
44:20.899	ID:3	[DATA_SEND] TS=2660001 | ID=3 | SEQ=266
44:20.899	ID:3	[WARN: IPv6 Route] No route found
44:20.899	ID:3	[WARN: IPv6 Route] No route found
44:20.915	ID:1	[DATA_RECV] TS=2660534 | SRC=3 | SEQ=266 | DELAY_MS=533
44:30.236	ID:2	[NODE_STAT] TS=2670001 | ID=2 | OF=0 | PRNT=1 | RANK=1536 | PCHG=1 | CPU=2670000000 | LPM=0 | TX=0 | RX=0
44:30.236	ID:2	[DATA_SEND] TS=2670001 | ID=2 | SEQ=267
44:30.236	ID:2	[WARN: IPv6 Route] No route found
44:30.236	ID:2	[WARN: IPv6 Route] No route found
44:30.278	ID:1	[DATA_RECV] TS=2669897 | SRC=2 | SEQ=267 | DELAY_MS=0
44:30.348	ID:4	[NODE_STAT] TS=2670001 | ID=4 | OF=0 | PRNT=3 | RANK=768 | PCHG=1 | CPU=2670000000 | LPM=0 | TX=0 | RX=0
44:30.348	ID:4	[DATA_SEND] TS=2670001 | ID=4 | SEQ=267
44:30.348	ID:4	[WARN: IPv6 Route] No route found
44:30.348	ID:4	[WARN: IPv6 Route] No route found
44:30.360	ID:3	[WARN: IPv6 Route] No route found
44:30.360	ID:3	[WARN: IPv6 Route] No route found
44:30.366	ID:1	[DATA_RECV] TS=2669985 | SRC=4 | SEQ=267 | DELAY_MS=0
44:30.715	ID:5	[NODE_STAT] TS=2670001 | ID=5 | OF=0 | PRNT=4 | RANK=1024 | PCHG=2 | CPU=2670000000 | LPM=0 | TX=0 | RX=0
44:30.715	ID:5	[DATA_SEND] TS=2670001 | ID=5 | SEQ=266
44:30.715	ID:5	[WARN: IPv6 Route] No route found
44:30.715	ID:5	[WARN: IPv6 Route] No route found
44:30.724	ID:4	[WARN: IPv6 Route] No route found
44:30.724	ID:4	[WARN: IPv6 Route] No route found
44:30.757	ID:3	[WARN: IPv6 Route] No route found
44:30.757	ID:3	[WARN: IPv6 Route] No route found
44:30.791	ID:1	[DATA_RECV] TS=2670410 | SRC=5 | SEQ=266 | DELAY_MS=409
44:30.899	ID:3	[NODE_STAT] TS=2670001 | ID=3 | OF=0 | PRNT=1 | RANK=512 | PCHG=1 | CPU=2670000000 | LPM=0 | TX=0 | RX=0
44:30.899	ID:3	[DATA_SEND] TS=2670001 | ID=3 | SEQ=267
44:30.899	ID:3	[WARN: IPv6 Route] No route found
44:30.899	ID:3	[WARN: IPv6 Route] No route found
44:30.942	ID:1	[DATA_RECV] TS=2670561 | SRC=3 | SEQ=267 | DELAY_MS=560
44:40.236	ID:2	[NODE_STAT] TS=2680001 | ID=2 | OF=0 | PRNT=1 | RANK=1280 | PCHG=1 | CPU=2680000000 | LPM=0 | TX=0 | RX=0
44:40.236	ID:2	[DATA_SEND] TS=2680001 | ID=2 | SEQ=268
44:40.236	ID:2	[WARN: IPv6 Route] No route found
44:40.236	ID:2	[WARN: IPv6 Route] No route found
44:40.298	ID:1	[DATA_RECV] TS=2679917 | SRC=2 | SEQ=268 | DELAY_MS=0
44:40.348	ID:4	[NODE_STAT] TS=2680001 | ID=4 | OF=0 | PRNT=3 | RANK=768 | PCHG=1 | CPU=2680000000 | LPM=0 | TX=0 | RX=0
44:40.348	ID:4	[DATA_SEND] TS=2680001 | ID=4 | SEQ=268
44:40.348	ID:4	[WARN: IPv6 Route] No route found
44:40.348	ID:4	[WARN: IPv6 Route] No route found
44:40.383	ID:3	[WARN: IPv6 Route] No route found
44:40.383	ID:3	[WARN: IPv6 Route] No route found
44:40.425	ID:1	[DATA_RECV] TS=2680044 | SRC=4 | SEQ=268 | DELAY_MS=43
44:40.715	ID:5	[NODE_STAT] TS=2680001 | ID=5 | OF=0 | PRNT=4 | RANK=1024 | PCHG=2 | CPU=2680000000 | LPM=0 | TX=0 | RX=0
44:40.715	ID:5	[DATA_SEND] TS=2680001 | ID=5 | SEQ=267
44:40.715	ID:5	[WARN: IPv6 Route] No route found
44:40.715	ID:5	[WARN: IPv6 Route] No route found
44:40.748	ID:4	[WARN: IPv6 Route] No route found
44:40.748	ID:4	[WARN: IPv6 Route] No route found
44:40.788	ID:3	[WARN: IPv6 Route] No route found
44:40.788	ID:3	[WARN: IPv6 Route] No route found
44:40.824	ID:1	[DATA_RECV] TS=2680443 | SRC=5 | SEQ=267 | DELAY_MS=442
44:40.899	ID:3	[NODE_STAT] TS=2680001 | ID=3 | OF=0 | PRNT=1 | RANK=512 | PCHG=1 | CPU=2680000000 | LPM=0 | TX=0 | RX=0
44:40.899	ID:3	[DATA_SEND] TS=2680001 | ID=3 | SEQ=268
44:40.899	ID:3	[WARN: IPv6 Route] No route found
44:40.899	ID:3	[WARN: IPv6 Route] No route found
44:40.917	ID:1	[DATA_RECV] TS=2680536 | SRC=3 | SEQ=268 | DELAY_MS=535
44:50.236	ID:2	[NODE_STAT] TS=2690001 | ID=2 | OF=0 | PRNT=1 | RANK=1280 | PCHG=1 | CPU=2690000000 | LPM=0 | TX=0 | RX=0
44:50.236	ID:2	[DATA_SEND] TS=2690001 | ID=2 | SEQ=269
44:50.236	ID:2	[WARN: IPv6 Route] No route found
44:50.236	ID:2	[WARN: IPv6 Route] No route found
44:50.242	ID:1	[DATA_RECV] TS=2689861 | SRC=2 | SEQ=269 | DELAY_MS=0
44:50.348	ID:4	[NODE_STAT] TS=2690001 | ID=4 | OF=0 | PRNT=3 | RANK=768 | PCHG=1 | CPU=2690000000 | LPM=0 | TX=0 | RX=0
44:50.348	ID:4	[DATA_SEND] TS=2690001 | ID=4 | SEQ=269
44:50.348	ID:4	[WARN: IPv6 Route] No route found
44:50.348	ID:4	[WARN: IPv6 Route] No route found
44:50.364	ID:3	[WARN: IPv6 Route] No route found
44:50.364	ID:3	[WARN: IPv6 Route] No route found
44:50.379	ID:1	[DATA_RECV] TS=2689998 | SRC=4 | SEQ=269 | DELAY_MS=0
44:50.715	ID:5	[NODE_STAT] TS=2690001 | ID=5 | OF=0 | PRNT=4 | RANK=1024 | PCHG=2 | CPU=2690000000 | LPM=0 | TX=0 | RX=0
44:50.715	ID:5	[DATA_SEND] TS=2690001 | ID=5 | SEQ=268
44:50.715	ID:5	[WARN: IPv6 Route] No route found
44:50.715	ID:5	[WARN: IPv6 Route] No route found
44:50.758	ID:4	[WARN: IPv6 Route] No route found
44:50.758	ID:4	[WARN: IPv6 Route] No route found
44:50.771	ID:3	[WARN: IPv6 Route] No route found
44:50.771	ID:3	[WARN: IPv6 Route] No route found
44:50.812	ID:1	[DATA_RECV] TS=2690431 | SRC=5 | SEQ=268 | DELAY_MS=430
44:50.899	ID:3	[NODE_STAT] TS=2690001 | ID=3 | OF=0 | PRNT=1 | RANK=512 | PCHG=1 | CPU=2690000000 | LPM=0 | TX=0 | RX=0
44:50.899	ID:3	[DATA_SEND] TS=2690001 | ID=3 | SEQ=269
44:50.899	ID:3	[WARN: IPv6 Route] No route found
44:50.899	ID:3	[WARN: IPv6 Route] No route found
44:50.938	ID:1	[DATA_RECV] TS=2690557 | SRC=3 | SEQ=269 | DELAY_MS=556
45:00.236	ID:2	[NODE_STAT] TS=2700001 | ID=2 | OF=0 | PRNT=1 | RANK=1280 | PCHG=1 | CPU=2700000000 | LPM=0 | TX=0 | RX=0
45:00.236	ID:2	[DATA_SEND] TS=2700001 | ID=2 | SEQ=270
45:00.236	ID:2	[WARN: IPv6 Route] No route found
45:00.236	ID:2	[WARN: IPv6 Route] No route found
45:00.251	ID:1	[DATA_RECV] TS=2699870 | SRC=2 | SEQ=270 | DELAY_MS=0
45:00.348	ID:4	[NODE_STAT] TS=2700001 | ID=4 | OF=0 | PRNT=3 | RANK=768 | PCHG=1 | CPU=2700000000 | LPM=0 | TX=0 | RX=0
45:00.348	ID:4	[DATA_SEND] TS=2700001 | ID=4 | SEQ=270
45:00.348	ID:4	[WARN: IPv6 Route] No route found
45:00.348	ID:4	[WARN: IPv6 Route] No route found
45:00.388	ID:3	[WARN: IPv6 Route] No route found
45:00.388	ID:3	[WARN: IPv6 Route] No route found
45:00.411	ID:1	[DATA_RECV] TS=2700030 | SRC=4 | SEQ=270 | DELAY_MS=29
45:00.715	ID:5	[NODE_STAT] TS=2700001 | ID=5 | OF=0 | PRNT=4 | RANK=1024 | PCHG=2 | CPU=2700000000 | LPM=0 | TX=0 | RX=0
45:00.715	ID:5	[DATA_SEND] TS=2700001 | ID=5 | SEQ=269
45:00.715	ID:5	[WARN: IPv6 Route] No route found
45:00.715	ID:5	[WARN: IPv6 Route] No route found
45:00.748	ID:4	[WARN: IPv6 Route] No route found
45:00.748	ID:4	[WARN: IPv6 Route] No route found
45:00.788	ID:3	[WARN: IPv6 Route] No route found
45:00.788	ID:3	[WARN: IPv6 Route] No route found
45:00.823	ID:1	[DATA_RECV] TS=2700442 | SRC=5 | SEQ=269 | DELAY_MS=441
45:00.899	ID:3	[NODE_STAT] TS=2700001 | ID=3 | OF=0 | PRNT=1 | RANK=512 | PCHG=1 | CPU=2700000000 | LPM=0 | TX=0 | RX=0
45:00.899	ID:3	[DATA_SEND] TS=2700001 | ID=3 | SEQ=270
45:00.899	ID:3	[WARN: IPv6 Route] No route found
45:00.899	ID:3	[WARN: IPv6 Route] No route found
45:00.928	ID:1	[DATA_RECV] TS=2700547 | SRC=3 | SEQ=270 | DELAY_MS=546
45:10.236	ID:2	[NODE_STAT] TS=2710001 | ID=2 | OF=0 | PRNT=1 | RANK=1280 | PCHG=1 | CPU=2710000000 | LPM=0 | TX=0 | RX=0
45:10.236	ID:2	[DATA_SEND] TS=2710001 | ID=2 | SEQ=271
45:10.236	ID:2	[WARN: IPv6 Route] No route found
45:10.236	ID:2	[WARN: IPv6 Route] No route found
45:10.253	ID:1	[DATA_RECV] TS=2709872 | SRC=2 | SEQ=271 | DELAY_MS=0
45:10.348	ID:4	[NODE_STAT] TS=2710001 | ID=4 | OF=0 | PRNT=3 | RANK=768 | PCHG=1 | CPU=2710000000 | LPM=0 | TX=0 | RX=0
45:10.348	ID:4	[DATA_SEND] TS=2710001 | ID=4 | SEQ=271
45:10.348	ID:4	[WARN: IPv6 Route] No route found
45:10.348	ID:4	[WARN: IPv6 Route] No route found
45:10.354	ID:3	[WARN: IPv6 Route] No route found
45:10.354	ID:3	[WARN: IPv6 Route] No route found
45:10.370	ID:1	[DATA_RECV] TS=2709989 | SRC=4 | SEQ=271 | DELAY_MS=0
45:10.715	ID:5	[NODE_STAT] TS=2710001 | ID=5 | OF=0 | PRNT=4 | RANK=1024 | PCHG=2 | CPU=2710000000 | LPM=0 | TX=0 | RX=0
45:10.715	ID:5	[DATA_SEND] TS=2710001 | ID=5 | SEQ=270
45:10.715	ID:5	[WARN: IPv6 Route] No route found
45:10.715	ID:5	[WARN: IPv6 Route] No route found
45:10.738	ID:4	[WARN: IPv6 Route] No route found
45:10.738	ID:4	[WARN: IPv6 Route] No route found
45:10.747	ID:3	[WARN: IPv6 Route] No route found
45:10.747	ID:3	[WARN: IPv6 Route] No route found
45:10.784	ID:1	[DATA_RECV] TS=2710403 | SRC=5 | SEQ=270 | DELAY_MS=402
45:10.899	ID:3	[NODE_STAT] TS=2710001 | ID=3 | OF=0 | PRNT=1 | RANK=512 | PCHG=1 | CPU=2710000000 | LPM=0 | TX=0 | RX=0
45:10.899	ID:3	[DATA_SEND] TS=2710001 | ID=3 | SEQ=271
45:10.899	ID:3	[WARN: IPv6 Route] No route found
45:10.899	ID:3	[WARN: IPv6 Route] No route found
45:10.938	ID:1	[DATA_RECV] TS=2710557 | SRC=3 | SEQ=271 | DELAY_MS=556
45:20.236	ID:2	[NODE_STAT] TS=2720001 | ID=2 | OF=0 | PRNT=1 | RANK=1024 | PCHG=1 | CPU=2720000000 | LPM=0 | TX=0 | RX=0
45:20.236	ID:2	[DATA_SEND] TS=2720001 | ID=2 | SEQ=272
45:20.236	ID:2	[WARN: IPv6 Route] No route found
45:20.236	ID:2	[WARN: IPv6 Route] No route found
45:20.295	ID:1	[DATA_RECV] TS=2719914 | SRC=2 | SEQ=272 | DELAY_MS=0
45:20.348	ID:4	[NODE_STAT] TS=2720001 | ID=4 | OF=0 | PRNT=3 | RANK=768 | PCHG=1 | CPU=2720000000 | LPM=0 | TX=0 | RX=0
45:20.348	ID:4	[DATA_SEND] TS=2720001 | ID=4 | SEQ=272
45:20.348	ID:4	[WARN: IPv6 Route] No route found
45:20.348	ID:4	[WARN: IPv6 Route] No route found
45:20.360	ID:3	[WARN: IPv6 Route] No route found
45:20.360	ID:3	[WARN: IPv6 Route] No route found
45:20.406	ID:1	[DATA_RECV] TS=2720025 | SRC=4 | SEQ=272 | DELAY_MS=24
45:20.715	ID:5	[NODE_STAT] TS=2720001 | ID=5 | OF=0 | PRNT=4 | RANK=1024 | PCHG=2 | CPU=2720000000 | LPM=0 | TX=0 | RX=0
45:20.715	ID:5	[DATA_SEND] TS=2720001 | ID=5 | SEQ=271
45:20.715	ID:5	[WARN: IPv6 Route] No route found
45:20.715	ID:5	[WARN: IPv6 Route] No route found
45:20.752	ID:4	[WARN: IPv6 Route] No route found
45:20.752	ID:4	[WARN: IPv6 Route] No route found
45:20.760	ID:3	[WARN: IPv6 Route] No route found
45:20.760	ID:3	[WARN: IPv6 Route] No route found
45:20.785	ID:1	[DATA_RECV] TS=2720404 | SRC=5 | SEQ=271 | DELAY_MS=403
45:20.899	ID:3	[NODE_STAT] TS=2720001 | ID=3 | OF=0 | PRNT=1 | RANK=512 | PCHG=1 | CPU=2720000000 | LPM=0 | TX=0 | RX=0
45:20.899	ID:3	[DATA_SEND] TS=2720001 | ID=3 | SEQ=272
45:20.899	ID:3	[WARN: IPv6 Route] No route found
45:20.899	ID:3	[WARN: IPv6 Route] No route found
45:20.939	ID:1	[DATA_RECV] TS=2720558 | SRC=3 | SEQ=272 | DELAY_MS=557
45:30.236	ID:2	[NODE_STAT] TS=2730001 | ID=2 | OF=0 | PRNT=1 | RANK=1280 | PCHG=1 | CPU=2730000000 | LPM=0 | TX=0 | RX=0
45:30.236	ID:2	[DATA_SEND] TS=2730001 | ID=2 | SEQ=273
45:30.236	ID:2	[WARN: IPv6 Route] No route found
45:30.236	ID:2	[WARN: IPv6 Route] No route found
45:30.310	ID:1	[DATA_RECV] TS=2729929 | SRC=2 | SEQ=273 | DELAY_MS=0
45:30.348	ID:4	[NODE_STAT] TS=2730001 | ID=4 | OF=0 | PRNT=3 | RANK=768 | PCHG=1 | CPU=2730000000 | LPM=0 | TX=0 | RX=0
45:30.348	ID:4	[DATA_SEND] TS=2730001 | ID=4 | SEQ=273
45:30.348	ID:4	[WARN: IPv6 Route] No route found
45:30.348	ID:4	[WARN: IPv6 Route] No route found
45:30.391	ID:3	[WARN: IPv6 Route] No route found
45:30.391	ID:3	[WARN: IPv6 Route] No route found
45:30.435	ID:1	[DATA_RECV] TS=2730054 | SRC=4 | SEQ=273 | DELAY_MS=53
45:30.715	ID:5	[NODE_STAT] TS=2730001 | ID=5 | OF=0 | PRNT=4 | RANK=1024 | PCHG=2 | CPU=2730000000 | LPM=0 | TX=0 | RX=0
45:30.715	ID:5	[DATA_SEND] TS=2730001 | ID=5 | SEQ=272
45:30.715	ID:5	[WARN: IPv6 Route] No route found
45:30.715	ID:5	[WARN: IPv6 Route] No route found
45:30.740	ID:4	[WARN: IPv6 Route] No route found
45:30.740	ID:4	[WARN: IPv6 Route] No route found
45:30.746	ID:3	[WARN: IPv6 Route] No route found
45:30.746	ID:3	[WARN: IPv6 Route] No route found
45:30.759	ID:1	[DATA_RECV] TS=2730378 | SRC=5 | SEQ=272 | DELAY_MS=377
45:30.899	ID:3	[NODE_STAT] TS=2730001 | ID=3 | OF=0 | PRNT=1 | RANK=512 | PCHG=1 | CPU=2730000000 | LPM=0 | TX=0 | RX=0
45:30.899	ID:3	[DATA_SEND] TS=2730001 | ID=3 | SEQ=273
45:30.899	ID:3	[WARN: IPv6 Route] No route found
45:30.899	ID:3	[WARN: IPv6 Route] No route found
45:30.943	ID:1	[DATA_RECV] TS=2730562 | SRC=3 | SEQ=273 | DELAY_MS=561
45:40.236	ID:2	[NODE_STAT] TS=2740001 | ID=2 | OF=0 | PRNT=1 | RANK=1280 | PCHG=1 | CPU=2740000000 | LPM=0 | TX=0 | RX=0
45:40.236	ID:2	[DATA_SEND] TS=2740001 | ID=2 | SEQ=274
45:40.236	ID:2	[WARN: IPv6 Route] No route found
45:40.236	ID:2	[WARN: IPv6 Route] No route found
45:40.338	ID:1	[DATA_RECV] TS=2739957 | SRC=2 | SEQ=274 | DELAY_MS=0
45:40.348	ID:4	[NODE_STAT] TS=2740001 | ID=4 | OF=0 | PRNT=3 | RANK=768 | PCHG=1 | CPU=2740000000 | LPM=0 | TX=0 | RX=0
45:40.348	ID:4	[DATA_SEND] TS=2740001 | ID=4 | SEQ=274
45:40.348	ID:4	[WARN: IPv6 Route] No route found
45:40.348	ID:4	[WARN: IPv6 Route] No route found
45:40.391	ID:3	[WARN: IPv6 Route] No route found
45:40.391	ID:3	[WARN: IPv6 Route] No route found
45:40.416	ID:1	[DATA_RECV] TS=2740035 | SRC=4 | SEQ=274 | DELAY_MS=34
45:40.715	ID:5	[NODE_STAT] TS=2740001 | ID=5 | OF=0 | PRNT=4 | RANK=1024 | PCHG=2 | CPU=2740000000 | LPM=0 | TX=0 | RX=0
45:40.715	ID:5	[DATA_SEND] TS=2740001 | ID=5 | SEQ=273
45:40.715	ID:5	[WARN: IPv6 Route] No route found
45:40.715	ID:5	[WARN: IPv6 Route] No route found
45:40.752	ID:4	[WARN: IPv6 Route] No route found
45:40.752	ID:4	[WARN: IPv6 Route] No route found
45:40.792	ID:3	[WARN: IPv6 Route] No route found
45:40.792	ID:3	[WARN: IPv6 Route] No route found
45:40.816	ID:1	[DATA_RECV] TS=2740435 | SRC=5 | SEQ=273 | DELAY_MS=434
45:40.899	ID:3	[NODE_STAT] TS=2740001 | ID=3 | OF=0 | PRNT=1 | RANK=512 | PCHG=1 | CPU=2740000000 | LPM=0 | TX=0 | RX=0
45:40.899	ID:3	[DATA_SEND] TS=2740001 | ID=3 | SEQ=274
45:40.899	ID:3	[WARN: IPv6 Route] No route found
45:40.899	ID:3	[WARN: IPv6 Route] No route found
45:40.940	ID:1	[DATA_RECV] TS=2740559 | SRC=3 | SEQ=274 | DELAY_MS=558
45:50.236	ID:2	[NODE_STAT] TS=2750001 | ID=2 | OF=0 | PRNT=1 | RANK=1280 | PCHG=1 | CPU=2750000000 | LPM=0 | TX=0 | RX=0
45:50.236	ID:2	[DATA_SEND] TS=2750001 | ID=2 | SEQ=275
45:50.236	ID:2	[WARN: IPv6 Route] No route found
45:50.236	ID:2	[WARN: IPv6 Route] No route found
45:50.283	ID:1	[DATA_RECV] TS=2749902 | SRC=2 | SEQ=275 | DELAY_MS=0
45:50.348	ID:4	[NODE_STAT] TS=2750001 | ID=4 | OF=0 | PRNT=3 | RANK=768 | PCHG=1 | CPU=2750000000 | LPM=0 | TX=0 | RX=0
45:50.348	ID:4	[DATA_SEND] TS=2750001 | ID=4 | SEQ=275
45:50.348	ID:4	[WARN: IPv6 Route] No route found
45:50.348	ID:4	[WARN: IPv6 Route] No route found
45:50.381	ID:3	[WARN: IPv6 Route] No route found
45:50.381	ID:3	[WARN: IPv6 Route] No route found
45:50.389	ID:1	[DATA_RECV] TS=2750008 | SRC=4 | SEQ=275 | DELAY_MS=7
45:50.715	ID:5	[NODE_STAT] TS=2750001 | ID=5 | OF=0 | PRNT=4 | RANK=1024 | PCHG=2 | CPU=2750000000 | LPM=0 | TX=0 | RX=0
45:50.715	ID:5	[DATA_SEND] TS=2750001 | ID=5 | SEQ=274
45:50.715	ID:5	[WARN: IPv6 Route] No route found
45:50.715	ID:5	[WARN: IPv6 Route] No route found
45:50.755	ID:4	[WARN: IPv6 Route] No route found
45:50.755	ID:4	[WARN: IPv6 Route] No route found
45:50.776	ID:3	[WARN: IPv6 Route] No route found
45:50.776	ID:3	[WARN: IPv6 Route] No route found
45:50.804	ID:1	[DATA_RECV] TS=2750423 | SRC=5 | SEQ=274 | DELAY_MS=422
45:50.899	ID:3	[NODE_STAT] TS=2750001 | ID=3 | OF=0 | PRNT=1 | RANK=512 | PCHG=1 | CPU=2750000000 | LPM=0 | TX=0 | RX=0
45:50.899	ID:3	[DATA_SEND] TS=2750001 | ID=3 | SEQ=275
45:50.899	ID:3	[WARN: IPv6 Route] No route found
45:50.899	ID:3	[WARN: IPv6 Route] No route found
45:50.933	ID:1	[DATA_RECV] TS=2750552 | SRC=3 | SEQ=275 | DELAY_MS=551
46:00.236	ID:2	[NODE_STAT] TS=2760001 | ID=2 | OF=0 | PRNT=1 | RANK=1280 | PCHG=1 | CPU=2760000000 | LPM=0 | TX=0 | RX=0
46:00.236	ID:2	[DATA_SEND] TS=2760001 | ID=2 | SEQ=276
46:00.236	ID:2	[WARN: IPv6 Route] No route found
46:00.236	ID:2	[WARN: IPv6 Route] No route found
46:00.256	ID:1	[DATA_RECV] TS=2759875 | SRC=2 | SEQ=276 | DELAY_MS=0
46:00.348	ID:4	[NODE_STAT] TS=2760001 | ID=4 | OF=0 | PRNT=3 | RANK=768 | PCHG=1 | CPU=2760000000 | LPM=0 | TX=0 | RX=0
46:00.348	ID:4	[DATA_SEND] TS=2760001 | ID=4 | SEQ=276
46:00.348	ID:4	[WARN: IPv6 Route] No route found
46:00.348	ID:4	[WARN: IPv6 Route] No route found
46:00.380	ID:3	[WARN: IPv6 Route] No route found
46:00.380	ID:3	[WARN: IPv6 Route] No route found
46:00.405	ID:1	[DATA_RECV] TS=2760024 | SRC=4 | SEQ=276 | DELAY_MS=23
46:00.715	ID:5	[NODE_STAT] TS=2760001 | ID=5 | OF=0 | PRNT=4 | RANK=1024 | PCHG=2 | CPU=2760000000 | LPM=0 | TX=0 | RX=0
46:00.715	ID:5	[DATA_SEND] TS=2760001 | ID=5 | SEQ=275
46:00.715	ID:5	[WARN: IPv6 Route] No route found
46:00.715	ID:5	[WARN: IPv6 Route] No route found
46:00.733	ID:4	[WARN: IPv6 Route] No route found
46:00.733	ID:4	[WARN: IPv6 Route] No route found
46:00.745	ID:3	[WARN: IPv6 Route] No route found
46:00.745	ID:3	[WARN: IPv6 Route] No route found
46:00.754	ID:1	[DATA_RECV] TS=2760373 | SRC=5 | SEQ=275 | DELAY_MS=372
46:00.899	ID:3	[NODE_STAT] TS=2760001 | ID=3 | OF=0 | PRNT=1 | RANK=512 | PCHG=1 | CPU=2760000000 | LPM=0 | TX=0 | RX=0
46:00.899	ID:3	[DATA_SEND] TS=2760001 | ID=3 | SEQ=276
46:00.899	ID:3	[WARN: IPv6 Route] No route found
46:00.899	ID:3	[WARN: IPv6 Route] No route found
46:00.909	ID:1	[DATA_RECV] TS=2760528 | SRC=3 | SEQ=276 | DELAY_MS=527
46:10.236	ID:2	[NODE_STAT] TS=2770001 | ID=2 | OF=0 | PRNT=1 | RANK=1024 | PCHG=1 | CPU=2770000000 | LPM=0 | TX=0 | RX=0
46:10.236	ID:2	[DATA_SEND] TS=2770001 | ID=2 | SEQ=277
46:10.236	ID:2	[WARN: IPv6 Route] No route found
46:10.236	ID:2	[WARN: IPv6 Route] No route found
46:10.348	ID:4	[NODE_STAT] TS=2770001 | ID=4 | OF=0 | PRNT=3 | RANK=768 | PCHG=1 | CPU=2770000000 | LPM=0 | TX=0 | RX=0
46:10.348	ID:4	[DATA_SEND] TS=2770001 | ID=4 | SEQ=277
46:10.348	ID:4	[WARN: IPv6 Route] No route found
46:10.348	ID:4	[WARN: IPv6 Route] No route found
46:10.367	ID:3	[WARN: IPv6 Route] No route found
46:10.367	ID:3	[WARN: IPv6 Route] No route found
46:10.407	ID:1	[DATA_RECV] TS=2770026 | SRC=4 | SEQ=277 | DELAY_MS=25
46:10.488	ID:1	[DATA_RECV] TS=2770107 | SRC=2 | SEQ=277 | DELAY_MS=106
46:10.715	ID:5	[NODE_STAT] TS=2770001 | ID=5 | OF=0 | PRNT=4 | RANK=1024 | PCHG=2 | CPU=2770000000 | LPM=0 | TX=0 | RX=0
46:10.715	ID:5	[DATA_SEND] TS=2770001 | ID=5 | SEQ=276
46:10.715	ID:5	[WARN: IPv6 Route] No route found
46:10.715	ID:5	[WARN: IPv6 Route] No route found
46:10.726	ID:4	[WARN: IPv6 Route] No route found
46:10.726	ID:4	[WARN: IPv6 Route] No route found
46:10.747	ID:3	[WARN: IPv6 Route] No route found
46:10.747	ID:3	[WARN: IPv6 Route] No route found
46:10.760	ID:1	[DATA_RECV] TS=2770379 | SRC=5 | SEQ=276 | DELAY_MS=378
46:10.899	ID:3	[NODE_STAT] TS=2770001 | ID=3 | OF=0 | PRNT=1 | RANK=512 | PCHG=1 | CPU=2770000000 | LPM=0 | TX=0 | RX=0
46:10.899	ID:3	[DATA_SEND] TS=2770001 | ID=3 | SEQ=277
46:10.899	ID:3	[WARN: IPv6 Route] No route found
46:10.899	ID:3	[WARN: IPv6 Route] No route found
46:10.930	ID:1	[DATA_RECV] TS=2770549 | SRC=3 | SEQ=277 | DELAY_MS=548
46:20.236	ID:2	[NODE_STAT] TS=2780001 | ID=2 | OF=0 | PRNT=1 | RANK=1536 | PCHG=1 | CPU=2780000000 | LPM=0 | TX=0 | RX=0
46:20.236	ID:2	[DATA_SEND] TS=2780001 | ID=2 | SEQ=278
46:20.236	ID:2	[WARN: IPv6 Route] No route found
46:20.236	ID:2	[WARN: IPv6 Route] No route found
46:20.348	ID:4	[NODE_STAT] TS=2780001 | ID=4 | OF=0 | PRNT=3 | RANK=768 | PCHG=1 | CPU=2780000000 | LPM=0 | TX=0 | RX=0
46:20.348	ID:4	[DATA_SEND] TS=2780001 | ID=4 | SEQ=278
46:20.348	ID:4	[WARN: IPv6 Route] No route found
46:20.348	ID:4	[WARN: IPv6 Route] No route found
46:20.372	ID:1	[DATA_RECV] TS=2779991 | SRC=2 | SEQ=278 | DELAY_MS=0
46:20.381	ID:3	[WARN: IPv6 Route] No route found
46:20.381	ID:3	[WARN: IPv6 Route] No route found
46:20.411	ID:1	[DATA_RECV] TS=2780030 | SRC=4 | SEQ=278 | DELAY_MS=29
46:20.715	ID:5	[NODE_STAT] TS=2780001 | ID=5 | OF=0 | PRNT=4 | RANK=1024 | PCHG=2 | CPU=2780000000 | LPM=0 | TX=0 | RX=0
46:20.715	ID:5	[DATA_SEND] TS=2780001 | ID=5 | SEQ=277
46:20.715	ID:5	[WARN: IPv6 Route] No route found
46:20.715	ID:5	[WARN: IPv6 Route] No route found
46:20.744	ID:4	[WARN: IPv6 Route] No route found
46:20.744	ID:4	[WARN: IPv6 Route] No route found
46:20.778	ID:3	[WARN: IPv6 Route] No route found
46:20.778	ID:3	[WARN: IPv6 Route] No route found
46:20.820	ID:1	[DATA_RECV] TS=2780439 | SRC=5 | SEQ=277 | DELAY_MS=438
46:20.899	ID:3	[NODE_STAT] TS=2780001 | ID=3 | OF=0 | PRNT=1 | RANK=512 | PCHG=1 | CPU=2780000000 | LPM=0 | TX=0 | RX=0
46:20.899	ID:3	[DATA_SEND] TS=2780001 | ID=3 | SEQ=278
46:20.899	ID:3	[WARN: IPv6 Route] No route found
46:20.899	ID:3	[WARN: IPv6 Route] No route found
46:20.907	ID:1	[DATA_RECV] TS=2780526 | SRC=3 | SEQ=278 | DELAY_MS=525
46:30.236	ID:2	[NODE_STAT] TS=2790001 | ID=2 | OF=0 | PRNT=1 | RANK=1792 | PCHG=1 | CPU=2790000000 | LPM=0 | TX=0 | RX=0
46:30.236	ID:2	[DATA_SEND] TS=2790001 | ID=2 | SEQ=279
46:30.236	ID:2	[WARN: IPv6 Route] No route found
46:30.236	ID:2	[WARN: IPv6 Route] No route found
46:30.248	ID:1	[DATA_RECV] TS=2789867 | SRC=2 | SEQ=279 | DELAY_MS=0
46:30.348	ID:4	[NODE_STAT] TS=2790001 | ID=4 | OF=0 | PRNT=3 | RANK=768 | PCHG=1 | CPU=2790000000 | LPM=0 | TX=0 | RX=0
46:30.348	ID:4	[DATA_SEND] TS=2790001 | ID=4 | SEQ=279
46:30.348	ID:4	[WARN: IPv6 Route] No route found
46:30.348	ID:4	[WARN: IPv6 Route] No route found
46:30.386	ID:3	[WARN: IPv6 Route] No route found
46:30.386	ID:3	[WARN: IPv6 Route] No route found
46:30.408	ID:1	[DATA_RECV] TS=2790027 | SRC=4 | SEQ=279 | DELAY_MS=26
46:30.715	ID:5	[NODE_STAT] TS=2790001 | ID=5 | OF=0 | PRNT=4 | RANK=1024 | PCHG=2 | CPU=2790000000 | LPM=0 | TX=0 | RX=0
46:30.715	ID:5	[DATA_SEND] TS=2790001 | ID=5 | SEQ=278
46:30.715	ID:5	[WARN: IPv6 Route] No route found
46:30.715	ID:5	[WARN: IPv6 Route] No route found
46:30.746	ID:4	[WARN: IPv6 Route] No route found
46:30.746	ID:4	[WARN: IPv6 Route] No route found
46:30.774	ID:3	[WARN: IPv6 Route] No route found
46:30.774	ID:3	[WARN: IPv6 Route] No route found
46:30.814	ID:1	[DATA_RECV] TS=2790433 | SRC=5 | SEQ=278 | DELAY_MS=432
46:30.899	ID:3	[NODE_STAT] TS=2790001 | ID=3 | OF=0 | PRNT=1 | RANK=512 | PCHG=1 | CPU=2790000000 | LPM=0 | TX=0 | RX=0
46:30.899	ID:3	[DATA_SEND] TS=2790001 | ID=3 | SEQ=279
46:30.899	ID:3	[WARN: IPv6 Route] No route found
46:30.899	ID:3	[WARN: IPv6 Route] No route found
46:30.929	ID:1	[DATA_RECV] TS=2790548 | SRC=3 | SEQ=279 | DELAY_MS=547
46:40.236	ID:2	[NODE_STAT] TS=2800001 | ID=2 | OF=0 | PRNT=1 | RANK=1536 | PCHG=1 | CPU=2800000000 | LPM=0 | TX=0 | RX=0
46:40.236	ID:2	[DATA_SEND] TS=2800001 | ID=2 | SEQ=280
46:40.236	ID:2	[WARN: IPv6 Route] No route found
46:40.236	ID:2	[WARN: IPv6 Route] No route found
46:40.271	ID:1	[DATA_RECV] TS=2799890 | SRC=2 | SEQ=280 | DELAY_MS=0
46:40.348	ID:4	[NODE_STAT] TS=2800001 | ID=4 | OF=0 | PRNT=3 | RANK=768 | PCHG=1 | CPU=2800000000 | LPM=0 | TX=0 | RX=0
46:40.348	ID:4	[DATA_SEND] TS=2800001 | ID=4 | SEQ=280
46:40.348	ID:4	[WARN: IPv6 Route] No route found
46:40.348	ID:4	[WARN: IPv6 Route] No route found
46:40.364	ID:3	[WARN: IPv6 Route] No route found
46:40.364	ID:3	[WARN: IPv6 Route] No route found
46:40.400	ID:1	[DATA_RECV] TS=2800019 | SRC=4 | SEQ=280 | DELAY_MS=18
46:40.715	ID:5	[NODE_STAT] TS=2800001 | ID=5 | OF=0 | PRNT=4 | RANK=1024 | PCHG=2 | CPU=2800000000 | LPM=0 | TX=0 | RX=0
46:40.715	ID:5	[DATA_SEND] TS=2800001 | ID=5 | SEQ=279
46:40.715	ID:5	[WARN: IPv6 Route] No route found
46:40.715	ID:5	[WARN: IPv6 Route] No route found
46:40.746	ID:4	[WARN: IPv6 Route] No route found
46:40.746	ID:4	[WARN: IPv6 Route] No route found
46:40.763	ID:3	[WARN: IPv6 Route] No route found
46:40.763	ID:3	[WARN: IPv6 Route] No route found
46:40.791	ID:1	[DATA_RECV] TS=2800410 | SRC=5 | SEQ=279 | DELAY_MS=409
46:40.899	ID:3	[NODE_STAT] TS=2800001 | ID=3 | OF=0 | PRNT=1 | RANK=512 | PCHG=1 | CPU=2800000000 | LPM=0 | TX=0 | RX=0
46:40.899	ID:3	[DATA_SEND] TS=2800001 | ID=3 | SEQ=280
46:40.899	ID:3	[WARN: IPv6 Route] No route found
46:40.899	ID:3	[WARN: IPv6 Route] No route found
46:40.941	ID:1	[DATA_RECV] TS=2800560 | SRC=3 | SEQ=280 | DELAY_MS=559
46:50.236	ID:2	[NODE_STAT] TS=2810001 | ID=2 | OF=0 | PRNT=1 | RANK=1536 | PCHG=1 | CPU=2810000000 | LPM=0 | TX=0 | RX=0
46:50.236	ID:2	[DATA_SEND] TS=2810001 | ID=2 | SEQ=281
46:50.236	ID:2	[WARN: IPv6 Route] No route found
46:50.236	ID:2	[WARN: IPv6 Route] No route found
46:50.289	ID:1	[DATA_RECV] TS=2809908 | SRC=2 | SEQ=281 | DELAY_MS=0
46:50.348	ID:4	[NODE_STAT] TS=2810001 | ID=4 | OF=0 | PRNT=3 | RANK=768 | PCHG=1 | CPU=2810000000 | LPM=0 | TX=0 | RX=0
46:50.348	ID:4	[DATA_SEND] TS=2810001 | ID=4 | SEQ=281
46:50.348	ID:4	[WARN: IPv6 Route] No route found
46:50.348	ID:4	[WARN: IPv6 Route] No route found
46:50.366	ID:3	[WARN: IPv6 Route] No route found
46:50.366	ID:3	[WARN: IPv6 Route] No route found
46:50.387	ID:1	[DATA_RECV] TS=2810006 | SRC=4 | SEQ=281 | DELAY_MS=5
46:50.715	ID:5	[NODE_STAT] TS=2810001 | ID=5 | OF=0 | PRNT=4 | RANK=1024 | PCHG=2 | CPU=2810000000 | LPM=0 | TX=0 | RX=0
46:50.715	ID:5	[DATA_SEND] TS=2810001 | ID=5 | SEQ=280
46:50.715	ID:5	[WARN: IPv6 Route] No route found
46:50.715	ID:5	[WARN: IPv6 Route] No route found
46:50.760	ID:4	[WARN: IPv6 Route] No route found
46:50.760	ID:4	[WARN: IPv6 Route] No route found
46:50.774	ID:3	[WARN: IPv6 Route] No route found
46:50.774	ID:3	[WARN: IPv6 Route] No route found
46:50.783	ID:1	[DATA_RECV] TS=2810402 | SRC=5 | SEQ=280 | DELAY_MS=401
46:50.899	ID:3	[NODE_STAT] TS=2810001 | ID=3 | OF=0 | PRNT=1 | RANK=512 | PCHG=1 | CPU=2810000000 | LPM=0 | TX=0 | RX=0
46:50.899	ID:3	[DATA_SEND] TS=2810001 | ID=3 | SEQ=281
46:50.899	ID:3	[WARN: IPv6 Route] No route found
46:50.899	ID:3	[WARN: IPv6 Route] No route found
46:50.930	ID:1	[DATA_RECV] TS=2810549 | SRC=3 | SEQ=281 | DELAY_MS=548
47:00.236	ID:2	[NODE_STAT] TS=2820001 | ID=2 | OF=0 | PRNT=1 | RANK=1536 | PCHG=1 | CPU=2820000000 | LPM=0 | TX=0 | RX=0
47:00.236	ID:2	[DATA_SEND] TS=2820001 | ID=2 | SEQ=282
47:00.236	ID:2	[WARN: IPv6 Route] No route found
47:00.236	ID:2	[WARN: IPv6 Route] No route found
47:00.286	ID:1	[DATA_RECV] TS=2819905 | SRC=2 | SEQ=282 | DELAY_MS=0
47:00.348	ID:4	[NODE_STAT] TS=2820001 | ID=4 | OF=0 | PRNT=3 | RANK=768 | PCHG=1 | CPU=2820000000 | LPM=0 | TX=0 | RX=0
47:00.348	ID:4	[DATA_SEND] TS=2820001 | ID=4 | SEQ=282
47:00.348	ID:4	[WARN: IPv6 Route] No route found
47:00.348	ID:4	[WARN: IPv6 Route] No route found
47:00.359	ID:3	[WARN: IPv6 Route] No route found
47:00.359	ID:3	[WARN: IPv6 Route] No route found
47:00.374	ID:1	[DATA_RECV] TS=2819993 | SRC=4 | SEQ=282 | DELAY_MS=0
47:00.715	ID:5	[NODE_STAT] TS=2820001 | ID=5 | OF=0 | PRNT=4 | RANK=1024 | PCHG=2 | CPU=2820000000 | LPM=0 | TX=0 | RX=0
47:00.715	ID:5	[DATA_SEND] TS=2820001 | ID=5 | SEQ=281
47:00.715	ID:5	[WARN: IPv6 Route] No route found
47:00.715	ID:5	[WARN: IPv6 Route] No route found
47:00.750	ID:4	[WARN: IPv6 Route] No route found
47:00.750	ID:4	[WARN: IPv6 Route] No route found
47:00.789	ID:3	[WARN: IPv6 Route] No route found
47:00.789	ID:3	[WARN: IPv6 Route] No route found
47:00.804	ID:1	[DATA_RECV] TS=2820423 | SRC=5 | SEQ=281 | DELAY_MS=422
47:00.899	ID:3	[NODE_STAT] TS=2820001 | ID=3 | OF=0 | PRNT=1 | RANK=512 | PCHG=1 | CPU=2820000000 | LPM=0 | TX=0 | RX=0
47:00.899	ID:3	[DATA_SEND] TS=2820001 | ID=3 | SEQ=282
47:00.899	ID:3	[WARN: IPv6 Route] No route found
47:00.899	ID:3	[WARN: IPv6 Route] No route found
47:00.920	ID:1	[DATA_RECV] TS=2820539 | SRC=3 | SEQ=282 | DELAY_MS=538
47:10.236	ID:2	[NODE_STAT] TS=2830001 | ID=2 | OF=0 | PRNT=1 | RANK=1536 | PCHG=1 | CPU=2830000000 | LPM=0 | TX=0 | RX=0
47:10.236	ID:2	[DATA_SEND] TS=2830001 | ID=2 | SEQ=283
47:10.236	ID:2	[WARN: IPv6 Route] No route found
47:10.236	ID:2	[WARN: IPv6 Route] No route found
47:10.287	ID:1	[DATA_RECV] TS=2829906 | SRC=2 | SEQ=283 | DELAY_MS=0
47:10.348	ID:4	[NODE_STAT] TS=2830001 | ID=4 | OF=0 | PRNT=3 | RANK=768 | PCHG=1 | CPU=2830000000 | LPM=0 | TX=0 | RX=0
47:10.348	ID:4	[DATA_SEND] TS=2830001 | ID=4 | SEQ=283
47:10.348	ID:4	[WARN: IPv6 Route] No route found
47:10.348	ID:4	[WARN: IPv6 Route] No route found
47:10.380	ID:3	[WARN: IPv6 Route] No route found
47:10.380	ID:3	[WARN: IPv6 Route] No route found
47:10.393	ID:1	[DATA_RECV] TS=2830012 | SRC=4 | SEQ=283 | DELAY_MS=11
47:10.715	ID:5	[NODE_STAT] TS=2830001 | ID=5 | OF=0 | PRNT=4 | RANK=1024 | PCHG=2 | CPU=2830000000 | LPM=0 | TX=0 | RX=0
47:10.715	ID:5	[DATA_SEND] TS=2830001 | ID=5 | SEQ=282
47:10.715	ID:5	[WARN: IPv6 Route] No route found
47:10.715	ID:5	[WARN: IPv6 Route] No route found
47:10.751	ID:4	[WARN: IPv6 Route] No route found
47:10.751	ID:4	[WARN: IPv6 Route] No route found
47:10.794	ID:3	[WARN: IPv6 Route] No route found
47:10.794	ID:3	[WARN: IPv6 Route] No route found
47:10.811	ID:1	[DATA_RECV] TS=2830430 | SRC=5 | SEQ=282 | DELAY_MS=429
47:10.899	ID:3	[NODE_STAT] TS=2830001 | ID=3 | OF=0 | PRNT=1 | RANK=512 | PCHG=1 | CPU=2830000000 | LPM=0 | TX=0 | RX=0
47:10.899	ID:3	[DATA_SEND] TS=2830001 | ID=3 | SEQ=283
47:10.899	ID:3	[WARN: IPv6 Route] No route found
47:10.899	ID:3	[WARN: IPv6 Route] No route found
47:10.918	ID:1	[DATA_RECV] TS=2830537 | SRC=3 | SEQ=283 | DELAY_MS=536
47:20.236	ID:2	[NODE_STAT] TS=2840001 | ID=2 | OF=0 | PRNT=1 | RANK=1536 | PCHG=1 | CPU=2840000000 | LPM=0 | TX=0 | RX=0
47:20.236	ID:2	[DATA_SEND] TS=2840001 | ID=2 | SEQ=284
47:20.236	ID:2	[WARN: IPv6 Route] No route found
47:20.236	ID:2	[WARN: IPv6 Route] No route found
47:20.333	ID:1	[DATA_RECV] TS=2839952 | SRC=2 | SEQ=284 | DELAY_MS=0
47:20.348	ID:4	[NODE_STAT] TS=2840001 | ID=4 | OF=0 | PRNT=3 | RANK=768 | PCHG=1 | CPU=2840000000 | LPM=0 | TX=0 | RX=0
47:20.348	ID:4	[DATA_SEND] TS=2840001 | ID=4 | SEQ=284
47:20.348	ID:4	[WARN: IPv6 Route] No route found
47:20.348	ID:4	[WARN: IPv6 Route] No route found
47:20.377	ID:3	[WARN: IPv6 Route] No route found
47:20.377	ID:3	[WARN: IPv6 Route] No route found
47:20.385	ID:1	[DATA_RECV] TS=2840004 | SRC=4 | SEQ=284 | DELAY_MS=3
47:20.715	ID:5	[NODE_STAT] TS=2840001 | ID=5 | OF=0 | PRNT=4 | RANK=1024 | PCHG=2 | CPU=2840000000 | LPM=0 | TX=0 | RX=0
47:20.715	ID:5	[DATA_SEND] TS=2840001 | ID=5 | SEQ=283
47:20.715	ID:5	[WARN: IPv6 Route] No route found
47:20.715	ID:5	[WARN: IPv6 Route] No route found
47:20.730	ID:4	[WARN: IPv6 Route] No route found
47:20.730	ID:4	[WARN: IPv6 Route] No route found
47:20.769	ID:3	[WARN: IPv6 Route] No route found
47:20.769	ID:3	[WARN: IPv6 Route] No route found
47:20.807	ID:1	[DATA_RECV] TS=2840426 | SRC=5 | SEQ=283 | DELAY_MS=425
47:20.899	ID:3	[NODE_STAT] TS=2840001 | ID=3 | OF=0 | PRNT=1 | RANK=512 | PCHG=1 | CPU=2840000000 | LPM=0 | TX=0 | RX=0
47:20.899	ID:3	[DATA_SEND] TS=2840001 | ID=3 | SEQ=284
47:20.899	ID:3	[WARN: IPv6 Route] No route found
47:20.899	ID:3	[WARN: IPv6 Route] No route found
47:20.925	ID:1	[DATA_RECV] TS=2840544 | SRC=3 | SEQ=284 | DELAY_MS=543
47:30.236	ID:2	[NODE_STAT] TS=2850001 | ID=2 | OF=0 | PRNT=1 | RANK=1536 | PCHG=1 | CPU=2850000000 | LPM=0 | TX=0 | RX=0
47:30.236	ID:2	[DATA_SEND] TS=2850001 | ID=2 | SEQ=285
47:30.236	ID:2	[WARN: IPv6 Route] No route found
47:30.236	ID:2	[WARN: IPv6 Route] No route found
47:30.330	ID:1	[DATA_RECV] TS=2849949 | SRC=2 | SEQ=285 | DELAY_MS=0
47:30.348	ID:4	[NODE_STAT] TS=2850001 | ID=4 | OF=0 | PRNT=3 | RANK=768 | PCHG=1 | CPU=2850000000 | LPM=0 | TX=0 | RX=0
47:30.348	ID:4	[DATA_SEND] TS=2850001 | ID=4 | SEQ=285
47:30.348	ID:4	[WARN: IPv6 Route] No route found
47:30.348	ID:4	[WARN: IPv6 Route] No route found
47:30.391	ID:3	[WARN: IPv6 Route] No route found
47:30.391	ID:3	[WARN: IPv6 Route] No route found
47:30.409	ID:1	[DATA_RECV] TS=2850028 | SRC=4 | SEQ=285 | DELAY_MS=27
47:30.715	ID:5	[NODE_STAT] TS=2850001 | ID=5 | OF=0 | PRNT=4 | RANK=1024 | PCHG=2 | CPU=2850000000 | LPM=0 | TX=0 | RX=0
47:30.715	ID:5	[DATA_SEND] TS=2850001 | ID=5 | SEQ=284
47:30.715	ID:5	[WARN: IPv6 Route] No route found
47:30.715	ID:5	[WARN: IPv6 Route] No route found
47:30.719	ID:4	[WARN: IPv6 Route] No route found
47:30.719	ID:4	[WARN: IPv6 Route] No route found
47:30.758	ID:3	[WARN: IPv6 Route] No route found
47:30.758	ID:3	[WARN: IPv6 Route] No route found
47:30.782	ID:1	[DATA_RECV] TS=2850401 | SRC=5 | SEQ=284 | DELAY_MS=400
47:30.899	ID:3	[NODE_STAT] TS=2850001 | ID=3 | OF=0 | PRNT=1 | RANK=512 | PCHG=1 | CPU=2850000000 | LPM=0 | TX=0 | RX=0
47:30.899	ID:3	[DATA_SEND] TS=2850001 | ID=3 | SEQ=285
47:30.899	ID:3	[WARN: IPv6 Route] No route found
47:30.899	ID:3	[WARN: IPv6 Route] No route found
47:30.935	ID:1	[DATA_RECV] TS=2850554 | SRC=3 | SEQ=285 | DELAY_MS=553
47:40.236	ID:2	[NODE_STAT] TS=2860001 | ID=2 | OF=0 | PRNT=1 | RANK=1792 | PCHG=1 | CPU=2860000000 | LPM=0 | TX=0 | RX=0
47:40.236	ID:2	[DATA_SEND] TS=2860001 | ID=2 | SEQ=286
47:40.236	ID:2	[WARN: IPv6 Route] No route found
47:40.236	ID:2	[WARN: IPv6 Route] No route found
47:40.251	ID:1	[DATA_RECV] TS=2859870 | SRC=2 | SEQ=286 | DELAY_MS=0
47:40.348	ID:4	[NODE_STAT] TS=2860001 | ID=4 | OF=0 | PRNT=3 | RANK=768 | PCHG=1 | CPU=2860000000 | LPM=0 | TX=0 | RX=0
47:40.348	ID:4	[DATA_SEND] TS=2860001 | ID=4 | SEQ=286
47:40.348	ID:4	[WARN: IPv6 Route] No route found
47:40.348	ID:4	[WARN: IPv6 Route] No route found
47:40.366	ID:3	[WARN: IPv6 Route] No route found
47:40.366	ID:3	[WARN: IPv6 Route] No route found
47:40.391	ID:1	[DATA_RECV] TS=2860010 | SRC=4 | SEQ=286 | DELAY_MS=9
47:40.715	ID:5	[NODE_STAT] TS=2860001 | ID=5 | OF=0 | PRNT=4 | RANK=1024 | PCHG=2 | CPU=2860000000 | LPM=0 | TX=0 | RX=0
47:40.715	ID:5	[DATA_SEND] TS=2860001 | ID=5 | SEQ=285
47:40.715	ID:5	[WARN: IPv6 Route] No route found
47:40.715	ID:5	[WARN: IPv6 Route] No route found
47:40.727	ID:4	[WARN: IPv6 Route] No route found
47:40.727	ID:4	[WARN: IPv6 Route] No route found
47:40.742	ID:3	[WARN: IPv6 Route] No route found
47:40.742	ID:3	[WARN: IPv6 Route] No route found
47:40.783	ID:1	[DATA_RECV] TS=2860402 | SRC=5 | SEQ=285 | DELAY_MS=401
47:40.899	ID:3	[NODE_STAT] TS=2860001 | ID=3 | OF=0 | PRNT=1 | RANK=512 | PCHG=1 | CPU=2860000000 | LPM=0 | TX=0 | RX=0
47:40.899	ID:3	[DATA_SEND] TS=2860001 | ID=3 | SEQ=286
47:40.899	ID:3	[WARN: IPv6 Route] No route found
47:40.899	ID:3	[WARN: IPv6 Route] No route found
47:40.922	ID:1	[DATA_RECV] TS=2860541 | SRC=3 | SEQ=286 | DELAY_MS=540
47:50.236	ID:2	[NODE_STAT] TS=2870001 | ID=2 | OF=0 | PRNT=1 | RANK=1536 | PCHG=1 | CPU=2870000000 | LPM=0 | TX=0 | RX=0
47:50.236	ID:2	[DATA_SEND] TS=2870001 | ID=2 | SEQ=287
47:50.236	ID:2	[WARN: IPv6 Route] No route found
47:50.236	ID:2	[WARN: IPv6 Route] No route found
47:50.257	ID:1	[DATA_RECV] TS=2869876 | SRC=2 | SEQ=287 | DELAY_MS=0
47:50.348	ID:4	[NODE_STAT] TS=2870001 | ID=4 | OF=0 | PRNT=3 | RANK=768 | PCHG=1 | CPU=2870000000 | LPM=0 | TX=0 | RX=0
47:50.348	ID:4	[DATA_SEND] TS=2870001 | ID=4 | SEQ=287
47:50.348	ID:4	[WARN: IPv6 Route] No route found
47:50.348	ID:4	[WARN: IPv6 Route] No route found
47:50.390	ID:3	[WARN: IPv6 Route] No route found
47:50.390	ID:3	[WARN: IPv6 Route] No route found
47:50.430	ID:1	[DATA_RECV] TS=2870049 | SRC=4 | SEQ=287 | DELAY_MS=48
47:50.715	ID:5	[NODE_STAT] TS=2870001 | ID=5 | OF=0 | PRNT=4 | RANK=1024 | PCHG=2 | CPU=2870000000 | LPM=0 | TX=0 | RX=0
47:50.715	ID:5	[DATA_SEND] TS=2870001 | ID=5 | SEQ=286
47:50.715	ID:5	[WARN: IPv6 Route] No route found
47:50.715	ID:5	[WARN: IPv6 Route] No route found
47:50.750	ID:4	[WARN: IPv6 Route] No route found
47:50.750	ID:4	[WARN: IPv6 Route] No route found
47:50.776	ID:3	[WARN: IPv6 Route] No route found
47:50.776	ID:3	[WARN: IPv6 Route] No route found
47:50.784	ID:1	[DATA_RECV] TS=2870403 | SRC=5 | SEQ=286 | DELAY_MS=402
47:50.899	ID:3	[NODE_STAT] TS=2870001 | ID=3 | OF=0 | PRNT=1 | RANK=512 | PCHG=1 | CPU=2870000000 | LPM=0 | TX=0 | RX=0
47:50.899	ID:3	[DATA_SEND] TS=2870001 | ID=3 | SEQ=287
47:50.899	ID:3	[WARN: IPv6 Route] No route found
47:50.899	ID:3	[WARN: IPv6 Route] No route found
47:50.913	ID:1	[DATA_RECV] TS=2870532 | SRC=3 | SEQ=287 | DELAY_MS=531
48:00.236	ID:2	[NODE_STAT] TS=2880001 | ID=2 | OF=0 | PRNT=1 | RANK=1536 | PCHG=1 | CPU=2880000000 | LPM=0 | TX=0 | RX=0
48:00.236	ID:2	[DATA_SEND] TS=2880001 | ID=2 | SEQ=288
48:00.236	ID:2	[WARN: IPv6 Route] No route found
48:00.236	ID:2	[WARN: IPv6 Route] No route found
48:00.264	ID:1	[DATA_RECV] TS=2879883 | SRC=2 | SEQ=288 | DELAY_MS=0
48:00.348	ID:4	[NODE_STAT] TS=2880001 | ID=4 | OF=0 | PRNT=3 | RANK=768 | PCHG=1 | CPU=2880000000 | LPM=0 | TX=0 | RX=0
48:00.348	ID:4	[DATA_SEND] TS=2880001 | ID=4 | SEQ=288
48:00.348	ID:4	[WARN: IPv6 Route] No route found
48:00.348	ID:4	[WARN: IPv6 Route] No route found
48:00.380	ID:3	[WARN: IPv6 Route] No route found
48:00.380	ID:3	[WARN: IPv6 Route] No route found
48:00.392	ID:1	[DATA_RECV] TS=2880011 | SRC=4 | SEQ=288 | DELAY_MS=10
48:00.715	ID:5	[NODE_STAT] TS=2880001 | ID=5 | OF=0 | PRNT=4 | RANK=1024 | PCHG=2 | CPU=2880000000 | LPM=0 | TX=0 | RX=0
48:00.715	ID:5	[DATA_SEND] TS=2880001 | ID=5 | SEQ=287
48:00.715	ID:5	[WARN: IPv6 Route] No route found
48:00.715	ID:5	[WARN: IPv6 Route] No route found
48:00.756	ID:4	[WARN: IPv6 Route] No route found
48:00.756	ID:4	[WARN: IPv6 Route] No route found
48:00.774	ID:3	[WARN: IPv6 Route] No route found
48:00.774	ID:3	[WARN: IPv6 Route] No route found
48:00.804	ID:1	[DATA_RECV] TS=2880423 | SRC=5 | SEQ=287 | DELAY_MS=422
48:00.899	ID:3	[NODE_STAT] TS=2880001 | ID=3 | OF=0 | PRNT=1 | RANK=512 | PCHG=1 | CPU=2880000000 | LPM=0 | TX=0 | RX=0
48:00.899	ID:3	[DATA_SEND] TS=2880001 | ID=3 | SEQ=288
48:00.899	ID:3	[WARN: IPv6 Route] No route found
48:00.899	ID:3	[WARN: IPv6 Route] No route found
48:00.943	ID:1	[DATA_RECV] TS=2880562 | SRC=3 | SEQ=288 | DELAY_MS=561
48:10.236	ID:2	[NODE_STAT] TS=2890001 | ID=2 | OF=0 | PRNT=1 | RANK=1280 | PCHG=1 | CPU=2890000000 | LPM=0 | TX=0 | RX=0
48:10.236	ID:2	[DATA_SEND] TS=2890001 | ID=2 | SEQ=289
48:10.236	ID:2	[WARN: IPv6 Route] No route found
48:10.236	ID:2	[WARN: IPv6 Route] No route found
48:10.260	ID:1	[DATA_RECV] TS=2889879 | SRC=2 | SEQ=289 | DELAY_MS=0
48:10.348	ID:4	[NODE_STAT] TS=2890001 | ID=4 | OF=0 | PRNT=3 | RANK=768 | PCHG=1 | CPU=2890000000 | LPM=0 | TX=0 | RX=0
48:10.348	ID:4	[DATA_SEND] TS=2890001 | ID=4 | SEQ=289
48:10.348	ID:4	[WARN: IPv6 Route] No route found
48:10.348	ID:4	[WARN: IPv6 Route] No route found
48:10.359	ID:3	[WARN: IPv6 Route] No route found
48:10.359	ID:3	[WARN: IPv6 Route] No route found
48:10.384	ID:1	[DATA_RECV] TS=2890003 | SRC=4 | SEQ=289 | DELAY_MS=2
48:10.715	ID:5	[NODE_STAT] TS=2890001 | ID=5 | OF=0 | PRNT=4 | RANK=1024 | PCHG=2 | CPU=2890000000 | LPM=0 | TX=0 | RX=0
48:10.715	ID:5	[DATA_SEND] TS=2890001 | ID=5 | SEQ=288
48:10.715	ID:5	[WARN: IPv6 Route] No route found
48:10.715	ID:5	[WARN: IPv6 Route] No route found
48:10.737	ID:4	[WARN: IPv6 Route] No route found
48:10.737	ID:4	[WARN: IPv6 Route] No route found
48:10.754	ID:3	[WARN: IPv6 Route] No route found
48:10.754	ID:3	[WARN: IPv6 Route] No route found
48:10.771	ID:1	[DATA_RECV] TS=2890390 | SRC=5 | SEQ=288 | DELAY_MS=389
48:10.899	ID:3	[NODE_STAT] TS=2890001 | ID=3 | OF=0 | PRNT=1 | RANK=512 | PCHG=1 | CPU=2890000000 | LPM=0 | TX=0 | RX=0
48:10.899	ID:3	[DATA_SEND] TS=2890001 | ID=3 | SEQ=289
48:10.899	ID:3	[WARN: IPv6 Route] No route found
48:10.899	ID:3	[WARN: IPv6 Route] No route found
48:10.931	ID:1	[DATA_RECV] TS=2890550 | SRC=3 | SEQ=289 | DELAY_MS=549
48:20.236	ID:2	[NODE_STAT] TS=2900001 | ID=2 | OF=0 | PRNT=1 | RANK=1280 | PCHG=1 | CPU=2900000000 | LPM=0 | TX=0 | RX=0
48:20.236	ID:2	[DATA_SEND] TS=2900001 | ID=2 | SEQ=290
48:20.236	ID:2	[WARN: IPv6 Route] No route found
48:20.236	ID:2	[WARN: IPv6 Route] No route found
48:20.246	ID:1	[DATA_RECV] TS=2899865 | SRC=2 | SEQ=290 | DELAY_MS=0
48:20.348	ID:4	[NODE_STAT] TS=2900001 | ID=4 | OF=0 | PRNT=3 | RANK=768 | PCHG=1 | CPU=2900000000 | LPM=0 | TX=0 | RX=0
48:20.348	ID:4	[DATA_SEND] TS=2900001 | ID=4 | SEQ=290
48:20.348	ID:4	[WARN: IPv6 Route] No route found
48:20.348	ID:4	[WARN: IPv6 Route] No route found
48:20.383	ID:3	[WARN: IPv6 Route] No route found
48:20.383	ID:3	[WARN: IPv6 Route] No route found
48:20.398	ID:1	[DATA_RECV] TS=2900017 | SRC=4 | SEQ=290 | DELAY_MS=16
48:20.715	ID:5	[NODE_STAT] TS=2900001 | ID=5 | OF=0 | PRNT=4 | RANK=1024 | PCHG=2 | CPU=2900000000 | LPM=0 | TX=0 | RX=0
48:20.715	ID:5	[DATA_SEND] TS=2900001 | ID=5 | SEQ=289
48:20.715	ID:5	[WARN: IPv6 Route] No route found
48:20.715	ID:5	[WARN: IPv6 Route] No route found
48:20.730	ID:4	[WARN: IPv6 Route] No route found
48:20.730	ID:4	[WARN: IPv6 Route] No route found
48:20.753	ID:3	[WARN: IPv6 Route] No route found
48:20.753	ID:3	[WARN: IPv6 Route] No route found
48:20.794	ID:1	[DATA_RECV] TS=2900413 | SRC=5 | SEQ=289 | DELAY_MS=412
48:20.899	ID:3	[NODE_STAT] TS=2900001 | ID=3 | OF=0 | PRNT=1 | RANK=512 | PCHG=1 | CPU=2900000000 | LPM=0 | TX=0 | RX=0
48:20.899	ID:3	[DATA_SEND] TS=2900001 | ID=3 | SEQ=290
48:20.899	ID:3	[WARN: IPv6 Route] No route found
48:20.899	ID:3	[WARN: IPv6 Route] No route found
48:20.931	ID:1	[DATA_RECV] TS=2900550 | SRC=3 | SEQ=290 | DELAY_MS=549
48:30.236	ID:2	[NODE_STAT] TS=2910001 | ID=2 | OF=0 | PRNT=1 | RANK=1024 | PCHG=1 | CPU=2910000000 | LPM=0 | TX=0 | RX=0
48:30.236	ID:2	[DATA_SEND] TS=2910001 | ID=2 | SEQ=291
48:30.236	ID:2	[WARN: IPv6 Route] No route found
48:30.236	ID:2	[WARN: IPv6 Route] No route found
48:30.305	ID:1	[DATA_RECV] TS=2909924 | SRC=2 | SEQ=291 | DELAY_MS=0
48:30.348	ID:4	[NODE_STAT] TS=2910001 | ID=4 | OF=0 | PRNT=3 | RANK=768 | PCHG=1 | CPU=2910000000 | LPM=0 | TX=0 | RX=0
48:30.348	ID:4	[DATA_SEND] TS=2910001 | ID=4 | SEQ=291
48:30.348	ID:4	[WARN: IPv6 Route] No route found
48:30.348	ID:4	[WARN: IPv6 Route] No route found
48:30.382	ID:3	[WARN: IPv6 Route] No route found
48:30.382	ID:3	[WARN: IPv6 Route] No route found
48:30.407	ID:1	[DATA_RECV] TS=2910026 | SRC=4 | SEQ=291 | DELAY_MS=25
48:30.715	ID:5	[NODE_STAT] TS=2910001 | ID=5 | OF=0 | PRNT=4 | RANK=1024 | PCHG=2 | CPU=2910000000 | LPM=0 | TX=0 | RX=0
48:30.715	ID:5	[DATA_SEND] TS=2910001 | ID=5 | SEQ=290
48:30.715	ID:5	[WARN: IPv6 Route] No route found
48:30.715	ID:5	[WARN: IPv6 Route] No route found
48:30.740	ID:4	[WARN: IPv6 Route] No route found
48:30.740	ID:4	[WARN: IPv6 Route] No route found
48:30.783	ID:3	[WARN: IPv6 Route] No route found
48:30.783	ID:3	[WARN: IPv6 Route] No route found
48:30.820	ID:1	[DATA_RECV] TS=2910439 | SRC=5 | SEQ=290 | DELAY_MS=438
48:30.899	ID:3	[NODE_STAT] TS=2910001 | ID=3 | OF=0 | PRNT=1 | RANK=512 | PCHG=1 | CPU=2910000000 | LPM=0 | TX=0 | RX=0
48:30.899	ID:3	[DATA_SEND] TS=2910001 | ID=3 | SEQ=291
48:30.899	ID:3	[WARN: IPv6 Route] No route found
48:30.899	ID:3	[WARN: IPv6 Route] No route found
48:30.915	ID:1	[DATA_RECV] TS=2910534 | SRC=3 | SEQ=291 | DELAY_MS=533
48:40.236	ID:2	[NODE_STAT] TS=2920001 | ID=2 | OF=0 | PRNT=1 | RANK=1024 | PCHG=1 | CPU=2920000000 | LPM=0 | TX=0 | RX=0
48:40.236	ID:2	[DATA_SEND] TS=2920001 | ID=2 | SEQ=292
48:40.236	ID:2	[WARN: IPv6 Route] No route found
48:40.236	ID:2	[WARN: IPv6 Route] No route found
48:40.272	ID:1	[DATA_RECV] TS=2919891 | SRC=2 | SEQ=292 | DELAY_MS=0
48:40.348	ID:4	[NODE_STAT] TS=2920001 | ID=4 | OF=0 | PRNT=3 | RANK=768 | PCHG=1 | CPU=2920000000 | LPM=0 | TX=0 | RX=0
48:40.348	ID:4	[DATA_SEND] TS=2920001 | ID=4 | SEQ=292
48:40.348	ID:4	[WARN: IPv6 Route] No route found
48:40.348	ID:4	[WARN: IPv6 Route] No route found
48:40.359	ID:3	[WARN: IPv6 Route] No route found
48:40.359	ID:3	[WARN: IPv6 Route] No route found
48:40.394	ID:1	[DATA_RECV] TS=2920013 | SRC=4 | SEQ=292 | DELAY_MS=12
48:40.715	ID:5	[NODE_STAT] TS=2920001 | ID=5 | OF=0 | PRNT=4 | RANK=1024 | PCHG=2 | CPU=2920000000 | LPM=0 | TX=0 | RX=0
48:40.715	ID:5	[DATA_SEND] TS=2920001 | ID=5 | SEQ=291
48:40.715	ID:5	[WARN: IPv6 Route] No route found
48:40.715	ID:5	[WARN: IPv6 Route] No route found
48:40.755	ID:4	[WARN: IPv6 Route] No route found
48:40.755	ID:4	[WARN: IPv6 Route] No route found
48:40.800	ID:3	[WARN: IPv6 Route] No route found
48:40.800	ID:3	[WARN: IPv6 Route] No route found
48:40.813	ID:1	[DATA_RECV] TS=2920432 | SRC=5 | SEQ=291 | DELAY_MS=431
48:40.899	ID:3	[NODE_STAT] TS=2920001 | ID=3 | OF=0 | PRNT=1 | RANK=512 | PCHG=1 | CPU=2920000000 | LPM=0 | TX=0 | RX=0
48:40.899	ID:3	[DATA_SEND] TS=2920001 | ID=3 | SEQ=292
48:40.899	ID:3	[WARN: IPv6 Route] No route found
48:40.899	ID:3	[WARN: IPv6 Route] No route found
48:40.941	ID:1	[DATA_RECV] TS=2920560 | SRC=3 | SEQ=292 | DELAY_MS=559
48:50.236	ID:2	[NODE_STAT] TS=2930001 | ID=2 | OF=0 | PRNT=1 | RANK=1024 | PCHG=1 | CPU=2930000000 | LPM=0 | TX=0 | RX=0
48:50.236	ID:2	[DATA_SEND] TS=2930001 | ID=2 | SEQ=293
48:50.236	ID:2	[WARN: IPv6 Route] No route found
48:50.236	ID:2	[WARN: IPv6 Route] No route found
48:50.278	ID:1	[DATA_RECV] TS=2929897 | SRC=2 | SEQ=293 | DELAY_MS=0
48:50.348	ID:4	[NODE_STAT] TS=2930001 | ID=4 | OF=0 | PRNT=3 | RANK=768 | PCHG=1 | CPU=2930000000 | LPM=0 | TX=0 | RX=0
48:50.348	ID:4	[DATA_SEND] TS=2930001 | ID=4 | SEQ=293
48:50.348	ID:4	[WARN: IPv6 Route] No route found
48:50.348	ID:4	[WARN: IPv6 Route] No route found
48:50.390	ID:3	[WARN: IPv6 Route] No route found
48:50.390	ID:3	[WARN: IPv6 Route] No route found
48:50.434	ID:1	[DATA_RECV] TS=2930053 | SRC=4 | SEQ=293 | DELAY_MS=52
48:50.715	ID:5	[NODE_STAT] TS=2930001 | ID=5 | OF=0 | PRNT=4 | RANK=1024 | PCHG=2 | CPU=2930000000 | LPM=0 | TX=0 | RX=0
48:50.715	ID:5	[DATA_SEND] TS=2930001 | ID=5 | SEQ=292
48:50.715	ID:5	[WARN: IPv6 Route] No route found
48:50.715	ID:5	[WARN: IPv6 Route] No route found
48:50.743	ID:4	[WARN: IPv6 Route] No route found
48:50.743	ID:4	[WARN: IPv6 Route] No route found
48:50.784	ID:3	[WARN: IPv6 Route] No route found
48:50.784	ID:3	[WARN: IPv6 Route] No route found
48:50.824	ID:1	[DATA_RECV] TS=2930443 | SRC=5 | SEQ=292 | DELAY_MS=442
48:50.899	ID:3	[NODE_STAT] TS=2930001 | ID=3 | OF=0 | PRNT=1 | RANK=512 | PCHG=1 | CPU=2930000000 | LPM=0 | TX=0 | RX=0
48:50.899	ID:3	[DATA_SEND] TS=2930001 | ID=3 | SEQ=293
48:50.899	ID:3	[WARN: IPv6 Route] No route found
48:50.899	ID:3	[WARN: IPv6 Route] No route found
48:50.935	ID:1	[DATA_RECV] TS=2930554 | SRC=3 | SEQ=293 | DELAY_MS=553
49:00.236	ID:2	[NODE_STAT] TS=2940001 | ID=2 | OF=0 | PRNT=1 | RANK=1024 | PCHG=1 | CPU=2940000000 | LPM=0 | TX=0 | RX=0
49:00.236	ID:2	[DATA_SEND] TS=2940001 | ID=2 | SEQ=294
49:00.236	ID:2	[WARN: IPv6 Route] No route found
49:00.236	ID:2	[WARN: IPv6 Route] No route found
49:00.317	ID:1	[DATA_RECV] TS=2939936 | SRC=2 | SEQ=294 | DELAY_MS=0
49:00.348	ID:4	[NODE_STAT] TS=2940001 | ID=4 | OF=0 | PRNT=3 | RANK=768 | PCHG=1 | CPU=2940000000 | LPM=0 | TX=0 | RX=0
49:00.348	ID:4	[DATA_SEND] TS=2940001 | ID=4 | SEQ=294
49:00.348	ID:4	[WARN: IPv6 Route] No route found
49:00.348	ID:4	[WARN: IPv6 Route] No route found
49:00.357	ID:3	[WARN: IPv6 Route] No route found
49:00.357	ID:3	[WARN: IPv6 Route] No route found
49:00.399	ID:1	[DATA_RECV] TS=2940018 | SRC=4 | SEQ=294 | DELAY_MS=17
49:00.715	ID:5	[NODE_STAT] TS=2940001 | ID=5 | OF=0 | PRNT=4 | RANK=1024 | PCHG=2 | CPU=2940000000 | LPM=0 | TX=0 | RX=0
49:00.715	ID:5	[DATA_SEND] TS=2940001 | ID=5 | SEQ=293
49:00.715	ID:5	[WARN: IPv6 Route] No route found
49:00.715	ID:5	[WARN: IPv6 Route] No route found
49:00.738	ID:4	[WARN: IPv6 Route] No route found
49:00.738	ID:4	[WARN: IPv6 Route] No route found
49:00.778	ID:3	[WARN: IPv6 Route] No route found
49:00.778	ID:3	[WARN: IPv6 Route] No route found
49:00.800	ID:1	[DATA_RECV] TS=2940419 | SRC=5 | SEQ=293 | DELAY_MS=418
49:00.899	ID:3	[NODE_STAT] TS=2940001 | ID=3 | OF=0 | PRNT=1 | RANK=512 | PCHG=1 | CPU=2940000000 | LPM=0 | TX=0 | RX=0
49:00.899	ID:3	[DATA_SEND] TS=2940001 | ID=3 | SEQ=294
49:00.899	ID:3	[WARN: IPv6 Route] No route found
49:00.899	ID:3	[WARN: IPv6 Route] No route found
49:00.938	ID:1	[DATA_RECV] TS=2940557 | SRC=3 | SEQ=294 | DELAY_MS=556
49:10.236	ID:2	[NODE_STAT] TS=2950001 | ID=2 | OF=0 | PRNT=1 | RANK=1024 | PCHG=1 | CPU=2950000000 | LPM=0 | TX=0 | RX=0
49:10.236	ID:2	[DATA_SEND] TS=2950001 | ID=2 | SEQ=295
49:10.236	ID:2	[WARN: IPv6 Route] No route found
49:10.236	ID:2	[WARN: IPv6 Route] No route found
49:10.254	ID:1	[DATA_RECV] TS=2949873 | SRC=2 | SEQ=295 | DELAY_MS=0
49:10.348	ID:4	[NODE_STAT] TS=2950001 | ID=4 | OF=0 | PRNT=3 | RANK=768 | PCHG=1 | CPU=2950000000 | LPM=0 | TX=0 | RX=0
49:10.348	ID:4	[DATA_SEND] TS=2950001 | ID=4 | SEQ=295
49:10.348	ID:4	[WARN: IPv6 Route] No route found
49:10.348	ID:4	[WARN: IPv6 Route] No route found
49:10.376	ID:3	[WARN: IPv6 Route] No route found
49:10.376	ID:3	[WARN: IPv6 Route] No route found
49:10.420	ID:1	[DATA_RECV] TS=2950039 | SRC=4 | SEQ=295 | DELAY_MS=38
49:10.715	ID:5	[NODE_STAT] TS=2950001 | ID=5 | OF=0 | PRNT=4 | RANK=1024 | PCHG=2 | CPU=2950000000 | LPM=0 | TX=0 | RX=0
49:10.715	ID:5	[DATA_SEND] TS=2950001 | ID=5 | SEQ=294
49:10.715	ID:5	[WARN: IPv6 Route] No route found
49:10.715	ID:5	[WARN: IPv6 Route] No route found
49:10.729	ID:4	[WARN: IPv6 Route] No route found
49:10.729	ID:4	[WARN: IPv6 Route] No route found
49:10.753	ID:3	[WARN: IPv6 Route] No route found
49:10.753	ID:3	[WARN: IPv6 Route] No route found
49:10.759	ID:1	[DATA_RECV] TS=2950378 | SRC=5 | SEQ=294 | DELAY_MS=377
49:10.899	ID:3	[NODE_STAT] TS=2950001 | ID=3 | OF=0 | PRNT=1 | RANK=512 | PCHG=1 | CPU=2950000000 | LPM=0 | TX=0 | RX=0
49:10.899	ID:3	[DATA_SEND] TS=2950001 | ID=3 | SEQ=295
49:10.899	ID:3	[WARN: IPv6 Route] No route found
49:10.899	ID:3	[WARN: IPv6 Route] No route found
49:10.922	ID:1	[DATA_RECV] TS=2950541 | SRC=3 | SEQ=295 | DELAY_MS=540
49:20.236	ID:2	[NODE_STAT] TS=2960001 | ID=2 | OF=0 | PRNT=1 | RANK=1024 | PCHG=1 | CPU=2960000000 | LPM=0 | TX=0 | RX=0
49:20.236	ID:2	[DATA_SEND] TS=2960001 | ID=2 | SEQ=296
49:20.236	ID:2	[WARN: IPv6 Route] No route found
49:20.236	ID:2	[WARN: IPv6 Route] No route found
49:20.243	ID:1	[DATA_RECV] TS=2959862 | SRC=2 | SEQ=296 | DELAY_MS=0
49:20.348	ID:4	[NODE_STAT] TS=2960001 | ID=4 | OF=0 | PRNT=3 | RANK=768 | PCHG=1 | CPU=2960000000 | LPM=0 | TX=0 | RX=0
49:20.348	ID:4	[DATA_SEND] TS=2960001 | ID=4 | SEQ=296
49:20.348	ID:4	[WARN: IPv6 Route] No route found
49:20.348	ID:4	[WARN: IPv6 Route] No route found
49:20.356	ID:3	[WARN: IPv6 Route] No route found
49:20.356	ID:3	[WARN: IPv6 Route] No route found
49:20.383	ID:1	[DATA_RECV] TS=2960002 | SRC=4 | SEQ=296 | DELAY_MS=1
49:20.715	ID:5	[NODE_STAT] TS=2960001 | ID=5 | OF=0 | PRNT=4 | RANK=1024 | PCHG=2 | CPU=2960000000 | LPM=0 | TX=0 | RX=0
49:20.715	ID:5	[DATA_SEND] TS=2960001 | ID=5 | SEQ=295
49:20.715	ID:5	[WARN: IPv6 Route] No route found
49:20.715	ID:5	[WARN: IPv6 Route] No route found
49:20.760	ID:4	[WARN: IPv6 Route] No route found
49:20.760	ID:4	[WARN: IPv6 Route] No route found
49:20.766	ID:3	[WARN: IPv6 Route] No route found
49:20.766	ID:3	[WARN: IPv6 Route] No route found
49:20.775	ID:1	[DATA_RECV] TS=2960394 | SRC=5 | SEQ=295 | DELAY_MS=393
49:20.899	ID:3	[NODE_STAT] TS=2960001 | ID=3 | OF=0 | PRNT=1 | RANK=512 | PCHG=1 | CPU=2960000000 | LPM=0 | TX=0 | RX=0
49:20.899	ID:3	[DATA_SEND] TS=2960001 | ID=3 | SEQ=296
49:20.899	ID:3	[WARN: IPv6 Route] No route found
49:20.899	ID:3	[WARN: IPv6 Route] No route found
49:20.910	ID:1	[DATA_RECV] TS=2960529 | SRC=3 | SEQ=296 | DELAY_MS=528
49:30.236	ID:2	[NODE_STAT] TS=2970001 | ID=2 | OF=0 | PRNT=1 | RANK=1024 | PCHG=1 | CPU=2970000000 | LPM=0 | TX=0 | RX=0
49:30.236	ID:2	[DATA_SEND] TS=2970001 | ID=2 | SEQ=297
49:30.236	ID:2	[WARN: IPv6 Route] No route found
49:30.236	ID:2	[WARN: IPv6 Route] No route found
49:30.304	ID:1	[DATA_RECV] TS=2969923 | SRC=2 | SEQ=297 | DELAY_MS=0
49:30.348	ID:4	[NODE_STAT] TS=2970001 | ID=4 | OF=0 | PRNT=3 | RANK=768 | PCHG=1 | CPU=2970000000 | LPM=0 | TX=0 | RX=0
49:30.348	ID:4	[DATA_SEND] TS=2970001 | ID=4 | SEQ=297
49:30.348	ID:4	[WARN: IPv6 Route] No route found
49:30.348	ID:4	[WARN: IPv6 Route] No route found
49:30.364	ID:3	[WARN: IPv6 Route] No route found
49:30.364	ID:3	[WARN: IPv6 Route] No route found
49:30.373	ID:1	[DATA_RECV] TS=2969992 | SRC=4 | SEQ=297 | DELAY_MS=0
49:30.715	ID:5	[NODE_STAT] TS=2970001 | ID=5 | OF=0 | PRNT=4 | RANK=1024 | PCHG=2 | CPU=2970000000 | LPM=0 | TX=0 | RX=0
49:30.715	ID:5	[DATA_SEND] TS=2970001 | ID=5 | SEQ=296
49:30.715	ID:5	[WARN: IPv6 Route] No route found
49:30.715	ID:5	[WARN: IPv6 Route] No route found
49:30.730	ID:4	[WARN: IPv6 Route] No route found
49:30.730	ID:4	[WARN: IPv6 Route] No route found
49:30.774	ID:3	[WARN: IPv6 Route] No route found
49:30.774	ID:3	[WARN: IPv6 Route] No route found
49:30.815	ID:1	[DATA_RECV] TS=2970434 | SRC=5 | SEQ=296 | DELAY_MS=433
49:30.899	ID:3	[NODE_STAT] TS=2970001 | ID=3 | OF=0 | PRNT=1 | RANK=512 | PCHG=1 | CPU=2970000000 | LPM=0 | TX=0 | RX=0
49:30.899	ID:3	[DATA_SEND] TS=2970001 | ID=3 | SEQ=297
49:30.899	ID:3	[WARN: IPv6 Route] No route found
49:30.899	ID:3	[WARN: IPv6 Route] No route found
49:30.936	ID:1	[DATA_RECV] TS=2970555 | SRC=3 | SEQ=297 | DELAY_MS=554
49:40.236	ID:2	[NODE_STAT] TS=2980001 | ID=2 | OF=0 | PRNT=1 | RANK=1024 | PCHG=1 | CPU=2980000000 | LPM=0 | TX=0 | RX=0
49:40.236	ID:2	[DATA_SEND] TS=2980001 | ID=2 | SEQ=298
49:40.236	ID:2	[WARN: IPv6 Route] No route found
49:40.236	ID:2	[WARN: IPv6 Route] No route found
49:40.276	ID:1	[DATA_RECV] TS=2979895 | SRC=2 | SEQ=298 | DELAY_MS=0
49:40.348	ID:4	[NODE_STAT] TS=2980001 | ID=4 | OF=0 | PRNT=3 | RANK=768 | PCHG=1 | CPU=2980000000 | LPM=0 | TX=0 | RX=0
49:40.348	ID:4	[DATA_SEND] TS=2980001 | ID=4 | SEQ=298
49:40.348	ID:4	[WARN: IPv6 Route] No route found
49:40.348	ID:4	[WARN: IPv6 Route] No route found
49:40.391	ID:3	[WARN: IPv6 Route] No route found
49:40.391	ID:3	[WARN: IPv6 Route] No route found
49:40.435	ID:1	[DATA_RECV] TS=2980054 | SRC=4 | SEQ=298 | DELAY_MS=53
49:40.715	ID:5	[NODE_STAT] TS=2980001 | ID=5 | OF=0 | PRNT=4 | RANK=1024 | PCHG=2 | CPU=2980000000 | LPM=0 | TX=0 | RX=0
49:40.715	ID:5	[DATA_SEND] TS=2980001 | ID=5 | SEQ=297
49:40.715	ID:5	[WARN: IPv6 Route] No route found
49:40.715	ID:5	[WARN: IPv6 Route] No route found
49:40.753	ID:4	[WARN: IPv6 Route] No route found
49:40.753	ID:4	[WARN: IPv6 Route] No route found
49:40.763	ID:3	[WARN: IPv6 Route] No route found
49:40.763	ID:3	[WARN: IPv6 Route] No route found
49:40.788	ID:1	[DATA_RECV] TS=2980407 | SRC=5 | SEQ=297 | DELAY_MS=406
49:40.899	ID:3	[NODE_STAT] TS=2980001 | ID=3 | OF=0 | PRNT=1 | RANK=512 | PCHG=1 | CPU=2980000000 | LPM=0 | TX=0 | RX=0
49:40.899	ID:3	[DATA_SEND] TS=2980001 | ID=3 | SEQ=298
49:40.899	ID:3	[WARN: IPv6 Route] No route found
49:40.899	ID:3	[WARN: IPv6 Route] No route found
49:40.931	ID:1	[DATA_RECV] TS=2980550 | SRC=3 | SEQ=298 | DELAY_MS=549
49:50.236	ID:2	[NODE_STAT] TS=2990001 | ID=2 | OF=0 | PRNT=1 | RANK=1024 | PCHG=1 | CPU=2990000000 | LPM=0 | TX=0 | RX=0
49:50.236	ID:2	[DATA_SEND] TS=2990001 | ID=2 | SEQ=299
49:50.236	ID:2	[WARN: IPv6 Route] No route found
49:50.236	ID:2	[WARN: IPv6 Route] No route found
49:50.274	ID:1	[DATA_RECV] TS=2989893 | SRC=2 | SEQ=299 | DELAY_MS=0
49:50.348	ID:4	[NODE_STAT] TS=2990001 | ID=4 | OF=0 | PRNT=3 | RANK=768 | PCHG=1 | CPU=2990000000 | LPM=0 | TX=0 | RX=0
49:50.348	ID:4	[DATA_SEND] TS=2990001 | ID=4 | SEQ=299
49:50.348	ID:4	[WARN: IPv6 Route] No route found
49:50.348	ID:4	[WARN: IPv6 Route] No route found
49:50.384	ID:3	[WARN: IPv6 Route] No route found
49:50.384	ID:3	[WARN: IPv6 Route] No route found
49:50.417	ID:1	[DATA_RECV] TS=2990036 | SRC=4 | SEQ=299 | DELAY_MS=35
49:50.715	ID:5	[NODE_STAT] TS=2990001 | ID=5 | OF=0 | PRNT=4 | RANK=1024 | PCHG=2 | CPU=2990000000 | LPM=0 | TX=0 | RX=0
49:50.715	ID:5	[DATA_SEND] TS=2990001 | ID=5 | SEQ=298
49:50.715	ID:5	[WARN: IPv6 Route] No route found
49:50.715	ID:5	[WARN: IPv6 Route] No route found
49:50.728	ID:4	[WARN: IPv6 Route] No route found
49:50.728	ID:4	[WARN: IPv6 Route] No route found
49:50.745	ID:3	[WARN: IPv6 Route] No route found
49:50.745	ID:3	[WARN: IPv6 Route] No route found
49:50.761	ID:1	[DATA_RECV] TS=2990380 | SRC=5 | SEQ=298 | DELAY_MS=379
49:50.899	ID:3	[NODE_STAT] TS=2990001 | ID=3 | OF=0 | PRNT=1 | RANK=512 | PCHG=1 | CPU=2990000000 | LPM=0 | TX=0 | RX=0
49:50.899	ID:3	[DATA_SEND] TS=2990001 | ID=3 | SEQ=299
49:50.899	ID:3	[WARN: IPv6 Route] No route found
49:50.899	ID:3	[WARN: IPv6 Route] No route found
49:50.913	ID:1	[DATA_RECV] TS=2990532 | SRC=3 | SEQ=299 | DELAY_MS=531
50:00.236	ID:2	[NODE_STAT] TS=3000001 | ID=2 | OF=0 | PRNT=1 | RANK=1024 | PCHG=1 | CPU=3000000000 | LPM=0 | TX=0 | RX=0
50:00.236	ID:2	[DATA_SEND] TS=3000001 | ID=2 | SEQ=300
50:00.236	ID:2	[WARN: IPv6 Route] No route found
50:00.236	ID:2	[WARN: IPv6 Route] No route found
50:00.280	ID:1	[DATA_RECV] TS=2999899 | SRC=2 | SEQ=300 | DELAY_MS=0
50:00.348	ID:4	[NODE_STAT] TS=3000001 | ID=4 | OF=0 | PRNT=3 | RANK=768 | PCHG=1 | CPU=3000000000 | LPM=0 | TX=0 | RX=0
50:00.348	ID:4	[DATA_SEND] TS=3000001 | ID=4 | SEQ=300
50:00.348	ID:4	[WARN: IPv6 Route] No route found
50:00.348	ID:4	[WARN: IPv6 Route] No route found
50:00.366	ID:3	[WARN: IPv6 Route] No route found
50:00.366	ID:3	[WARN: IPv6 Route] No route found
50:00.411	ID:1	[DATA_RECV] TS=3000030 | SRC=4 | SEQ=300 | DELAY_MS=29
50:00.715	ID:5	[NODE_STAT] TS=3000001 | ID=5 | OF=0 | PRNT=4 | RANK=1024 | PCHG=2 | CPU=3000000000 | LPM=0 | TX=0 | RX=0
50:00.715	ID:5	[DATA_SEND] TS=3000001 | ID=5 | SEQ=299
50:00.715	ID:5	[WARN: IPv6 Route] No route found
50:00.715	ID:5	[WARN: IPv6 Route] No route found
50:00.720	ID:4	[WARN: IPv6 Route] No route found
50:00.720	ID:4	[WARN: IPv6 Route] No route found
50:00.729	ID:3	[WARN: IPv6 Route] No route found
50:00.729	ID:3	[WARN: IPv6 Route] No route found
50:00.760	ID:1	[DATA_RECV] TS=3000379 | SRC=5 | SEQ=299 | DELAY_MS=378
50:00.899	ID:3	[NODE_STAT] TS=3000001 | ID=3 | OF=0 | PRNT=1 | RANK=512 | PCHG=1 | CPU=3000000000 | LPM=0 | TX=0 | RX=0
50:00.899	ID:3	[DATA_SEND] TS=3000001 | ID=3 | SEQ=300
50:00.899	ID:3	[WARN: IPv6 Route] No route found
50:00.899	ID:3	[WARN: IPv6 Route] No route found
50:00.942	ID:1	[DATA_RECV] TS=3000561 | SRC=3 | SEQ=300 | DELAY_MS=560
50:10.236	ID:2	[NODE_STAT] TS=3010001 | ID=2 | OF=0 | PRNT=1 | RANK=1024 | PCHG=1 | CPU=3010000000 | LPM=0 | TX=0 | RX=0
50:10.236	ID:2	[DATA_SEND] TS=3010001 | ID=2 | SEQ=301
50:10.236	ID:2	[WARN: IPv6 Route] No route found
50:10.236	ID:2	[WARN: IPv6 Route] No route found
50:10.252	ID:1	[DATA_RECV] TS=3009871 | SRC=2 | SEQ=301 | DELAY_MS=0
50:10.348	ID:4	[NODE_STAT] TS=3010001 | ID=4 | OF=0 | PRNT=3 | RANK=768 | PCHG=1 | CPU=3010000000 | LPM=0 | TX=0 | RX=0
50:10.348	ID:4	[DATA_SEND] TS=3010001 | ID=4 | SEQ=301
50:10.348	ID:4	[WARN: IPv6 Route] No route found
50:10.348	ID:4	[WARN: IPv6 Route] No route found
50:10.390	ID:3	[WARN: IPv6 Route] No route found
50:10.390	ID:3	[WARN: IPv6 Route] No route found
50:10.432	ID:1	[DATA_RECV] TS=3010051 | SRC=4 | SEQ=301 | DELAY_MS=50
50:10.715	ID:5	[NODE_STAT] TS=3010001 | ID=5 | OF=0 | PRNT=4 | RANK=1024 | PCHG=2 | CPU=3010000000 | LPM=0 | TX=0 | RX=0
50:10.715	ID:5	[DATA_SEND] TS=3010001 | ID=5 | SEQ=300
50:10.715	ID:5	[WARN: IPv6 Route] No route found
50:10.715	ID:5	[WARN: IPv6 Route] No route found
50:10.744	ID:4	[WARN: IPv6 Route] No route found
50:10.744	ID:4	[WARN: IPv6 Route] No route found
50:10.779	ID:3	[WARN: IPv6 Route] No route found
50:10.779	ID:3	[WARN: IPv6 Route] No route found
50:10.799	ID:1	[DATA_RECV] TS=3010418 | SRC=5 | SEQ=300 | DELAY_MS=417
50:10.899	ID:3	[NODE_STAT] TS=3010001 | ID=3 | OF=0 | PRNT=1 | RANK=512 | PCHG=1 | CPU=3010000000 | LPM=0 | TX=0 | RX=0
50:10.899	ID:3	[DATA_SEND] TS=3010001 | ID=3 | SEQ=301
50:10.899	ID:3	[WARN: IPv6 Route] No route found
50:10.899	ID:3	[WARN: IPv6 Route] No route found
50:10.925	ID:1	[DATA_RECV] TS=3010544 | SRC=3 | SEQ=301 | DELAY_MS=543
50:20.236	ID:2	[NODE_STAT] TS=3020001 | ID=2 | OF=0 | PRNT=1 | RANK=768 | PCHG=1 | CPU=3020000000 | LPM=0 | TX=0 | RX=0
50:20.236	ID:2	[DATA_SEND] TS=3020001 | ID=2 | SEQ=302
50:20.236	ID:2	[WARN: IPv6 Route] No route found
50:20.236	ID:2	[WARN: IPv6 Route] No route found
50:20.271	ID:1	[DATA_RECV] TS=3019890 | SRC=2 | SEQ=302 | DELAY_MS=0
50:20.348	ID:4	[NODE_STAT] TS=3020001 | ID=4 | OF=0 | PRNT=3 | RANK=768 | PCHG=1 | CPU=3020000000 | LPM=0 | TX=0 | RX=0
50:20.348	ID:4	[DATA_SEND] TS=3020001 | ID=4 | SEQ=302
50:20.348	ID:4	[WARN: IPv6 Route] No route found
50:20.348	ID:4	[WARN: IPv6 Route] No route found
50:20.388	ID:3	[WARN: IPv6 Route] No route found
50:20.388	ID:3	[WARN: IPv6 Route] No route found
50:20.429	ID:1	[DATA_RECV] TS=3020048 | SRC=4 | SEQ=302 | DELAY_MS=47
50:20.715	ID:5	[NODE_STAT] TS=3020001 | ID=5 | OF=0 | PRNT=4 | RANK=1024 | PCHG=2 | CPU=3020000000 | LPM=0 | TX=0 | RX=0
50:20.715	ID:5	[DATA_SEND] TS=3020001 | ID=5 | SEQ=301
50:20.715	ID:5	[WARN: IPv6 Route] No route found
50:20.715	ID:5	[WARN: IPv6 Route] No route found
50:20.755	ID:4	[WARN: IPv6 Route] No route found
50:20.755	ID:4	[WARN: IPv6 Route] No route found
50:20.786	ID:3	[WARN: IPv6 Route] No route found
50:20.786	ID:3	[WARN: IPv6 Route] No route found
50:20.797	ID:1	[DATA_RECV] TS=3020416 | SRC=5 | SEQ=301 | DELAY_MS=415
50:20.899	ID:3	[NODE_STAT] TS=3020001 | ID=3 | OF=0 | PRNT=1 | RANK=512 | PCHG=1 | CPU=3020000000 | LPM=0 | TX=0 | RX=0
50:20.899	ID:3	[DATA_SEND] TS=3020001 | ID=3 | SEQ=302
50:20.899	ID:3	[WARN: IPv6 Route] No route found
50:20.899	ID:3	[WARN: IPv6 Route] No route found
50:20.933	ID:1	[DATA_RECV] TS=3020552 | SRC=3 | SEQ=302 | DELAY_MS=551
50:30.236	ID:2	[NODE_STAT] TS=3030001 | ID=2 | OF=0 | PRNT=1 | RANK=768 | PCHG=1 | CPU=3030000000 | LPM=0 | TX=0 | RX=0
50:30.236	ID:2	[DATA_SEND] TS=3030001 | ID=2 | SEQ=303
50:30.236	ID:2	[WARN: IPv6 Route] No route found
50:30.236	ID:2	[WARN: IPv6 Route] No route found
50:30.302	ID:1	[DATA_RECV] TS=3029921 | SRC=2 | SEQ=303 | DELAY_MS=0
50:30.348	ID:4	[NODE_STAT] TS=3030001 | ID=4 | OF=0 | PRNT=3 | RANK=768 | PCHG=1 | CPU=3030000000 | LPM=0 | TX=0 | RX=0
50:30.348	ID:4	[DATA_SEND] TS=3030001 | ID=4 | SEQ=303
50:30.348	ID:4	[WARN: IPv6 Route] No route found
50:30.348	ID:4	[WARN: IPv6 Route] No route found
50:30.355	ID:3	[WARN: IPv6 Route] No route found
50:30.355	ID:3	[WARN: IPv6 Route] No route found
50:30.379	ID:1	[DATA_RECV] TS=3029998 | SRC=4 | SEQ=303 | DELAY_MS=0
50:30.715	ID:5	[NODE_STAT] TS=3030001 | ID=5 | OF=0 | PRNT=4 | RANK=1024 | PCHG=2 | CPU=3030000000 | LPM=0 | TX=0 | RX=0
50:30.715	ID:5	[DATA_SEND] TS=3030001 | ID=5 | SEQ=302
50:30.715	ID:5	[WARN: IPv6 Route] No route found
50:30.715	ID:5	[WARN: IPv6 Route] No route found
50:30.729	ID:4	[WARN: IPv6 Route] No route found
50:30.729	ID:4	[WARN: IPv6 Route] No route found
50:30.774	ID:3	[WARN: IPv6 Route] No route found
50:30.774	ID:3	[WARN: IPv6 Route] No route found
50:30.794	ID:1	[DATA_RECV] TS=3030413 | SRC=5 | SEQ=302 | DELAY_MS=412
50:30.899	ID:3	[NODE_STAT] TS=3030001 | ID=3 | OF=0 | PRNT=1 | RANK=512 | PCHG=1 | CPU=3030000000 | LPM=0 | TX=0 | RX=0
50:30.899	ID:3	[DATA_SEND] TS=3030001 | ID=3 | SEQ=303
50:30.899	ID:3	[WARN: IPv6 Route] No route found
50:30.899	ID:3	[WARN: IPv6 Route] No route found
50:30.910	ID:1	[DATA_RECV] TS=3030529 | SRC=3 | SEQ=303 | DELAY_MS=528
50:40.236	ID:2	[NODE_STAT] TS=3040001 | ID=2 | OF=0 | PRNT=1 | RANK=768 | PCHG=1 | CPU=3040000000 | LPM=0 | TX=0 | RX=0
50:40.236	ID:2	[DATA_SEND] TS=3040001 | ID=2 | SEQ=304
50:40.236	ID:2	[WARN: IPv6 Route] No route found
50:40.236	ID:2	[WARN: IPv6 Route] No route found
50:40.260	ID:1	[DATA_RECV] TS=3039879 | SRC=2 | SEQ=304 | DELAY_MS=0
50:40.348	ID:4	[NODE_STAT] TS=3040001 | ID=4 | OF=0 | PRNT=3 | RANK=768 | PCHG=1 | CPU=3040000000 | LPM=0 | TX=0 | RX=0
50:40.348	ID:4	[DATA_SEND] TS=3040001 | ID=4 | SEQ=304
50:40.348	ID:4	[WARN: IPv6 Route] No route found
50:40.348	ID:4	[WARN: IPv6 Route] No route found
50:40.393	ID:3	[WARN: IPv6 Route] No route found
50:40.393	ID:3	[WARN: IPv6 Route] No route found
50:40.435	ID:1	[DATA_RECV] TS=3040054 | SRC=4 | SEQ=304 | DELAY_MS=53
50:40.715	ID:5	[NODE_STAT] TS=3040001 | ID=5 | OF=0 | PRNT=4 | RANK=1024 | PCHG=2 | CPU=3040000000 | LPM=0 | TX=0 | RX=0
50:40.715	ID:5	[DATA_SEND] TS=3040001 | ID=5 | SEQ=303
50:40.715	ID:5	[WARN: IPv6 Route] No route found
50:40.715	ID:5	[WARN: IPv6 Route] No route found
50:40.754	ID:4	[WARN: IPv6 Route] No route found
50:40.754	ID:4	[WARN: IPv6 Route] No route found
50:40.780	ID:3	[WARN: IPv6 Route] No route found
50:40.780	ID:3	[WARN: IPv6 Route] No route found
50:40.818	ID:1	[DATA_RECV] TS=3040437 | SRC=5 | SEQ=303 | DELAY_MS=436
50:40.899	ID:3	[NODE_STAT] TS=3040001 | ID=3 | OF=0 | PRNT=1 | RANK=512 | PCHG=1 | CPU=3040000000 | LPM=0 | TX=0 | RX=0
50:40.899	ID:3	[DATA_SEND] TS=3040001 | ID=3 | SEQ=304
50:40.899	ID:3	[WARN: IPv6 Route] No route found
50:40.899	ID:3	[WARN: IPv6 Route] No route found
50:40.930	ID:1	[DATA_RECV] TS=3040549 | SRC=3 | SEQ=304 | DELAY_MS=548
50:50.236	ID:2	[NODE_STAT] TS=3050001 | ID=2 | OF=0 | PRNT=1 | RANK=768 | PCHG=1 | CPU=3050000000 | LPM=0 | TX=0 | RX=0
50:50.236	ID:2	[DATA_SEND] TS=3050001 | ID=2 | SEQ=305
50:50.236	ID:2	[WARN: IPv6 Route] No route found
50:50.236	ID:2	[WARN: IPv6 Route] No route found
50:50.273	ID:1	[DATA_RECV] TS=3049892 | SRC=2 | SEQ=305 | DELAY_MS=0
50:50.348	ID:4	[NODE_STAT] TS=3050001 | ID=4 | OF=0 | PRNT=3 | RANK=768 | PCHG=1 | CPU=3050000000 | LPM=0 | TX=0 | RX=0
50:50.348	ID:4	[DATA_SEND] TS=3050001 | ID=4 | SEQ=305
50:50.348	ID:4	[WARN: IPv6 Route] No route found
50:50.348	ID:4	[WARN: IPv6 Route] No route found
50:50.374	ID:3	[WARN: IPv6 Route] No route found
50:50.374	ID:3	[WARN: IPv6 Route] No route found
50:50.384	ID:1	[DATA_RECV] TS=3050003 | SRC=4 | SEQ=305 | DELAY_MS=2
50:50.715	ID:5	[NODE_STAT] TS=3050001 | ID=5 | OF=0 | PRNT=4 | RANK=1024 | PCHG=2 | CPU=3050000000 | LPM=0 | TX=0 | RX=0
50:50.715	ID:5	[DATA_SEND] TS=3050001 | ID=5 | SEQ=304
50:50.715	ID:5	[WARN: IPv6 Route] No route found
50:50.715	ID:5	[WARN: IPv6 Route] No route found
50:50.747	ID:4	[WARN: IPv6 Route] No route found
50:50.747	ID:4	[WARN: IPv6 Route] No route found
50:50.753	ID:3	[WARN: IPv6 Route] No route found
50:50.753	ID:3	[WARN: IPv6 Route] No route found
50:50.773	ID:1	[DATA_RECV] TS=3050392 | SRC=5 | SEQ=304 | DELAY_MS=391
50:50.899	ID:3	[NODE_STAT] TS=3050001 | ID=3 | OF=0 | PRNT=1 | RANK=512 | PCHG=1 | CPU=3050000000 | LPM=0 | TX=0 | RX=0
50:50.899	ID:3	[DATA_SEND] TS=3050001 | ID=3 | SEQ=305
50:50.899	ID:3	[WARN: IPv6 Route] No route found
50:50.899	ID:3	[WARN: IPv6 Route] No route found
50:50.937	ID:1	[DATA_RECV] TS=3050556 | SRC=3 | SEQ=305 | DELAY_MS=555
51:00.236	ID:2	[NODE_STAT] TS=3060001 | ID=2 | OF=0 | PRNT=1 | RANK=768 | PCHG=1 | CPU=3060000000 | LPM=0 | TX=0 | RX=0
51:00.236	ID:2	[DATA_SEND] TS=3060001 | ID=2 | SEQ=306
51:00.236	ID:2	[WARN: IPv6 Route] No route found
51:00.236	ID:2	[WARN: IPv6 Route] No route found
51:00.297	ID:1	[DATA_RECV] TS=3059916 | SRC=2 | SEQ=306 | DELAY_MS=0
51:00.348	ID:4	[NODE_STAT] TS=3060001 | ID=4 | OF=0 | PRNT=3 | RANK=768 | PCHG=1 | CPU=3060000000 | LPM=0 | TX=0 | RX=0
51:00.348	ID:4	[DATA_SEND] TS=3060001 | ID=4 | SEQ=306
51:00.348	ID:4	[WARN: IPv6 Route] No route found
51:00.348	ID:4	[WARN: IPv6 Route] No route found
51:00.362	ID:3	[WARN: IPv6 Route] No route found
51:00.362	ID:3	[WARN: IPv6 Route] No route found
51:00.406	ID:1	[DATA_RECV] TS=3060025 | SRC=4 | SEQ=306 | DELAY_MS=24
51:00.715	ID:5	[NODE_STAT] TS=3060001 | ID=5 | OF=0 | PRNT=4 | RANK=1024 | PCHG=2 | CPU=3060000000 | LPM=0 | TX=0 | RX=0
51:00.715	ID:5	[DATA_SEND] TS=3060001 | ID=5 | SEQ=305
51:00.715	ID:5	[WARN: IPv6 Route] No route found
51:00.715	ID:5	[WARN: IPv6 Route] No route found
51:00.737	ID:4	[WARN: IPv6 Route] No route found
51:00.737	ID:4	[WARN: IPv6 Route] No route found
51:00.773	ID:3	[WARN: IPv6 Route] No route found
51:00.773	ID:3	[WARN: IPv6 Route] No route found
51:00.813	ID:1	[DATA_RECV] TS=3060432 | SRC=5 | SEQ=305 | DELAY_MS=431
51:00.899	ID:3	[NODE_STAT] TS=3060001 | ID=3 | OF=0 | PRNT=1 | RANK=512 | PCHG=1 | CPU=3060000000 | LPM=0 | TX=0 | RX=0
51:00.899	ID:3	[DATA_SEND] TS=3060001 | ID=3 | SEQ=306
51:00.899	ID:3	[WARN: IPv6 Route] No route found
51:00.899	ID:3	[WARN: IPv6 Route] No route found
51:00.926	ID:1	[DATA_RECV] TS=3060545 | SRC=3 | SEQ=306 | DELAY_MS=544
51:10.236	ID:2	[NODE_STAT] TS=3070001 | ID=2 | OF=0 | PRNT=1 | RANK=768 | PCHG=1 | CPU=3070000000 | LPM=0 | TX=0 | RX=0
51:10.236	ID:2	[DATA_SEND] TS=3070001 | ID=2 | SEQ=307
51:10.236	ID:2	[WARN: IPv6 Route] No route found
51:10.236	ID:2	[WARN: IPv6 Route] No route found
51:10.267	ID:1	[DATA_RECV] TS=3069886 | SRC=2 | SEQ=307 | DELAY_MS=0
51:10.348	ID:4	[NODE_STAT] TS=3070001 | ID=4 | OF=0 | PRNT=3 | RANK=768 | PCHG=1 | CPU=3070000000 | LPM=0 | TX=0 | RX=0
51:10.348	ID:4	[DATA_SEND] TS=3070001 | ID=4 | SEQ=307
51:10.348	ID:4	[WARN: IPv6 Route] No route found
51:10.348	ID:4	[WARN: IPv6 Route] No route found
51:10.373	ID:3	[WARN: IPv6 Route] No route found
51:10.373	ID:3	[WARN: IPv6 Route] No route found
51:10.397	ID:1	[DATA_RECV] TS=3070016 | SRC=4 | SEQ=307 | DELAY_MS=15
51:10.715	ID:5	[NODE_STAT] TS=3070001 | ID=5 | OF=0 | PRNT=4 | RANK=1024 | PCHG=2 | CPU=3070000000 | LPM=0 | TX=0 | RX=0
51:10.715	ID:5	[DATA_SEND] TS=3070001 | ID=5 | SEQ=306
51:10.715	ID:5	[WARN: IPv6 Route] No route found
51:10.715	ID:5	[WARN: IPv6 Route] No route found
51:10.724	ID:4	[WARN: IPv6 Route] No route found
51:10.724	ID:4	[WARN: IPv6 Route] No route found
51:10.756	ID:3	[WARN: IPv6 Route] No route found
51:10.756	ID:3	[WARN: IPv6 Route] No route found
51:10.771	ID:1	[DATA_RECV] TS=3070390 | SRC=5 | SEQ=306 | DELAY_MS=389
51:10.899	ID:3	[NODE_STAT] TS=3070001 | ID=3 | OF=0 | PRNT=1 | RANK=512 | PCHG=1 | CPU=3070000000 | LPM=0 | TX=0 | RX=0
51:10.899	ID:3	[DATA_SEND] TS=3070001 | ID=3 | SEQ=307
51:10.899	ID:3	[WARN: IPv6 Route] No route found
51:10.899	ID:3	[WARN: IPv6 Route] No route found
51:10.935	ID:1	[DATA_RECV] TS=3070554 | SRC=3 | SEQ=307 | DELAY_MS=553
51:20.236	ID:2	[NODE_STAT] TS=3080001 | ID=2 | OF=0 | PRNT=1 | RANK=768 | PCHG=1 | CPU=3080000000 | LPM=0 | TX=0 | RX=0
51:20.236	ID:2	[DATA_SEND] TS=3080001 | ID=2 | SEQ=308
51:20.236	ID:2	[WARN: IPv6 Route] No route found
51:20.236	ID:2	[WARN: IPv6 Route] No route found
51:20.276	ID:1	[DATA_RECV] TS=3079895 | SRC=2 | SEQ=308 | DELAY_MS=0
51:20.348	ID:4	[NODE_STAT] TS=3080001 | ID=4 | OF=0 | PRNT=3 | RANK=768 | PCHG=1 | CPU=3080000000 | LPM=0 | TX=0 | RX=0
51:20.348	ID:4	[DATA_SEND] TS=3080001 | ID=4 | SEQ=308
51:20.348	ID:4	[WARN: IPv6 Route] No route found
51:20.348	ID:4	[WARN: IPv6 Route] No route found
51:20.375	ID:3	[WARN: IPv6 Route] No route found
51:20.375	ID:3	[WARN: IPv6 Route] No route found
51:20.397	ID:1	[DATA_RECV] TS=3080016 | SRC=4 | SEQ=308 | DELAY_MS=15
51:20.715	ID:5	[NODE_STAT] TS=3080001 | ID=5 | OF=0 | PRNT=4 | RANK=1024 | PCHG=2 | CPU=3080000000 | LPM=0 | TX=0 | RX=0
51:20.715	ID:5	[DATA_SEND] TS=3080001 | ID=5 | SEQ=307
51:20.715	ID:5	[WARN: IPv6 Route] No route found
51:20.715	ID:5	[WARN: IPv6 Route] No route found
51:20.750	ID:4	[WARN: IPv6 Route] No route found
51:20.750	ID:4	[WARN: IPv6 Route] No route found
51:20.772	ID:3	[WARN: IPv6 Route] No route found
51:20.772	ID:3	[WARN: IPv6 Route] No route found
51:20.791	ID:1	[DATA_RECV] TS=3080410 | SRC=5 | SEQ=307 | DELAY_MS=409
51:20.899	ID:3	[NODE_STAT] TS=3080001 | ID=3 | OF=0 | PRNT=1 | RANK=512 | PCHG=1 | CPU=3080000000 | LPM=0 | TX=0 | RX=0
51:20.899	ID:3	[DATA_SEND] TS=3080001 | ID=3 | SEQ=308
51:20.899	ID:3	[WARN: IPv6 Route] No route found
51:20.899	ID:3	[WARN: IPv6 Route] No route found
51:20.937	ID:1	[DATA_RECV] TS=3080556 | SRC=3 | SEQ=308 | DELAY_MS=555
51:30.236	ID:2	[NODE_STAT] TS=3090001 | ID=2 | OF=0 | PRNT=1 | RANK=768 | PCHG=1 | CPU=3090000000 | LPM=0 | TX=0 | RX=0
51:30.236	ID:2	[DATA_SEND] TS=3090001 | ID=2 | SEQ=309
51:30.236	ID:2	[WARN: IPv6 Route] No route found
51:30.236	ID:2	[WARN: IPv6 Route] No route found
51:30.273	ID:1	[DATA_RECV] TS=3089892 | SRC=2 | SEQ=309 | DELAY_MS=0
51:30.348	ID:4	[NODE_STAT] TS=3090001 | ID=4 | OF=0 | PRNT=3 | RANK=768 | PCHG=1 | CPU=3090000000 | LPM=0 | TX=0 | RX=0
51:30.348	ID:4	[DATA_SEND] TS=3090001 | ID=4 | SEQ=309
51:30.348	ID:4	[WARN: IPv6 Route] No route found
51:30.348	ID:4	[WARN: IPv6 Route] No route found
51:30.385	ID:3	[WARN: IPv6 Route] No route found
51:30.385	ID:3	[WARN: IPv6 Route] No route found
51:30.431	ID:1	[DATA_RECV] TS=3090050 | SRC=4 | SEQ=309 | DELAY_MS=49
51:30.715	ID:5	[NODE_STAT] TS=3090001 | ID=5 | OF=0 | PRNT=4 | RANK=1024 | PCHG=2 | CPU=3090000000 | LPM=0 | TX=0 | RX=0
51:30.715	ID:5	[DATA_SEND] TS=3090001 | ID=5 | SEQ=308
51:30.715	ID:5	[WARN: IPv6 Route] No route found
51:30.715	ID:5	[WARN: IPv6 Route] No route found
51:30.731	ID:4	[WARN: IPv6 Route] No route found
51:30.731	ID:4	[WARN: IPv6 Route] No route found
51:30.747	ID:3	[WARN: IPv6 Route] No route found
51:30.747	ID:3	[WARN: IPv6 Route] No route found
51:30.790	ID:1	[DATA_RECV] TS=3090409 | SRC=5 | SEQ=308 | DELAY_MS=408
51:30.899	ID:3	[NODE_STAT] TS=3090001 | ID=3 | OF=0 | PRNT=1 | RANK=512 | PCHG=1 | CPU=3090000000 | LPM=0 | TX=0 | RX=0
51:30.899	ID:3	[DATA_SEND] TS=3090001 | ID=3 | SEQ=309
51:30.899	ID:3	[WARN: IPv6 Route] No route found
51:30.899	ID:3	[WARN: IPv6 Route] No route found
51:30.940	ID:1	[DATA_RECV] TS=3090559 | SRC=3 | SEQ=309 | DELAY_MS=558
51:40.236	ID:2	[NODE_STAT] TS=3100001 | ID=2 | OF=0 | PRNT=1 | RANK=768 | PCHG=1 | CPU=3100000000 | LPM=0 | TX=0 | RX=0
51:40.236	ID:2	[DATA_SEND] TS=3100001 | ID=2 | SEQ=310
51:40.236	ID:2	[WARN: IPv6 Route] No route found
51:40.236	ID:2	[WARN: IPv6 Route] No route found
51:40.281	ID:1	[DATA_RECV] TS=3099900 | SRC=2 | SEQ=310 | DELAY_MS=0
51:40.348	ID:4	[NODE_STAT] TS=3100001 | ID=4 | OF=0 | PRNT=3 | RANK=768 | PCHG=1 | CPU=3100000000 | LPM=0 | TX=0 | RX=0
51:40.348	ID:4	[DATA_SEND] TS=3100001 | ID=4 | SEQ=310
51:40.348	ID:4	[WARN: IPv6 Route] No route found
51:40.348	ID:4	[WARN: IPv6 Route] No route found
51:40.379	ID:3	[WARN: IPv6 Route] No route found
51:40.379	ID:3	[WARN: IPv6 Route] No route found
51:40.398	ID:1	[DATA_RECV] TS=3100017 | SRC=4 | SEQ=310 | DELAY_MS=16
51:40.715	ID:5	[NODE_STAT] TS=3100001 | ID=5 | OF=0 | PRNT=4 | RANK=1024 | PCHG=2 | CPU=3100000000 | LPM=0 | TX=0 | RX=0
51:40.715	ID:5	[DATA_SEND] TS=3100001 | ID=5 | SEQ=309
51:40.715	ID:5	[WARN: IPv6 Route] No route found
51:40.715	ID:5	[WARN: IPv6 Route] No route found
51:40.739	ID:4	[WARN: IPv6 Route] No route found
51:40.739	ID:4	[WARN: IPv6 Route] No route found
51:40.748	ID:3	[WARN: IPv6 Route] No route found
51:40.748	ID:3	[WARN: IPv6 Route] No route found
51:40.772	ID:1	[DATA_RECV] TS=3100391 | SRC=5 | SEQ=309 | DELAY_MS=390
51:40.899	ID:3	[NODE_STAT] TS=3100001 | ID=3 | OF=0 | PRNT=1 | RANK=512 | PCHG=1 | CPU=3100000000 | LPM=0 | TX=0 | RX=0
51:40.899	ID:3	[DATA_SEND] TS=3100001 | ID=3 | SEQ=310
51:40.899	ID:3	[WARN: IPv6 Route] No route found
51:40.899	ID:3	[WARN: IPv6 Route] No route found
51:40.908	ID:1	[DATA_RECV] TS=3100527 | SRC=3 | SEQ=310 | DELAY_MS=526
51:50.236	ID:2	[NODE_STAT] TS=3110001 | ID=2 | OF=0 | PRNT=1 | RANK=768 | PCHG=1 | CPU=3110000000 | LPM=0 | TX=0 | RX=0
51:50.236	ID:2	[DATA_SEND] TS=3110001 | ID=2 | SEQ=311
51:50.236	ID:2	[WARN: IPv6 Route] No route found
51:50.236	ID:2	[WARN: IPv6 Route] No route found
51:50.256	ID:1	[DATA_RECV] TS=3109875 | SRC=2 | SEQ=311 | DELAY_MS=0
51:50.348	ID:4	[NODE_STAT] TS=3110001 | ID=4 | OF=0 | PRNT=3 | RANK=768 | PCHG=1 | CPU=3110000000 | LPM=0 | TX=0 | RX=0
51:50.348	ID:4	[DATA_SEND] TS=3110001 | ID=4 | SEQ=311
51:50.348	ID:4	[WARN: IPv6 Route] No route found
51:50.348	ID:4	[WARN: IPv6 Route] No route found
51:50.366	ID:3	[WARN: IPv6 Route] No route found
51:50.366	ID:3	[WARN: IPv6 Route] No route found
51:50.383	ID:1	[DATA_RECV] TS=3110002 | SRC=4 | SEQ=311 | DELAY_MS=1
51:50.715	ID:5	[NODE_STAT] TS=3110001 | ID=5 | OF=0 | PRNT=4 | RANK=1024 | PCHG=2 | CPU=3110000000 | LPM=0 | TX=0 | RX=0
51:50.715	ID:5	[DATA_SEND] TS=3110001 | ID=5 | SEQ=310
51:50.715	ID:5	[WARN: IPv6 Route] No route found
51:50.715	ID:5	[WARN: IPv6 Route] No route found
51:50.737	ID:4	[WARN: IPv6 Route] No route found
51:50.737	ID:4	[WARN: IPv6 Route] No route found
51:50.750	ID:3	[WARN: IPv6 Route] No route found
51:50.750	ID:3	[WARN: IPv6 Route] No route found
51:50.790	ID:1	[DATA_RECV] TS=3110409 | SRC=5 | SEQ=310 | DELAY_MS=408
51:50.899	ID:3	[NODE_STAT] TS=3110001 | ID=3 | OF=0 | PRNT=1 | RANK=512 | PCHG=1 | CPU=3110000000 | LPM=0 | TX=0 | RX=0
51:50.899	ID:3	[DATA_SEND] TS=3110001 | ID=3 | SEQ=311
51:50.899	ID:3	[WARN: IPv6 Route] No route found
51:50.899	ID:3	[WARN: IPv6 Route] No route found
51:50.922	ID:1	[DATA_RECV] TS=3110541 | SRC=3 | SEQ=311 | DELAY_MS=540
52:00.236	ID:2	[NODE_STAT] TS=3120001 | ID=2 | OF=0 | PRNT=1 | RANK=512 | PCHG=1 | CPU=3120000000 | LPM=0 | TX=0 | RX=0
52:00.236	ID:2	[DATA_SEND] TS=3120001 | ID=2 | SEQ=312
52:00.236	ID:2	[WARN: IPv6 Route] No route found
52:00.236	ID:2	[WARN: IPv6 Route] No route found
52:00.340	ID:1	[DATA_RECV] TS=3119959 | SRC=2 | SEQ=312 | DELAY_MS=0
52:00.348	ID:4	[NODE_STAT] TS=3120001 | ID=4 | OF=0 | PRNT=3 | RANK=768 | PCHG=1 | CPU=3120000000 | LPM=0 | TX=0 | RX=0
52:00.348	ID:4	[DATA_SEND] TS=3120001 | ID=4 | SEQ=312
52:00.348	ID:4	[WARN: IPv6 Route] No route found
52:00.348	ID:4	[WARN: IPv6 Route] No route found
52:00.367	ID:3	[WARN: IPv6 Route] No route found
52:00.367	ID:3	[WARN: IPv6 Route] No route found
52:00.412	ID:1	[DATA_RECV] TS=3120031 | SRC=4 | SEQ=312 | DELAY_MS=30
52:00.715	ID:5	[NODE_STAT] TS=3120001 | ID=5 | OF=0 | PRNT=4 | RANK=1024 | PCHG=2 | CPU=3120000000 | LPM=0 | TX=0 | RX=0
52:00.715	ID:5	[DATA_SEND] TS=3120001 | ID=5 | SEQ=311
52:00.715	ID:5	[WARN: IPv6 Route] No route found
52:00.715	ID:5	[WARN: IPv6 Route] No route found
52:00.723	ID:4	[WARN: IPv6 Route] No route found
52:00.723	ID:4	[WARN: IPv6 Route] No route found
52:00.765	ID:3	[WARN: IPv6 Route] No route found
52:00.765	ID:3	[WARN: IPv6 Route] No route found
52:00.806	ID:1	[DATA_RECV] TS=3120425 | SRC=5 | SEQ=311 | DELAY_MS=424
52:00.899	ID:3	[NODE_STAT] TS=3120001 | ID=3 | OF=0 | PRNT=1 | RANK=512 | PCHG=1 | CPU=3120000000 | LPM=0 | TX=0 | RX=0
52:00.899	ID:3	[DATA_SEND] TS=3120001 | ID=3 | SEQ=312
52:00.899	ID:3	[WARN: IPv6 Route] No route found
52:00.899	ID:3	[WARN: IPv6 Route] No route found
52:00.943	ID:1	[DATA_RECV] TS=3120562 | SRC=3 | SEQ=312 | DELAY_MS=561
52:04.832	ID:2	[WARN: IPv6 Route] No route found
52:04.832	ID:2	[WARN: IPv6 Route] No route found
52:10.236	ID:2	[NODE_STAT] TS=3130001 | ID=2 | OF=0 | PRNT=1 | RANK=768 | PCHG=1 | CPU=3130000000 | LPM=0 | TX=0 | RX=0
52:10.236	ID:2	[DATA_SEND] TS=3130001 | ID=2 | SEQ=313
52:10.236	ID:2	[WARN: IPv6 Route] No route found
52:10.236	ID:2	[WARN: IPv6 Route] No route found
52:10.281	ID:1	[DATA_RECV] TS=3129900 | SRC=2 | SEQ=313 | DELAY_MS=0
52:10.348	ID:4	[NODE_STAT] TS=3130001 | ID=4 | OF=0 | PRNT=3 | RANK=768 | PCHG=1 | CPU=3130000000 | LPM=0 | TX=0 | RX=0
52:10.348	ID:4	[DATA_SEND] TS=3130001 | ID=4 | SEQ=313
52:10.348	ID:4	[WARN: IPv6 Route] No route found
52:10.348	ID:4	[WARN: IPv6 Route] No route found
52:10.367	ID:3	[WARN: IPv6 Route] No route found
52:10.367	ID:3	[WARN: IPv6 Route] No route found
52:10.401	ID:1	[DATA_RECV] TS=3130020 | SRC=4 | SEQ=313 | DELAY_MS=19
52:10.715	ID:5	[NODE_STAT] TS=3130001 | ID=5 | OF=0 | PRNT=2 | RANK=768 | PCHG=3 | CPU=3130000000 | LPM=0 | TX=0 | RX=0
52:10.715	ID:5	[DATA_SEND] TS=3130001 | ID=5 | SEQ=312
52:10.715	ID:5	[WARN: IPv6 Route] No route found
52:10.715	ID:5	[WARN: IPv6 Route] No route found
52:10.737	ID:2	[WARN: IPv6 Route] No route found
52:10.737	ID:2	[WARN: IPv6 Route] No route found
52:10.866	ID:1	[DATA_RECV] TS=3130485 | SRC=5 | SEQ=312 | DELAY_MS=484
52:10.899	ID:3	[NODE_STAT] TS=3130001 | ID=3 | OF=0 | PRNT=1 | RANK=512 | PCHG=1 | CPU=3130000000 | LPM=0 | TX=0 | RX=0
52:10.899	ID:3	[DATA_SEND] TS=3130001 | ID=3 | SEQ=313
52:10.899	ID:3	[WARN: IPv6 Route] No route found
52:10.899	ID:3	[WARN: IPv6 Route] No route found
52:10.916	ID:1	[DATA_RECV] TS=3130535 | SRC=3 | SEQ=313 | DELAY_MS=534
52:20.236	ID:2	[NODE_STAT] TS=3140001 | ID=2 | OF=0 | PRNT=1 | RANK=1024 | PCHG=1 | CPU=3140000000 | LPM=0 | TX=0 | RX=0
52:20.236	ID:2	[DATA_SEND] TS=3140001 | ID=2 | SEQ=314
52:20.236	ID:2	[WARN: IPv6 Route] No route found
52:20.236	ID:2	[WARN: IPv6 Route] No route found
52:20.245	ID:1	[DATA_RECV] TS=3139864 | SRC=2 | SEQ=314 | DELAY_MS=0
52:20.348	ID:4	[NODE_STAT] TS=3140001 | ID=4 | OF=0 | PRNT=3 | RANK=768 | PCHG=1 | CPU=3140000000 | LPM=0 | TX=0 | RX=0
52:20.348	ID:4	[DATA_SEND] TS=3140001 | ID=4 | SEQ=314
52:20.348	ID:4	[WARN: IPv6 Route] No route found
52:20.348	ID:4	[WARN: IPv6 Route] No route found
52:20.360	ID:3	[WARN: IPv6 Route] No route found
52:20.360	ID:3	[WARN: IPv6 Route] No route found
52:20.394	ID:1	[DATA_RECV] TS=3140013 | SRC=4 | SEQ=314 | DELAY_MS=12
52:20.715	ID:5	[NODE_STAT] TS=3140001 | ID=5 | OF=0 | PRNT=2 | RANK=768 | PCHG=3 | CPU=3140000000 | LPM=0 | TX=0 | RX=0
52:20.715	ID:5	[DATA_SEND] TS=3140001 | ID=5 | SEQ=313
52:20.715	ID:5	[WARN: IPv6 Route] No route found
52:20.715	ID:5	[WARN: IPv6 Route] No route found
52:20.731	ID:2	[WARN: IPv6 Route] No route found
52:20.731	ID:2	[WARN: IPv6 Route] No route found
52:20.798	ID:1	[DATA_RECV] TS=3140417 | SRC=5 | SEQ=313 | DELAY_MS=416
52:20.899	ID:3	[NODE_STAT] TS=3140001 | ID=3 | OF=0 | PRNT=1 | RANK=512 | PCHG=1 | CPU=3140000000 | LPM=0 | TX=0 | RX=0
52:20.899	ID:3	[DATA_SEND] TS=3140001 | ID=3 | SEQ=314
52:20.899	ID:3	[WARN: IPv6 Route] No route found
52:20.899	ID:3	[WARN: IPv6 Route] No route found
52:20.933	ID:1	[DATA_RECV] TS=3140552 | SRC=3 | SEQ=314 | DELAY_MS=551
52:30.236	ID:2	[NODE_STAT] TS=3150001 | ID=2 | OF=0 | PRNT=1 | RANK=768 | PCHG=1 | CPU=3150000000 | LPM=0 | TX=0 | RX=0
52:30.236	ID:2	[DATA_SEND] TS=3150001 | ID=2 | SEQ=315
52:30.236	ID:2	[WARN: IPv6 Route] No route found
52:30.236	ID:2	[WARN: IPv6 Route] No route found
52:30.242	ID:1	[DATA_RECV] TS=3149861 | SRC=2 | SEQ=315 | DELAY_MS=0
52:30.348	ID:4	[NODE_STAT] TS=3150001 | ID=4 | OF=0 | PRNT=3 | RANK=768 | PCHG=1 | CPU=3150000000 | LPM=0 | TX=0 | RX=0
52:30.348	ID:4	[DATA_SEND] TS=3150001 | ID=4 | SEQ=315
52:30.348	ID:4	[WARN: IPv6 Route] No route found
52:30.348	ID:4	[WARN: IPv6 Route] No route found
52:30.355	ID:3	[WARN: IPv6 Route] No route found
52:30.355	ID:3	[WARN: IPv6 Route] No route found
52:30.361	ID:1	[DATA_RECV] TS=3149980 | SRC=4 | SEQ=315 | DELAY_MS=0
52:30.715	ID:5	[NODE_STAT] TS=3150001 | ID=5 | OF=0 | PRNT=4 | RANK=1024 | PCHG=4 | CPU=3150000000 | LPM=0 | TX=0 | RX=0
52:30.715	ID:5	[DATA_SEND] TS=3150001 | ID=5 | SEQ=314
52:30.715	ID:5	[WARN: IPv6 Route] No route found
52:30.715	ID:5	[WARN: IPv6 Route] No route found
52:30.745	ID:4	[WARN: IPv6 Route] No route found
52:30.745	ID:4	[WARN: IPv6 Route] No route found
52:30.772	ID:3	[WARN: IPv6 Route] No route found
52:30.772	ID:3	[WARN: IPv6 Route] No route found
52:30.817	ID:1	[DATA_RECV] TS=3150436 | SRC=5 | SEQ=314 | DELAY_MS=435
52:30.899	ID:3	[NODE_STAT] TS=3150001 | ID=3 | OF=0 | PRNT=1 | RANK=512 | PCHG=1 | CPU=3150000000 | LPM=0 | TX=0 | RX=0
52:30.899	ID:3	[DATA_SEND] TS=3150001 | ID=3 | SEQ=315
52:30.899	ID:3	[WARN: IPv6 Route] No route found
52:30.899	ID:3	[WARN: IPv6 Route] No route found
52:30.940	ID:1	[DATA_RECV] TS=3150559 | SRC=3 | SEQ=315 | DELAY_MS=558
52:40.236	ID:2	[NODE_STAT] TS=3160001 | ID=2 | OF=0 | PRNT=1 | RANK=768 | PCHG=1 | CPU=3160000000 | LPM=0 | TX=0 | RX=0
52:40.236	ID:2	[DATA_SEND] TS=3160001 | ID=2 | SEQ=316
52:40.236	ID:2	[WARN: IPv6 Route] No route found
52:40.236	ID:2	[WARN: IPv6 Route] No route found
52:40.262	ID:1	[DATA_RECV] TS=3159881 | SRC=2 | SEQ=316 | DELAY_MS=0
52:40.348	ID:4	[NODE_STAT] TS=3160001 | ID=4 | OF=0 | PRNT=3 | RANK=768 | PCHG=1 | CPU=3160000000 | LPM=0 | TX=0 | RX=0
52:40.348	ID:4	[DATA_SEND] TS=3160001 | ID=4 | SEQ=316
52:40.348	ID:4	[WARN: IPv6 Route] No route found
52:40.348	ID:4	[WARN: IPv6 Route] No route found
52:40.382	ID:3	[WARN: IPv6 Route] No route found
52:40.382	ID:3	[WARN: IPv6 Route] No route found
52:40.404	ID:1	[DATA_RECV] TS=3160023 | SRC=4 | SEQ=316 | DELAY_MS=22
52:40.715	ID:5	[NODE_STAT] TS=3160001 | ID=5 | OF=0 | PRNT=4 | RANK=1024 | PCHG=4 | CPU=3160000000 | LPM=0 | TX=0 | RX=0
52:40.715	ID:5	[DATA_SEND] TS=3160001 | ID=5 | SEQ=315
52:40.715	ID:5	[WARN: IPv6 Route] No route found
52:40.715	ID:5	[WARN: IPv6 Route] No route found
52:40.744	ID:4	[WARN: IPv6 Route] No route found
52:40.744	ID:4	[WARN: IPv6 Route] No route found
52:40.770	ID:3	[WARN: IPv6 Route] No route found
52:40.770	ID:3	[WARN: IPv6 Route] No route found
52:40.802	ID:1	[DATA_RECV] TS=3160421 | SRC=5 | SEQ=315 | DELAY_MS=420
52:40.899	ID:3	[NODE_STAT] TS=3160001 | ID=3 | OF=0 | PRNT=1 | RANK=512 | PCHG=1 | CPU=3160000000 | LPM=0 | TX=0 | RX=0
52:40.899	ID:3	[DATA_SEND] TS=3160001 | ID=3 | SEQ=316
52:40.899	ID:3	[WARN: IPv6 Route] No route found
52:40.899	ID:3	[WARN: IPv6 Route] No route found
52:40.920	ID:1	[DATA_RECV] TS=3160539 | SRC=3 | SEQ=316 | DELAY_MS=538
52:50.236	ID:2	[NODE_STAT] TS=3170001 | ID=2 | OF=0 | PRNT=1 | RANK=768 | PCHG=1 | CPU=3170000000 | LPM=0 | TX=0 | RX=0
52:50.236	ID:2	[DATA_SEND] TS=3170001 | ID=2 | SEQ=317
52:50.236	ID:2	[WARN: IPv6 Route] No route found
52:50.236	ID:2	[WARN: IPv6 Route] No route found
52:50.265	ID:1	[DATA_RECV] TS=3169884 | SRC=2 | SEQ=317 | DELAY_MS=0
52:50.348	ID:4	[NODE_STAT] TS=3170001 | ID=4 | OF=0 | PRNT=3 | RANK=768 | PCHG=1 | CPU=3170000000 | LPM=0 | TX=0 | RX=0
52:50.348	ID:4	[DATA_SEND] TS=3170001 | ID=4 | SEQ=317
52:50.348	ID:4	[WARN: IPv6 Route] No route found
52:50.348	ID:4	[WARN: IPv6 Route] No route found
52:50.355	ID:3	[WARN: IPv6 Route] No route found
52:50.355	ID:3	[WARN: IPv6 Route] No route found
52:50.388	ID:1	[DATA_RECV] TS=3170007 | SRC=4 | SEQ=317 | DELAY_MS=6
52:50.715	ID:5	[NODE_STAT] TS=3170001 | ID=5 | OF=0 | PRNT=4 | RANK=1024 | PCHG=4 | CPU=3170000000 | LPM=0 | TX=0 | RX=0
52:50.715	ID:5	[DATA_SEND] TS=3170001 | ID=5 | SEQ=316
52:50.715	ID:5	[WARN: IPv6 Route] No route found
52:50.715	ID:5	[WARN: IPv6 Route] No route found
52:50.749	ID:4	[WARN: IPv6 Route] No route found
52:50.749	ID:4	[WARN: IPv6 Route] No route found
52:50.786	ID:3	[WARN: IPv6 Route] No route found
52:50.786	ID:3	[WARN: IPv6 Route] No route found
52:50.807	ID:1	[DATA_RECV] TS=3170426 | SRC=5 | SEQ=316 | DELAY_MS=425
52:50.899	ID:3	[NODE_STAT] TS=3170001 | ID=3 | OF=0 | PRNT=1 | RANK=512 | PCHG=1 | CPU=3170000000 | LPM=0 | TX=0 | RX=0
52:50.899	ID:3	[DATA_SEND] TS=3170001 | ID=3 | SEQ=317
52:50.899	ID:3	[WARN: IPv6 Route] No route found
52:50.899	ID:3	[WARN: IPv6 Route] No route found
52:50.931	ID:1	[DATA_RECV] TS=3170550 | SRC=3 | SEQ=317 | DELAY_MS=549
53:00.236	ID:2	[NODE_STAT] TS=3180001 | ID=2 | OF=0 | PRNT=1 | RANK=768 | PCHG=1 | CPU=3180000000 | LPM=0 | TX=0 | RX=0
53:00.236	ID:2	[DATA_SEND] TS=3180001 | ID=2 | SEQ=318
53:00.236	ID:2	[WARN: IPv6 Route] No route found
53:00.236	ID:2	[WARN: IPv6 Route] No route found
53:00.257	ID:1	[DATA_RECV] TS=3179876 | SRC=2 | SEQ=318 | DELAY_MS=0
53:00.348	ID:4	[NODE_STAT] TS=3180001 | ID=4 | OF=0 | PRNT=3 | RANK=768 | PCHG=1 | CPU=3180000000 | LPM=0 | TX=0 | RX=0
53:00.348	ID:4	[DATA_SEND] TS=3180001 | ID=4 | SEQ=318
53:00.348	ID:4	[WARN: IPv6 Route] No route found
53:00.348	ID:4	[WARN: IPv6 Route] No route found
53:00.355	ID:3	[WARN: IPv6 Route] No route found
53:00.355	ID:3	[WARN: IPv6 Route] No route found
53:00.390	ID:1	[DATA_RECV] TS=3180009 | SRC=4 | SEQ=318 | DELAY_MS=8
53:00.715	ID:5	[NODE_STAT] TS=3180001 | ID=5 | OF=0 | PRNT=4 | RANK=1024 | PCHG=4 | CPU=3180000000 | LPM=0 | TX=0 | RX=0
53:00.715	ID:5	[DATA_SEND] TS=3180001 | ID=5 | SEQ=317
53:00.715	ID:5	[WARN: IPv6 Route] No route found
53:00.715	ID:5	[WARN: IPv6 Route] No route found
53:00.724	ID:4	[WARN: IPv6 Route] No route found
53:00.724	ID:4	[WARN: IPv6 Route] No route found
53:00.759	ID:3	[WARN: IPv6 Route] No route found
53:00.759	ID:3	[WARN: IPv6 Route] No route found
53:00.805	ID:1	[DATA_RECV] TS=3180424 | SRC=5 | SEQ=317 | DELAY_MS=423
53:00.899	ID:3	[NODE_STAT] TS=3180001 | ID=3 | OF=0 | PRNT=1 | RANK=512 | PCHG=1 | CPU=3180000000 | LPM=0 | TX=0 | RX=0
53:00.899	ID:3	[DATA_SEND] TS=3180001 | ID=3 | SEQ=318
53:00.899	ID:3	[WARN: IPv6 Route] No route found
53:00.899	ID:3	[WARN: IPv6 Route] No route found
53:00.930	ID:1	[DATA_RECV] TS=3180549 | SRC=3 | SEQ=318 | DELAY_MS=548
53:10.236	ID:2	[NODE_STAT] TS=3190001 | ID=2 | OF=0 | PRNT=1 | RANK=768 | PCHG=1 | CPU=3190000000 | LPM=0 | TX=0 | RX=0
53:10.236	ID:2	[DATA_SEND] TS=3190001 | ID=2 | SEQ=319
53:10.236	ID:2	[WARN: IPv6 Route] No route found
53:10.236	ID:2	[WARN: IPv6 Route] No route found
53:10.268	ID:1	[DATA_RECV] TS=3189887 | SRC=2 | SEQ=319 | DELAY_MS=0
53:10.348	ID:4	[NODE_STAT] TS=3190001 | ID=4 | OF=0 | PRNT=3 | RANK=768 | PCHG=1 | CPU=3190000000 | LPM=0 | TX=0 | RX=0
53:10.348	ID:4	[DATA_SEND] TS=3190001 | ID=4 | SEQ=319
53:10.348	ID:4	[WARN: IPv6 Route] No route found
53:10.348	ID:4	[WARN: IPv6 Route] No route found
53:10.385	ID:3	[WARN: IPv6 Route] No route found
53:10.385	ID:3	[WARN: IPv6 Route] No route found
53:10.400	ID:1	[DATA_RECV] TS=3190019 | SRC=4 | SEQ=319 | DELAY_MS=18
53:10.715	ID:5	[NODE_STAT] TS=3190001 | ID=5 | OF=0 | PRNT=4 | RANK=1024 | PCHG=4 | CPU=3190000000 | LPM=0 | TX=0 | RX=0
53:10.715	ID:5	[DATA_SEND] TS=3190001 | ID=5 | SEQ=318
53:10.715	ID:5	[WARN: IPv6 Route] No route found
53:10.715	ID:5	[WARN: IPv6 Route] No route found
53:10.745	ID:4	[WARN: IPv6 Route] No route found
53:10.745	ID:4	[WARN: IPv6 Route] No route found
53:10.781	ID:3	[WARN: IPv6 Route] No route found
53:10.781	ID:3	[WARN: IPv6 Route] No route found
53:10.827	ID:1	[DATA_RECV] TS=3190446 | SRC=5 | SEQ=318 | DELAY_MS=445
53:10.899	ID:3	[NODE_STAT] TS=3190001 | ID=3 | OF=0 | PRNT=1 | RANK=512 | PCHG=1 | CPU=3190000000 | LPM=0 | TX=0 | RX=0
53:10.899	ID:3	[DATA_SEND] TS=3190001 | ID=3 | SEQ=319
53:10.899	ID:3	[WARN: IPv6 Route] No route found
53:10.899	ID:3	[WARN: IPv6 Route] No route found
53:10.938	ID:1	[DATA_RECV] TS=3190557 | SRC=3 | SEQ=319 | DELAY_MS=556
53:20.236	ID:2	[NODE_STAT] TS=3200001 | ID=2 | OF=0 | PRNT=1 | RANK=768 | PCHG=1 | CPU=3200000000 | LPM=0 | TX=0 | RX=0
53:20.236	ID:2	[DATA_SEND] TS=3200001 | ID=2 | SEQ=320
53:20.236	ID:2	[WARN: IPv6 Route] No route found
53:20.236	ID:2	[WARN: IPv6 Route] No route found
53:20.295	ID:1	[DATA_RECV] TS=3199914 | SRC=2 | SEQ=320 | DELAY_MS=0
53:20.348	ID:4	[NODE_STAT] TS=3200001 | ID=4 | OF=0 | PRNT=3 | RANK=768 | PCHG=1 | CPU=3200000000 | LPM=0 | TX=0 | RX=0
53:20.348	ID:4	[DATA_SEND] TS=3200001 | ID=4 | SEQ=320
53:20.348	ID:4	[WARN: IPv6 Route] No route found
53:20.348	ID:4	[WARN: IPv6 Route] No route found
53:20.360	ID:3	[WARN: IPv6 Route] No route found
53:20.360	ID:3	[WARN: IPv6 Route] No route found
53:20.392	ID:1	[DATA_RECV] TS=3200011 | SRC=4 | SEQ=320 | DELAY_MS=10
53:20.715	ID:5	[NODE_STAT] TS=3200001 | ID=5 | OF=0 | PRNT=4 | RANK=1024 | PCHG=4 | CPU=3200000000 | LPM=0 | TX=0 | RX=0
53:20.715	ID:5	[DATA_SEND] TS=3200001 | ID=5 | SEQ=319
53:20.715	ID:5	[WARN: IPv6 Route] No route found
53:20.715	ID:5	[WARN: IPv6 Route] No route found
53:20.729	ID:4	[WARN: IPv6 Route] No route found
53:20.729	ID:4	[WARN: IPv6 Route] No route found
53:20.760	ID:3	[WARN: IPv6 Route] No route found
53:20.760	ID:3	[WARN: IPv6 Route] No route found
53:20.780	ID:1	[DATA_RECV] TS=3200399 | SRC=5 | SEQ=319 | DELAY_MS=398
53:20.899	ID:3	[NODE_STAT] TS=3200001 | ID=3 | OF=0 | PRNT=1 | RANK=512 | PCHG=1 | CPU=3200000000 | LPM=0 | TX=0 | RX=0
53:20.899	ID:3	[DATA_SEND] TS=3200001 | ID=3 | SEQ=320
53:20.899	ID:3	[WARN: IPv6 Route] No route found
53:20.899	ID:3	[WARN: IPv6 Route] No route found
53:20.927	ID:1	[DATA_RECV] TS=3200546 | SRC=3 | SEQ=320 | DELAY_MS=545
53:30.236	ID:2	[NODE_STAT] TS=3210001 | ID=2 | OF=0 | PRNT=1 | RANK=1024 | PCHG=1 | CPU=3210000000 | LPM=0 | TX=0 | RX=0
53:30.236	ID:2	[DATA_SEND] TS=3210001 | ID=2 | SEQ=321
53:30.236	ID:2	[WARN: IPv6 Route] No route found
53:30.236	ID:2	[WARN: IPv6 Route] No route found
53:30.306	ID:1	[DATA_RECV] TS=3209925 | SRC=2 | SEQ=321 | DELAY_MS=0
53:30.348	ID:4	[NODE_STAT] TS=3210001 | ID=4 | OF=0 | PRNT=3 | RANK=768 | PCHG=1 | CPU=3210000000 | LPM=0 | TX=0 | RX=0
53:30.348	ID:4	[DATA_SEND] TS=3210001 | ID=4 | SEQ=321
53:30.348	ID:4	[WARN: IPv6 Route] No route found
53:30.348	ID:4	[WARN: IPv6 Route] No route found
53:30.361	ID:3	[WARN: IPv6 Route] No route found
53:30.361	ID:3	[WARN: IPv6 Route] No route found
53:30.367	ID:1	[DATA_RECV] TS=3209986 | SRC=4 | SEQ=321 | DELAY_MS=0
53:30.715	ID:5	[NODE_STAT] TS=3210001 | ID=5 | OF=0 | PRNT=4 | RANK=1024 | PCHG=4 | CPU=3210000000 | LPM=0 | TX=0 | RX=0
53:30.715	ID:5	[DATA_SEND] TS=3210001 | ID=5 | SEQ=320
53:30.715	ID:5	[WARN: IPv6 Route] No route found
53:30.715	ID:5	[WARN: IPv6 Route] No route found
53:30.724	ID:4	[WARN: IPv6 Route] No route found
53:30.724	ID:4	[WARN: IPv6 Route] No route found
53:30.763	ID:3	[WARN: IPv6 Route] No route found
53:30.763	ID:3	[WARN: IPv6 Route] No route found
53:30.801	ID:1	[DATA_RECV] TS=3210420 | SRC=5 | SEQ=320 | DELAY_MS=419
53:30.899	ID:3	[NODE_STAT] TS=3210001 | ID=3 | OF=0 | PRNT=1 | RANK=512 | PCHG=1 | CPU=3210000000 | LPM=0 | TX=0 | RX=0
53:30.899	ID:3	[DATA_SEND] TS=3210001 | ID=3 | SEQ=321
53:30.899	ID:3	[WARN: IPv6 Route] No route found
53:30.899	ID:3	[WARN: IPv6 Route] No route found
53:30.910	ID:1	[DATA_RECV] TS=3210529 | SRC=3 | SEQ=321 | DELAY_MS=528
53:40.236	ID:2	[NODE_STAT] TS=3220001 | ID=2 | OF=0 | PRNT=1 | RANK=1024 | PCHG=1 | CPU=3220000000 | LPM=0 | TX=0 | RX=0
53:40.236	ID:2	[DATA_SEND] TS=3220001 | ID=2 | SEQ=322
53:40.236	ID:2	[WARN: IPv6 Route] No route found
53:40.236	ID:2	[WARN: IPv6 Route] No route found
53:40.279	ID:1	[DATA_RECV] TS=3219898 | SRC=2 | SEQ=322 | DELAY_MS=0
53:40.348	ID:4	[NODE_STAT] TS=3220001 | ID=4 | OF=0 | PRNT=3 | RANK=768 | PCHG=1 | CPU=3220000000 | LPM=0 | TX=0 | RX=0
53:40.348	ID:4	[DATA_SEND] TS=3220001 | ID=4 | SEQ=322
53:40.348	ID:4	[WARN: IPv6 Route] No route found
53:40.348	ID:4	[WARN: IPv6 Route] No route found
53:40.387	ID:3	[WARN: IPv6 Route] No route found
53:40.387	ID:3	[WARN: IPv6 Route] No route found
53:40.431	ID:1	[DATA_RECV] TS=3220050 | SRC=4 | SEQ=322 | DELAY_MS=49
53:40.715	ID:5	[NODE_STAT] TS=3220001 | ID=5 | OF=0 | PRNT=4 | RANK=1024 | PCHG=4 | CPU=3220000000 | LPM=0 | TX=0 | RX=0
53:40.715	ID:5	[DATA_SEND] TS=3220001 | ID=5 | SEQ=321
53:40.715	ID:5	[WARN: IPv6 Route] No route found
53:40.715	ID:5	[WARN: IPv6 Route] No route found
53:40.757	ID:4	[WARN: IPv6 Route] No route found
53:40.757	ID:4	[WARN: IPv6 Route] No route found
53:40.790	ID:3	[WARN: IPv6 Route] No route found
53:40.790	ID:3	[WARN: IPv6 Route] No route found
53:40.810	ID:1	[DATA_RECV] TS=3220429 | SRC=5 | SEQ=321 | DELAY_MS=428
53:40.899	ID:3	[NODE_STAT] TS=3220001 | ID=3 | OF=0 | PRNT=1 | RANK=512 | PCHG=1 | CPU=3220000000 | LPM=0 | TX=0 | RX=0
53:40.899	ID:3	[DATA_SEND] TS=3220001 | ID=3 | SEQ=322
53:40.899	ID:3	[WARN: IPv6 Route] No route found
53:40.899	ID:3	[WARN: IPv6 Route] No route found
53:40.911	ID:1	[DATA_RECV] TS=3220530 | SRC=3 | SEQ=322 | DELAY_MS=529
53:50.236	ID:2	[NODE_STAT] TS=3230001 | ID=2 | OF=0 | PRNT=1 | RANK=768 | PCHG=1 | CPU=3230000000 | LPM=0 | TX=0 | RX=0
53:50.236	ID:2	[DATA_SEND] TS=3230001 | ID=2 | SEQ=323
53:50.236	ID:2	[WARN: IPv6 Route] No route found
53:50.236	ID:2	[WARN: IPv6 Route] No route found
53:50.276	ID:1	[DATA_RECV] TS=3229895 | SRC=2 | SEQ=323 | DELAY_MS=0
53:50.348	ID:4	[NODE_STAT] TS=3230001 | ID=4 | OF=0 | PRNT=3 | RANK=768 | PCHG=1 | CPU=3230000000 | LPM=0 | TX=0 | RX=0
53:50.348	ID:4	[DATA_SEND] TS=3230001 | ID=4 | SEQ=323
53:50.348	ID:4	[WARN: IPv6 Route] No route found
53:50.348	ID:4	[WARN: IPv6 Route] No route found
53:50.360	ID:3	[WARN: IPv6 Route] No route found
53:50.360	ID:3	[WARN: IPv6 Route] No route found
53:50.384	ID:1	[DATA_RECV] TS=3230003 | SRC=4 | SEQ=323 | DELAY_MS=2
53:50.715	ID:5	[NODE_STAT] TS=3230001 | ID=5 | OF=0 | PRNT=4 | RANK=1024 | PCHG=4 | CPU=3230000000 | LPM=0 | TX=0 | RX=0
53:50.715	ID:5	[DATA_SEND] TS=3230001 | ID=5 | SEQ=322
53:50.715	ID:5	[WARN: IPv6 Route] No route found
53:50.715	ID:5	[WARN: IPv6 Route] No route found
53:50.723	ID:4	[WARN: IPv6 Route] No route found
53:50.723	ID:4	[WARN: IPv6 Route] No route found
53:50.746	ID:3	[WARN: IPv6 Route] No route found
53:50.746	ID:3	[WARN: IPv6 Route] No route found
53:50.785	ID:1	[DATA_RECV] TS=3230404 | SRC=5 | SEQ=322 | DELAY_MS=403
53:50.899	ID:3	[NODE_STAT] TS=3230001 | ID=3 | OF=0 | PRNT=1 | RANK=512 | PCHG=1 | CPU=3230000000 | LPM=0 | TX=0 | RX=0
53:50.899	ID:3	[DATA_SEND] TS=3230001 | ID=3 | SEQ=323
53:50.899	ID:3	[WARN: IPv6 Route] No route found
53:50.899	ID:3	[WARN: IPv6 Route] No route found
53:50.915	ID:1	[DATA_RECV] TS=3230534 | SRC=3 | SEQ=323 | DELAY_MS=533
54:00.236	ID:2	[NODE_STAT] TS=3240001 | ID=2 | OF=0 | PRNT=1 | RANK=768 | PCHG=1 | CPU=3240000000 | LPM=0 | TX=0 | RX=0
54:00.236	ID:2	[DATA_SEND] TS=3240001 | ID=2 | SEQ=324
54:00.236	ID:2	[WARN: IPv6 Route] No route found
54:00.236	ID:2	[WARN: IPv6 Route] No route found
54:00.273	ID:1	[DATA_RECV] TS=3239892 | SRC=2 | SEQ=324 | DELAY_MS=0
54:00.348	ID:4	[NODE_STAT] TS=3240001 | ID=4 | OF=0 | PRNT=3 | RANK=768 | PCHG=1 | CPU=3240000000 | LPM=0 | TX=0 | RX=0
54:00.348	ID:4	[DATA_SEND] TS=3240001 | ID=4 | SEQ=324
54:00.348	ID:4	[WARN: IPv6 Route] No route found
54:00.348	ID:4	[WARN: IPv6 Route] No route found
54:00.364	ID:3	[WARN: IPv6 Route] No route found
54:00.364	ID:3	[WARN: IPv6 Route] No route found
54:00.390	ID:1	[DATA_RECV] TS=3240009 | SRC=4 | SEQ=324 | DELAY_MS=8
54:00.715	ID:5	[NODE_STAT] TS=3240001 | ID=5 | OF=0 | PRNT=4 | RANK=1024 | PCHG=4 | CPU=3240000000 | LPM=0 | TX=0 | RX=0
54:00.715	ID:5	[DATA_SEND] TS=3240001 | ID=5 | SEQ=323
54:00.715	ID:5	[WARN: IPv6 Route] No route found
54:00.715	ID:5	[WARN: IPv6 Route] No route found
54:00.746	ID:4	[WARN: IPv6 Route] No route found
54:00.746	ID:4	[WARN: IPv6 Route] No route found
54:00.772	ID:3	[WARN: IPv6 Route] No route found
54:00.772	ID:3	[WARN: IPv6 Route] No route found
54:00.792	ID:1	[DATA_RECV] TS=3240411 | SRC=5 | SEQ=323 | DELAY_MS=410
54:00.899	ID:3	[NODE_STAT] TS=3240001 | ID=3 | OF=0 | PRNT=1 | RANK=512 | PCHG=1 | CPU=3240000000 | LPM=0 | TX=0 | RX=0
54:00.899	ID:3	[DATA_SEND] TS=3240001 | ID=3 | SEQ=324
54:00.899	ID:3	[WARN: IPv6 Route] No route found
54:00.899	ID:3	[WARN: IPv6 Route] No route found
54:00.915	ID:1	[DATA_RECV] TS=3240534 | SRC=3 | SEQ=324 | DELAY_MS=533
54:10.236	ID:2	[NODE_STAT] TS=3250001 | ID=2 | OF=0 | PRNT=1 | RANK=768 | PCHG=1 | CPU=3250000000 | LPM=0 | TX=0 | RX=0
54:10.236	ID:2	[DATA_SEND] TS=3250001 | ID=2 | SEQ=325
54:10.236	ID:2	[WARN: IPv6 Route] No route found
54:10.236	ID:2	[WARN: IPv6 Route] No route found
54:10.314	ID:1	[DATA_RECV] TS=3249933 | SRC=2 | SEQ=325 | DELAY_MS=0
54:10.348	ID:4	[NODE_STAT] TS=3250001 | ID=4 | OF=0 | PRNT=3 | RANK=768 | PCHG=1 | CPU=3250000000 | LPM=0 | TX=0 | RX=0
54:10.348	ID:4	[DATA_SEND] TS=3250001 | ID=4 | SEQ=325
54:10.348	ID:4	[WARN: IPv6 Route] No route found
54:10.348	ID:4	[WARN: IPv6 Route] No route found
54:10.365	ID:3	[WARN: IPv6 Route] No route found
54:10.365	ID:3	[WARN: IPv6 Route] No route found
54:10.396	ID:1	[DATA_RECV] TS=3250015 | SRC=4 | SEQ=325 | DELAY_MS=14
54:10.715	ID:5	[NODE_STAT] TS=3250001 | ID=5 | OF=0 | PRNT=4 | RANK=1024 | PCHG=4 | CPU=3250000000 | LPM=0 | TX=0 | RX=0
54:10.715	ID:5	[DATA_SEND] TS=3250001 | ID=5 | SEQ=324
54:10.715	ID:5	[WARN: IPv6 Route] No route found
54:10.715	ID:5	[WARN: IPv6 Route] No route found
54:10.736	ID:4	[WARN: IPv6 Route] No route found
54:10.736	ID:4	[WARN: IPv6 Route] No route found
54:10.747	ID:3	[WARN: IPv6 Route] No route found
54:10.747	ID:3	[WARN: IPv6 Route] No route found
54:10.759	ID:1	[DATA_RECV] TS=3250378 | SRC=5 | SEQ=324 | DELAY_MS=377
54:10.899	ID:3	[NODE_STAT] TS=3250001 | ID=3 | OF=0 | PRNT=1 | RANK=512 | PCHG=1 | CPU=3250000000 | LPM=0 | TX=0 | RX=0
54:10.899	ID:3	[DATA_SEND] TS=3250001 | ID=3 | SEQ=325
54:10.899	ID:3	[WARN: IPv6 Route] No route found
54:10.899	ID:3	[WARN: IPv6 Route] No route found
54:10.942	ID:1	[DATA_RECV] TS=3250561 | SRC=3 | SEQ=325 | DELAY_MS=560
54:20.236	ID:2	[NODE_STAT] TS=3260001 | ID=2 | OF=0 | PRNT=1 | RANK=1024 | PCHG=1 | CPU=3260000000 | LPM=0 | TX=0 | RX=0
54:20.236	ID:2	[DATA_SEND] TS=3260001 | ID=2 | SEQ=326
54:20.236	ID:2	[WARN: IPv6 Route] No route found
54:20.236	ID:2	[WARN: IPv6 Route] No route found
54:20.285	ID:1	[DATA_RECV] TS=3259904 | SRC=2 | SEQ=326 | DELAY_MS=0
54:20.348	ID:4	[NODE_STAT] TS=3260001 | ID=4 | OF=0 | PRNT=3 | RANK=768 | PCHG=1 | CPU=3260000000 | LPM=0 | TX=0 | RX=0
54:20.348	ID:4	[DATA_SEND] TS=3260001 | ID=4 | SEQ=326
54:20.348	ID:4	[WARN: IPv6 Route] No route found
54:20.348	ID:4	[WARN: IPv6 Route] No route found
54:20.357	ID:3	[WARN: IPv6 Route] No route found
54:20.357	ID:3	[WARN: IPv6 Route] No route found
54:20.390	ID:1	[DATA_RECV] TS=3260009 | SRC=4 | SEQ=326 | DELAY_MS=8
54:20.715	ID:5	[NODE_STAT] TS=3260001 | ID=5 | OF=0 | PRNT=4 | RANK=1024 | PCHG=4 | CPU=3260000000 | LPM=0 | TX=0 | RX=0
54:20.715	ID:5	[DATA_SEND] TS=3260001 | ID=5 | SEQ=325
54:20.715	ID:5	[WARN: IPv6 Route] No route found
54:20.715	ID:5	[WARN: IPv6 Route] No route found
54:20.733	ID:4	[WARN: IPv6 Route] No route found
54:20.733	ID:4	[WARN: IPv6 Route] No route found
54:20.763	ID:3	[WARN: IPv6 Route] No route found
54:20.763	ID:3	[WARN: IPv6 Route] No route found
54:20.784	ID:1	[DATA_RECV] TS=3260403 | SRC=5 | SEQ=325 | DELAY_MS=402
54:20.899	ID:3	[NODE_STAT] TS=3260001 | ID=3 | OF=0 | PRNT=1 | RANK=512 | PCHG=1 | CPU=3260000000 | LPM=0 | TX=0 | RX=0
54:20.899	ID:3	[DATA_SEND] TS=3260001 | ID=3 | SEQ=326
54:20.899	ID:3	[WARN: IPv6 Route] No route found
54:20.899	ID:3	[WARN: IPv6 Route] No route found
54:20.935	ID:1	[DATA_RECV] TS=3260554 | SRC=3 | SEQ=326 | DELAY_MS=553
54:30.236	ID:2	[NODE_STAT] TS=3270001 | ID=2 | OF=0 | PRNT=1 | RANK=1024 | PCHG=1 | CPU=3270000000 | LPM=0 | TX=0 | RX=0
54:30.236	ID:2	[DATA_SEND] TS=3270001 | ID=2 | SEQ=327
54:30.236	ID:2	[WARN: IPv6 Route] No route found
54:30.236	ID:2	[WARN: IPv6 Route] No route found
54:30.273	ID:1	[DATA_RECV] TS=3269892 | SRC=2 | SEQ=327 | DELAY_MS=0
54:30.348	ID:4	[NODE_STAT] TS=3270001 | ID=4 | OF=0 | PRNT=3 | RANK=768 | PCHG=1 | CPU=3270000000 | LPM=0 | TX=0 | RX=0
54:30.348	ID:4	[DATA_SEND] TS=3270001 | ID=4 | SEQ=327
54:30.348	ID:4	[WARN: IPv6 Route] No route found
54:30.348	ID:4	[WARN: IPv6 Route] No route found
54:30.393	ID:3	[WARN: IPv6 Route] No route found
54:30.393	ID:3	[WARN: IPv6 Route] No route found
54:30.434	ID:1	[DATA_RECV] TS=3270053 | SRC=4 | SEQ=327 | DELAY_MS=52
54:30.715	ID:5	[NODE_STAT] TS=3270001 | ID=5 | OF=0 | PRNT=4 | RANK=1024 | PCHG=4 | CPU=3270000000 | LPM=0 | TX=0 | RX=0
54:30.715	ID:5	[DATA_SEND] TS=3270001 | ID=5 | SEQ=326
54:30.715	ID:5	[WARN: IPv6 Route] No route found
54:30.715	ID:5	[WARN: IPv6 Route] No route found
54:30.757	ID:4	[WARN: IPv6 Route] No route found
54:30.757	ID:4	[WARN: IPv6 Route] No route found
54:30.788	ID:3	[WARN: IPv6 Route] No route found
54:30.788	ID:3	[WARN: IPv6 Route] No route found
54:30.834	ID:1	[DATA_RECV] TS=3270453 | SRC=5 | SEQ=326 | DELAY_MS=452
54:30.899	ID:3	[NODE_STAT] TS=3270001 | ID=3 | OF=0 | PRNT=1 | RANK=512 | PCHG=1 | CPU=3270000000 | LPM=0 | TX=0 | RX=0
54:30.899	ID:3	[DATA_SEND] TS=3270001 | ID=3 | SEQ=327
54:30.899	ID:3	[WARN: IPv6 Route] No route found
54:30.899	ID:3	[WARN: IPv6 Route] No route found
54:30.914	ID:1	[DATA_RECV] TS=3270533 | SRC=3 | SEQ=327 | DELAY_MS=532
54:40.236	ID:2	[NODE_STAT] TS=3280001 | ID=2 | OF=0 | PRNT=1 | RANK=1024 | PCHG=1 | CPU=3280000000 | LPM=0 | TX=0 | RX=0
54:40.236	ID:2	[DATA_SEND] TS=3280001 | ID=2 | SEQ=328
54:40.236	ID:2	[WARN: IPv6 Route] No route found
54:40.236	ID:2	[WARN: IPv6 Route] No route found
54:40.341	ID:1	[DATA_RECV] TS=3279960 | SRC=2 | SEQ=328 | DELAY_MS=0
54:40.348	ID:4	[NODE_STAT] TS=3280001 | ID=4 | OF=0 | PRNT=3 | RANK=768 | PCHG=1 | CPU=3280000000 | LPM=0 | TX=0 | RX=0
54:40.348	ID:4	[DATA_SEND] TS=3280001 | ID=4 | SEQ=328
54:40.348	ID:4	[WARN: IPv6 Route] No route found
54:40.348	ID:4	[WARN: IPv6 Route] No route found
54:40.374	ID:3	[WARN: IPv6 Route] No route found
54:40.374	ID:3	[WARN: IPv6 Route] No route found
54:40.387	ID:1	[DATA_RECV] TS=3280006 | SRC=4 | SEQ=328 | DELAY_MS=5
54:40.715	ID:5	[NODE_STAT] TS=3280001 | ID=5 | OF=0 | PRNT=4 | RANK=1024 | PCHG=4 | CPU=3280000000 | LPM=0 | TX=0 | RX=0
54:40.715	ID:5	[DATA_SEND] TS=3280001 | ID=5 | SEQ=327
54:40.715	ID:5	[WARN: IPv6 Route] No route found
54:40.715	ID:5	[WARN: IPv6 Route] No route found
54:40.723	ID:4	[WARN: IPv6 Route] No route found
54:40.723	ID:4	[WARN: IPv6 Route] No route found
54:40.757	ID:3	[WARN: IPv6 Route] No route found
54:40.757	ID:3	[WARN: IPv6 Route] No route found
54:40.793	ID:1	[DATA_RECV] TS=3280412 | SRC=5 | SEQ=327 | DELAY_MS=411
54:40.899	ID:3	[NODE_STAT] TS=3280001 | ID=3 | OF=0 | PRNT=1 | RANK=512 | PCHG=1 | CPU=3280000000 | LPM=0 | TX=0 | RX=0
54:40.899	ID:3	[DATA_SEND] TS=3280001 | ID=3 | SEQ=328
54:40.899	ID:3	[WARN: IPv6 Route] No route found
54:40.899	ID:3	[WARN: IPv6 Route] No route found
54:40.925	ID:1	[DATA_RECV] TS=3280544 | SRC=3 | SEQ=328 | DELAY_MS=543
54:50.236	ID:2	[NODE_STAT] TS=3290001 | ID=2 | OF=0 | PRNT=1 | RANK=1024 | PCHG=1 | CPU=3290000000 | LPM=0 | TX=0 | RX=0
54:50.236	ID:2	[DATA_SEND] TS=3290001 | ID=2 | SEQ=329
54:50.236	ID:2	[WARN: IPv6 Route] No route found
54:50.236	ID:2	[WARN: IPv6 Route] No route found
54:50.275	ID:1	[DATA_RECV] TS=3289894 | SRC=2 | SEQ=329 | DELAY_MS=0
54:50.348	ID:4	[NODE_STAT] TS=3290001 | ID=4 | OF=0 | PRNT=3 | RANK=768 | PCHG=1 | CPU=3290000000 | LPM=0 | TX=0 | RX=0
54:50.348	ID:4	[DATA_SEND] TS=3290001 | ID=4 | SEQ=329
54:50.348	ID:4	[WARN: IPv6 Route] No route found
54:50.348	ID:4	[WARN: IPv6 Route] No route found
54:50.377	ID:3	[WARN: IPv6 Route] No route found
54:50.377	ID:3	[WARN: IPv6 Route] No route found
54:50.387	ID:1	[DATA_RECV] TS=3290006 | SRC=4 | SEQ=329 | DELAY_MS=5
54:50.715	ID:5	[NODE_STAT] TS=3290001 | ID=5 | OF=0 | PRNT=4 | RANK=1024 | PCHG=4 | CPU=3290000000 | LPM=0 | TX=0 | RX=0
54:50.715	ID:5	[DATA_SEND] TS=3290001 | ID=5 | SEQ=328
54:50.715	ID:5	[WARN: IPv6 Route] No route found
54:50.715	ID:5	[WARN: IPv6 Route] No route found
54:50.725	ID:4	[WARN: IPv6 Route] No route found
54:50.725	ID:4	[WARN: IPv6 Route] No route found
54:50.736	ID:3	[WARN: IPv6 Route] No route found
54:50.736	ID:3	[WARN: IPv6 Route] No route found
54:50.770	ID:1	[DATA_RECV] TS=3290389 | SRC=5 | SEQ=328 | DELAY_MS=388
54:50.899	ID:3	[NODE_STAT] TS=3290001 | ID=3 | OF=0 | PRNT=1 | RANK=512 | PCHG=1 | CPU=3290000000 | LPM=0 | TX=0 | RX=0
54:50.899	ID:3	[DATA_SEND] TS=3290001 | ID=3 | SEQ=329
54:50.899	ID:3	[WARN: IPv6 Route] No route found
54:50.899	ID:3	[WARN: IPv6 Route] No route found
54:50.942	ID:1	[DATA_RECV] TS=3290561 | SRC=3 | SEQ=329 | DELAY_MS=560
55:00.236	ID:2	[NODE_STAT] TS=3300001 | ID=2 | OF=0 | PRNT=1 | RANK=1024 | PCHG=1 | CPU=3300000000 | LPM=0 | TX=0 | RX=0
55:00.236	ID:2	[DATA_SEND] TS=3300001 | ID=2 | SEQ=330
55:00.236	ID:2	[WARN: IPv6 Route] No route found
55:00.236	ID:2	[WARN: IPv6 Route] No route found
55:00.303	ID:1	[DATA_RECV] TS=3299922 | SRC=2 | SEQ=330 | DELAY_MS=0
55:00.348	ID:4	[NODE_STAT] TS=3300001 | ID=4 | OF=0 | PRNT=3 | RANK=768 | PCHG=1 | CPU=3300000000 | LPM=0 | TX=0 | RX=0
55:00.348	ID:4	[DATA_SEND] TS=3300001 | ID=4 | SEQ=330
55:00.348	ID:4	[WARN: IPv6 Route] No route found
55:00.348	ID:4	[WARN: IPv6 Route] No route found
55:00.391	ID:3	[WARN: IPv6 Route] No route found
55:00.391	ID:3	[WARN: IPv6 Route] No route found
55:00.397	ID:1	[DATA_RECV] TS=3300016 | SRC=4 | SEQ=330 | DELAY_MS=15
55:00.715	ID:5	[NODE_STAT] TS=3300001 | ID=5 | OF=0 | PRNT=4 | RANK=1024 | PCHG=4 | CPU=3300000000 | LPM=0 | TX=0 | RX=0
55:00.715	ID:5	[DATA_SEND] TS=3300001 | ID=5 | SEQ=329
55:00.715	ID:5	[WARN: IPv6 Route] No route found
55:00.715	ID:5	[WARN: IPv6 Route] No route found
55:00.721	ID:4	[WARN: IPv6 Route] No route found
55:00.721	ID:4	[WARN: IPv6 Route] No route found
55:00.734	ID:3	[WARN: IPv6 Route] No route found
55:00.734	ID:3	[WARN: IPv6 Route] No route found
55:00.752	ID:1	[DATA_RECV] TS=3300371 | SRC=5 | SEQ=329 | DELAY_MS=370
55:00.899	ID:3	[NODE_STAT] TS=3300001 | ID=3 | OF=0 | PRNT=1 | RANK=512 | PCHG=1 | CPU=3300000000 | LPM=0 | TX=0 | RX=0
55:00.899	ID:3	[DATA_SEND] TS=3300001 | ID=3 | SEQ=330
55:00.899	ID:3	[WARN: IPv6 Route] No route found
55:00.899	ID:3	[WARN: IPv6 Route] No route found
55:00.912	ID:1	[DATA_RECV] TS=3300531 | SRC=3 | SEQ=330 | DELAY_MS=530
55:10.236	ID:2	[NODE_STAT] TS=3310001 | ID=2 | OF=0 | PRNT=1 | RANK=1024 | PCHG=1 | CPU=3310000000 | LPM=0 | TX=0 | RX=0
55:10.236	ID:2	[DATA_SEND] TS=3310001 | ID=2 | SEQ=331
55:10.236	ID:2	[WARN: IPv6 Route] No route found
55:10.236	ID:2	[WARN: IPv6 Route] No route found
55:10.313	ID:1	[DATA_RECV] TS=3309932 | SRC=2 | SEQ=331 | DELAY_MS=0
55:10.348	ID:4	[NODE_STAT] TS=3310001 | ID=4 | OF=0 | PRNT=3 | RANK=768 | PCHG=1 | CPU=3310000000 | LPM=0 | TX=0 | RX=0
55:10.348	ID:4	[DATA_SEND] TS=3310001 | ID=4 | SEQ=331
55:10.348	ID:4	[WARN: IPv6 Route] No route found
55:10.348	ID:4	[WARN: IPv6 Route] No route found
55:10.353	ID:3	[WARN: IPv6 Route] No route found
55:10.353	ID:3	[WARN: IPv6 Route] No route found
55:10.378	ID:1	[DATA_RECV] TS=3309997 | SRC=4 | SEQ=331 | DELAY_MS=0
55:10.715	ID:5	[NODE_STAT] TS=3310001 | ID=5 | OF=0 | PRNT=4 | RANK=1024 | PCHG=4 | CPU=3310000000 | LPM=0 | TX=0 | RX=0
55:10.715	ID:5	[DATA_SEND] TS=3310001 | ID=5 | SEQ=330
55:10.715	ID:5	[WARN: IPv6 Route] No route found
55:10.715	ID:5	[WARN: IPv6 Route] No route found
55:10.726	ID:4	[WARN: IPv6 Route] No route found
55:10.726	ID:4	[WARN: IPv6 Route] No route found
55:10.764	ID:3	[WARN: IPv6 Route] No route found
55:10.764	ID:3	[WARN: IPv6 Route] No route found
55:10.795	ID:1	[DATA_RECV] TS=3310414 | SRC=5 | SEQ=330 | DELAY_MS=413
55:10.899	ID:3	[NODE_STAT] TS=3310001 | ID=3 | OF=0 | PRNT=1 | RANK=512 | PCHG=1 | CPU=3310000000 | LPM=0 | TX=0 | RX=0
55:10.899	ID:3	[DATA_SEND] TS=3310001 | ID=3 | SEQ=331
55:10.899	ID:3	[WARN: IPv6 Route] No route found
55:10.899	ID:3	[WARN: IPv6 Route] No route found
55:10.930	ID:1	[DATA_RECV] TS=3310549 | SRC=3 | SEQ=331 | DELAY_MS=548
55:20.236	ID:2	[NODE_STAT] TS=3320001 | ID=2 | OF=0 | PRNT=1 | RANK=1024 | PCHG=1 | CPU=3320000000 | LPM=0 | TX=0 | RX=0
55:20.236	ID:2	[DATA_SEND] TS=3320001 | ID=2 | SEQ=332
55:20.236	ID:2	[WARN: IPv6 Route] No route found
55:20.236	ID:2	[WARN: IPv6 Route] No route found
55:20.240	ID:1	[DATA_RECV] TS=3319859 | SRC=2 | SEQ=332 | DELAY_MS=0
55:20.348	ID:4	[NODE_STAT] TS=3320001 | ID=4 | OF=0 | PRNT=3 | RANK=768 | PCHG=1 | CPU=3320000000 | LPM=0 | TX=0 | RX=0
55:20.348	ID:4	[DATA_SEND] TS=3320001 | ID=4 | SEQ=332
55:20.348	ID:4	[WARN: IPv6 Route] No route found
55:20.348	ID:4	[WARN: IPv6 Route] No route found
55:20.365	ID:3	[WARN: IPv6 Route] No route found
55:20.365	ID:3	[WARN: IPv6 Route] No route found
55:20.373	ID:1	[DATA_RECV] TS=3319992 | SRC=4 | SEQ=332 | DELAY_MS=0
55:20.715	ID:5	[NODE_STAT] TS=3320001 | ID=5 | OF=0 | PRNT=4 | RANK=1024 | PCHG=4 | CPU=3320000000 | LPM=0 | TX=0 | RX=0
55:20.715	ID:5	[DATA_SEND] TS=3320001 | ID=5 | SEQ=331
55:20.715	ID:5	[WARN: IPv6 Route] No route found
55:20.715	ID:5	[WARN: IPv6 Route] No route found
55:20.750	ID:4	[WARN: IPv6 Route] No route found
55:20.750	ID:4	[WARN: IPv6 Route] No route found
55:20.758	ID:3	[WARN: IPv6 Route] No route found
55:20.758	ID:3	[WARN: IPv6 Route] No route found
55:20.772	ID:1	[DATA_RECV] TS=3320391 | SRC=5 | SEQ=331 | DELAY_MS=390
55:20.899	ID:3	[NODE_STAT] TS=3320001 | ID=3 | OF=0 | PRNT=1 | RANK=512 | PCHG=1 | CPU=3320000000 | LPM=0 | TX=0 | RX=0
55:20.899	ID:3	[DATA_SEND] TS=3320001 | ID=3 | SEQ=332
55:20.899	ID:3	[WARN: IPv6 Route] No route found
55:20.899	ID:3	[WARN: IPv6 Route] No route found
55:20.921	ID:1	[DATA_RECV] TS=3320540 | SRC=3 | SEQ=332 | DELAY_MS=539
55:30.236	ID:2	[NODE_STAT] TS=3330001 | ID=2 | OF=0 | PRNT=1 | RANK=1024 | PCHG=1 | CPU=3330000000 | LPM=0 | TX=0 | RX=0
55:30.236	ID:2	[DATA_SEND] TS=3330001 | ID=2 | SEQ=333
55:30.236	ID:2	[WARN: IPv6 Route] No route found
55:30.236	ID:2	[WARN: IPv6 Route] No route found
55:30.328	ID:1	[DATA_RECV] TS=3329947 | SRC=2 | SEQ=333 | DELAY_MS=0
55:30.348	ID:4	[NODE_STAT] TS=3330001 | ID=4 | OF=0 | PRNT=3 | RANK=768 | PCHG=1 | CPU=3330000000 | LPM=0 | TX=0 | RX=0
55:30.348	ID:4	[DATA_SEND] TS=3330001 | ID=4 | SEQ=333
55:30.348	ID:4	[WARN: IPv6 Route] No route found
55:30.348	ID:4	[WARN: IPv6 Route] No route found
55:30.388	ID:3	[WARN: IPv6 Route] No route found
55:30.388	ID:3	[WARN: IPv6 Route] No route found
55:30.415	ID:1	[DATA_RECV] TS=3330034 | SRC=4 | SEQ=333 | DELAY_MS=33
55:30.715	ID:5	[NODE_STAT] TS=3330001 | ID=5 | OF=0 | PRNT=4 | RANK=1024 | PCHG=4 | CPU=3330000000 | LPM=0 | TX=0 | RX=0
55:30.715	ID:5	[DATA_SEND] TS=3330001 | ID=5 | SEQ=332
55:30.715	ID:5	[WARN: IPv6 Route] No route found
55:30.715	ID:5	[WARN: IPv6 Route] No route found
55:30.736	ID:4	[WARN: IPv6 Route] No route found
55:30.736	ID:4	[WARN: IPv6 Route] No route found
55:30.780	ID:3	[WARN: IPv6 Route] No route found
55:30.780	ID:3	[WARN: IPv6 Route] No route found
55:30.799	ID:1	[DATA_RECV] TS=3330418 | SRC=5 | SEQ=332 | DELAY_MS=417
55:30.899	ID:3	[NODE_STAT] TS=3330001 | ID=3 | OF=0 | PRNT=1 | RANK=512 | PCHG=1 | CPU=3330000000 | LPM=0 | TX=0 | RX=0
55:30.899	ID:3	[DATA_SEND] TS=3330001 | ID=3 | SEQ=333
55:30.899	ID:3	[WARN: IPv6 Route] No route found
55:30.899	ID:3	[WARN: IPv6 Route] No route found
55:30.933	ID:1	[DATA_RECV] TS=3330552 | SRC=3 | SEQ=333 | DELAY_MS=551
55:40.236	ID:2	[NODE_STAT] TS=3340001 | ID=2 | OF=0 | PRNT=1 | RANK=1024 | PCHG=1 | CPU=3340000000 | LPM=0 | TX=0 | RX=0
55:40.236	ID:2	[DATA_SEND] TS=3340001 | ID=2 | SEQ=334
55:40.236	ID:2	[WARN: IPv6 Route] No route found
55:40.236	ID:2	[WARN: IPv6 Route] No route found
55:40.323	ID:1	[DATA_RECV] TS=3339942 | SRC=2 | SEQ=334 | DELAY_MS=0
55:40.348	ID:4	[NODE_STAT] TS=3340001 | ID=4 | OF=0 | PRNT=3 | RANK=768 | PCHG=1 | CPU=3340000000 | LPM=0 | TX=0 | RX=0
55:40.348	ID:4	[DATA_SEND] TS=3340001 | ID=4 | SEQ=334
55:40.348	ID:4	[WARN: IPv6 Route] No route found
55:40.348	ID:4	[WARN: IPv6 Route] No route found
55:40.379	ID:3	[WARN: IPv6 Route] No route found
55:40.379	ID:3	[WARN: IPv6 Route] No route found
55:40.421	ID:1	[DATA_RECV] TS=3340040 | SRC=4 | SEQ=334 | DELAY_MS=39
55:40.715	ID:5	[NODE_STAT] TS=3340001 | ID=5 | OF=0 | PRNT=4 | RANK=1024 | PCHG=4 | CPU=3340000000 | LPM=0 | TX=0 | RX=0
55:40.715	ID:5	[DATA_SEND] TS=3340001 | ID=5 | SEQ=333
55:40.715	ID:5	[WARN: IPv6 Route] No route found
55:40.715	ID:5	[WARN: IPv6 Route] No route found
55:40.731	ID:4	[WARN: IPv6 Route] No route found
55:40.731	ID:4	[WARN: IPv6 Route] No route found
