00:00.236	ID:2	[INFO: Main      ] Starting Contiki-NG-release/v4.1-45-gcd3af6c-dirty
00:00.236	ID:2	[INFO: Main      ]  Net: sicslowpan
00:00.236	ID:2	[INFO: Main      ]  MAC: CSMA
00:00.236	ID:2	[INFO: Main      ] Link-layer address 0002.0002.0002.0002
00:00.236	ID:2	[INFO: Main      ] Tentative link-local IPv6 address fe80::202:2:2:2
00:00.236	ID:2	[INFO: Cooja     ] Node id is set to 2.
00:00.348	ID:4	[INFO: Main      ] Starting Contiki-NG-release/v4.1-45-gcd3af6c-dirty
00:00.348	ID:4	[INFO: Main      ]  Net: sicslowpan
00:00.348	ID:4	[INFO: Main      ]  MAC: CSMA
00:00.348	ID:4	[INFO: Main      ] Link-layer address 0004.0004.0004.0004
00:00.348	ID:4	[INFO: Main      ] Tentative link-local IPv6 address fe80::204:4:4:4
00:00.348	ID:4	[INFO: Cooja     ] Node id is set to 4.
00:00.382	ID:1	[INFO: Main      ] Starting Contiki-NG-release/v4.1-45-gcd3af6c-dirty
00:00.382	ID:1	[INFO: Main      ]  Net: sicslowpan
00:00.382	ID:1	[INFO: Main      ]  MAC: CSMA
00:00.382	ID:1	[INFO: Main      ] Link-layer address 0001.0001.0001.0001
00:00.382	ID:1	[INFO: Main      ] Tentative link-local IPv6 address fe80::201:1:1:1
00:00.382	ID:1	[INFO: Cooja     ] Node id is set to 1.
00:00.382	ID:1	IPv6 addresses: fd00::201:1:1:1
00:00.382	ID:1	fe80::201:1:1:1
00:00.715	ID:5	[INFO: Main      ] Starting Contiki-NG-release/v4.1-45-gcd3af6c-dirty
00:00.715	ID:5	[INFO: Main      ]  Net: sicslowpan
00:00.715	ID:5	[INFO: Main      ]  MAC: CSMA
00:00.715	ID:5	[INFO: Main      ] Link-layer address 0005.0005.0005.0005
00:00.715	ID:5	[INFO: Main      ] Tentative link-local IPv6 address fe80::205:5:5:5
00:00.715	ID:5	[INFO: Cooja     ] Node id is set to 5.
00:00.899	ID:3	[INFO: Main      ] Starting Contiki-NG-release/v4.1-45-gcd3af6c-dirty
00:00.899	ID:3	[INFO: Main      ]  Net: sicslowpan
00:00.899	ID:3	[INFO: Main      ]  MAC: CSMA
00:00.899	ID:3	[INFO: Main      ] Link-layer address 0003.0003.0003.0003
00:00.899	ID:3	[INFO: Main      ] Tentative link-local IPv6 address fe80::203:3:3:3
00:00.899	ID:3	[INFO: Cooja     ] Node id is set to 3.
00:06.600	ID:1	[WARN: IPv6 Route] No route found
00:06.600	ID:1	[WARN: IPv6 Route] No route found
00:07.579	ID:1	[WARN: IPv6 Route] No route found
00:07.579	ID:1	[WARN: IPv6 Route] No route found
00:09.818	ID:3	[WARN: IPv6 Route] No route found
00:09.818	ID:3	[WARN: IPv6 Route] No route found
00:09.829	ID:1	[WARN: IPv6 Route] No route found
00:09.829	ID:1	[WARN: IPv6 Route] No route found
00:10.101	ID:2	[WARN: IPv6 Route] No route found
00:10.101	ID:2	[WARN: IPv6 Route] No route found
00:10.126	ID:1	[WARN: IPv6 Route] No route found
00:10.126	ID:1	[WARN: IPv6 Route] No route found
00:10.236	ID:2	[NODE_STAT] TS=10001 | ID=2 | OF=0 | PRNT=1 | RANK=512 | PCHG=1 | CPU=10000000 | LPM=0 | TX=0 | RX=0
00:10.236	ID:2	[DATA_SEND] TS=10001 | ID=2 | SEQ=1
00:10.236	ID:2	[WARN: IPv6 Route] No route found
00:10.236	ID:2	[WARN: IPv6 Route] No route found
00:10.266	ID:1	[DATA_RECV] TS=9885 | SRC=2 | SEQ=1 | DELAY_MS=0
00:10.348	ID:4	[NODE_STAT] TS=10001 | ID=4 | OF=0 | PRNT=3 | RANK=768 | PCHG=1 | CPU=10000000 | LPM=0 | TX=0 | RX=0
00:10.348	ID:4	[DATA_SEND] TS=10001 | ID=4 | SEQ=1
00:10.348	ID:4	[WARN: IPv6 Route] No route found
00:10.348	ID:4	[WARN: IPv6 Route] No route found
00:10.355	ID:3	[WARN: IPv6 Route] No route found
00:10.355	ID:3	[WARN: IPv6 Route] No route found
00:10.378	ID:1	[DATA_RECV] TS=9997 | SRC=4 | SEQ=1 | DELAY_MS=0
00:10.715	ID:5	[NODE_STAT] TS=10001 | ID=5 | OF=0 | PRNT=2 | RANK=768 | PCHG=1 | CPU=10000000 | LPM=0 | TX=0 | RX=0
00:10.715	ID:5	[DATA_SEND] TS=10001 | ID=5 | SEQ=1
00:10.715	ID:5	[WARN: IPv6 Route] No route found
00:10.715	ID:5	[WARN: IPv6 Route] No route found
00:10.731	ID:2	[WARN: IPv6 Route] No route found
00:10.731	ID:2	[WARN: IPv6 Route] No route found
00:10.765	ID:1	[DATA_RECV] TS=10384 | SRC=5 | SEQ=1 | DELAY_MS=383
00:10.899	ID:3	[NODE_STAT] TS=10001 | ID=3 | OF=0 | PRNT=1 | RANK=512 | PCHG=1 | CPU=10000000 | LPM=0 | TX=0 | RX=0
00:10.899	ID:3	[DATA_SEND] TS=10001 | ID=3 | SEQ=1
00:10.899	ID:3	[WARN: IPv6 Route] No route found
00:10.899	ID:3	[WARN: IPv6 Route] No route found
00:10.905	ID:1	[DATA_RECV] TS=10524 | SRC=3 | SEQ=1 | DELAY_MS=523
00:20.236	ID:2	[NODE_STAT] TS=20001 | ID=2 | OF=0 | PRNT=1 | RANK=512 | PCHG=1 | CPU=20000000 | LPM=0 | TX=0 | RX=0
00:20.236	ID:2	[DATA_SEND] TS=20001 | ID=2 | SEQ=2
00:20.236	ID:2	[WARN: IPv6 Route] No route found
00:20.236	ID:2	[WARN: IPv6 Route] No route found
00:20.348	ID:4	[NODE_STAT] TS=20001 | ID=4 | OF=0 | PRNT=3 | RANK=768 | PCHG=1 | CPU=20000000 | LPM=0 | TX=0 | RX=0
00:20.348	ID:4	[DATA_SEND] TS=20001 | ID=4 | SEQ=2
00:20.348	ID:4	[WARN: IPv6 Route] No route found
00:20.348	ID:4	[WARN: IPv6 Route] No route found
00:20.362	ID:1	[DATA_RECV] TS=19981 | SRC=2 | SEQ=2 | DELAY_MS=0
00:20.369	ID:3	[WARN: IPv6 Route] No route found
00:20.369	ID:3	[WARN: IPv6 Route] No route found
00:20.413	ID:1	[DATA_RECV] TS=20032 | SRC=4 | SEQ=2 | DELAY_MS=31
00:20.715	ID:5	[NODE_STAT] TS=20001 | ID=5 | OF=0 | PRNT=2 | RANK=768 | PCHG=1 | CPU=20000000 | LPM=0 | TX=0 | RX=0
00:20.715	ID:5	[DATA_SEND] TS=20001 | ID=5 | SEQ=2
00:20.715	ID:5	[WARN: IPv6 Route] No route found
00:20.715	ID:5	[WARN: IPv6 Route] No route found
00:20.752	ID:2	[WARN: IPv6 Route] No route found
00:20.752	ID:2	[WARN: IPv6 Route] No route found
00:20.780	ID:1	[DATA_RECV] TS=20399 | SRC=5 | SEQ=2 | DELAY_MS=398
00:20.899	ID:3	[NODE_STAT] TS=20001 | ID=3 | OF=0 | PRNT=1 | RANK=512 | PCHG=1 | CPU=20000000 | LPM=0 | TX=0 | RX=0
00:20.899	ID:3	[DATA_SEND] TS=20001 | ID=3 | SEQ=2
00:20.899	ID:3	[WARN: IPv6 Route] No route found
00:20.899	ID:3	[WARN: IPv6 Route] No route found
00:20.944	ID:1	[DATA_RECV] TS=20563 | SRC=3 | SEQ=2 | DELAY_MS=562
00:30.236	ID:2	[NODE_STAT] TS=30001 | ID=2 | OF=0 | PRNT=1 | RANK=512 | PCHG=1 | CPU=30000000 | LPM=0 | TX=0 | RX=0
00:30.236	ID:2	[DATA_SEND] TS=30001 | ID=2 | SEQ=3
00:30.236	ID:2	[WARN: IPv6 Route] No route found
00:30.236	ID:2	[WARN: IPv6 Route] No route found
00:30.242	ID:1	[DATA_RECV] TS=29861 | SRC=2 | SEQ=3 | DELAY_MS=0
00:30.348	ID:4	[NODE_STAT] TS=30001 | ID=4 | OF=0 | PRNT=3 | RANK=768 | PCHG=1 | CPU=30000000 | LPM=0 | TX=0 | RX=0
00:30.348	ID:4	[DATA_SEND] TS=30001 | ID=4 | SEQ=3
00:30.348	ID:4	[WARN: IPv6 Route] No route found
00:30.348	ID:4	[WARN: IPv6 Route] No route found
00:30.364	ID:3	[WARN: IPv6 Route] No route found
00:30.364	ID:3	[WARN: IPv6 Route] No route found
00:30.405	ID:1	[DATA_RECV] TS=30024 | SRC=4 | SEQ=3 | DELAY_MS=23
00:30.715	ID:5	[NODE_STAT] TS=30001 | ID=5 | OF=0 | PRNT=2 | RANK=768 | PCHG=1 | CPU=30000000 | LPM=0 | TX=0 | RX=0
00:30.715	ID:5	[DATA_SEND] TS=30001 | ID=5 | SEQ=3
00:30.715	ID:5	[WARN: IPv6 Route] No route found
00:30.715	ID:5	[WARN: IPv6 Route] No route found
00:30.744	ID:2	[WARN: IPv6 Route] No route found
00:30.744	ID:2	[WARN: IPv6 Route] No route found
00:30.782	ID:1	[DATA_RECV] TS=30401 | SRC=5 | SEQ=3 | DELAY_MS=400
00:30.899	ID:3	[NODE_STAT] TS=30001 | ID=3 | OF=0 | PRNT=1 | RANK=512 | PCHG=1 | CPU=30000000 | LPM=0 | TX=0 | RX=0
00:30.899	ID:3	[DATA_SEND] TS=30001 | ID=3 | SEQ=3
00:30.899	ID:3	[WARN: IPv6 Route] No route found
00:30.899	ID:3	[WARN: IPv6 Route] No route found
00:30.922	ID:1	[DATA_RECV] TS=30541 | SRC=3 | SEQ=3 | DELAY_MS=540
00:40.236	ID:2	[NODE_STAT] TS=40001 | ID=2 | OF=0 | PRNT=1 | RANK=512 | PCHG=1 | CPU=40000000 | LPM=0 | TX=0 | RX=0
00:40.236	ID:2	[DATA_SEND] TS=40001 | ID=2 | SEQ=4
00:40.236	ID:2	[WARN: IPv6 Route] No route found
00:40.236	ID:2	[WARN: IPv6 Route] No route found
00:40.279	ID:1	[DATA_RECV] TS=39898 | SRC=2 | SEQ=4 | DELAY_MS=0
00:40.348	ID:4	[NODE_STAT] TS=40001 | ID=4 | OF=0 | PRNT=3 | RANK=768 | PCHG=1 | CPU=40000000 | LPM=0 | TX=0 | RX=0
00:40.348	ID:4	[DATA_SEND] TS=40001 | ID=4 | SEQ=4
00:40.348	ID:4	[WARN: IPv6 Route] No route found
00:40.348	ID:4	[WARN: IPv6 Route] No route found
00:40.375	ID:3	[WARN: IPv6 Route] No route found
00:40.375	ID:3	[WARN: IPv6 Route] No route found
00:40.385	ID:1	[DATA_RECV] TS=40004 | SRC=4 | SEQ=4 | DELAY_MS=3
00:40.715	ID:5	[NODE_STAT] TS=40001 | ID=5 | OF=0 | PRNT=2 | RANK=768 | PCHG=1 | CPU=40000000 | LPM=0 | TX=0 | RX=0
00:40.715	ID:5	[DATA_SEND] TS=40001 | ID=5 | SEQ=4
00:40.715	ID:5	[WARN: IPv6 Route] No route found
00:40.715	ID:5	[WARN: IPv6 Route] No route found
00:40.747	ID:2	[WARN: IPv6 Route] No route found
00:40.747	ID:2	[WARN: IPv6 Route] No route found
00:40.753	ID:1	[DATA_RECV] TS=40372 | SRC=5 | SEQ=4 | DELAY_MS=371
00:40.899	ID:3	[NODE_STAT] TS=40001 | ID=3 | OF=0 | PRNT=1 | RANK=512 | PCHG=1 | CPU=40000000 | LPM=0 | TX=0 | RX=0
00:40.899	ID:3	[DATA_SEND] TS=40001 | ID=3 | SEQ=4
00:40.899	ID:3	[WARN: IPv6 Route] No route found
00:40.899	ID:3	[WARN: IPv6 Route] No route found
00:40.920	ID:1	[DATA_RECV] TS=40539 | SRC=3 | SEQ=4 | DELAY_MS=538
00:50.236	ID:2	[NODE_STAT] TS=50001 | ID=2 | OF=0 | PRNT=1 | RANK=512 | PCHG=1 | CPU=50000000 | LPM=0 | TX=0 | RX=0
00:50.236	ID:2	[DATA_SEND] TS=50001 | ID=2 | SEQ=5
00:50.236	ID:2	[WARN: IPv6 Route] No route found
00:50.236	ID:2	[WARN: IPv6 Route] No route found
00:50.348	ID:4	[NODE_STAT] TS=50001 | ID=4 | OF=0 | PRNT=3 | RANK=768 | PCHG=1 | CPU=50000000 | LPM=0 | TX=0 | RX=0
00:50.348	ID:4	[DATA_SEND] TS=50001 | ID=4 | SEQ=5
00:50.348	ID:4	[WARN: IPv6 Route] No route found
00:50.348	ID:4	[WARN: IPv6 Route] No route found
00:50.360	ID:1	[DATA_RECV] TS=49979 | SRC=2 | SEQ=5 | DELAY_MS=0
00:50.391	ID:3	[WARN: IPv6 Route] No route found
00:50.391	ID:3	[WARN: IPv6 Route] No route found
00:50.406	ID:1	[DATA_RECV] TS=50025 | SRC=4 | SEQ=5 | DELAY_MS=24
00:50.715	ID:5	[NODE_STAT] TS=50001 | ID=5 | OF=0 | PRNT=2 | RANK=768 | PCHG=1 | CPU=50000000 | LPM=0 | TX=0 | RX=0
00:50.715	ID:5	[DATA_SEND] TS=50001 | ID=5 | SEQ=5
00:50.715	ID:5	[WARN: IPv6 Route] No route found
00:50.715	ID:5	[WARN: IPv6 Route] No route found
00:50.726	ID:2	[WARN: IPv6 Route] No route found
00:50.726	ID:2	[WARN: IPv6 Route] No route found
00:50.788	ID:1	[DATA_RECV] TS=50407 | SRC=5 | SEQ=5 | DELAY_MS=406
00:50.899	ID:3	[NODE_STAT] TS=50001 | ID=3 | OF=0 | PRNT=1 | RANK=512 | PCHG=1 | CPU=50000000 | LPM=0 | TX=0 | RX=0
00:50.899	ID:3	[DATA_SEND] TS=50001 | ID=3 | SEQ=5
00:50.899	ID:3	[WARN: IPv6 Route] No route found
00:50.899	ID:3	[WARN: IPv6 Route] No route found
00:50.941	ID:1	[DATA_RECV] TS=50560 | SRC=3 | SEQ=5 | DELAY_MS=559
01:00.236	ID:2	[NODE_STAT] TS=60001 | ID=2 | OF=0 | PRNT=1 | RANK=512 | PCHG=1 | CPU=60000000 | LPM=0 | TX=0 | RX=0
01:00.236	ID:2	[DATA_SEND] TS=60001 | ID=2 | SEQ=6
01:00.236	ID:2	[WARN: IPv6 Route] No route found
01:00.236	ID:2	[WARN: IPv6 Route] No route found
01:00.303	ID:1	[DATA_RECV] TS=59922 | SRC=2 | SEQ=6 | DELAY_MS=0
01:00.348	ID:4	[NODE_STAT] TS=60001 | ID=4 | OF=0 | PRNT=3 | RANK=768 | PCHG=1 | CPU=60000000 | LPM=0 | TX=0 | RX=0
01:00.348	ID:4	[DATA_SEND] TS=60001 | ID=4 | SEQ=6
01:00.348	ID:4	[WARN: IPv6 Route] No route found
01:00.348	ID:4	[WARN: IPv6 Route] No route found
01:00.383	ID:3	[WARN: IPv6 Route] No route found
01:00.383	ID:3	[WARN: IPv6 Route] No route found
01:00.402	ID:1	[DATA_RECV] TS=60021 | SRC=4 | SEQ=6 | DELAY_MS=20
01:00.715	ID:5	[NODE_STAT] TS=60001 | ID=5 | OF=0 | PRNT=2 | RANK=768 | PCHG=1 | CPU=60000000 | LPM=0 | TX=0 | RX=0
01:00.715	ID:5	[DATA_SEND] TS=60001 | ID=5 | SEQ=6
01:00.715	ID:5	[WARN: IPv6 Route] No route found
01:00.715	ID:5	[WARN: IPv6 Route] No route found
01:00.741	ID:2	[WARN: IPv6 Route] No route found
01:00.741	ID:2	[WARN: IPv6 Route] No route found
01:00.766	ID:1	[DATA_RECV] TS=60385 | SRC=5 | SEQ=6 | DELAY_MS=384
01:00.899	ID:3	[NODE_STAT] TS=60001 | ID=3 | OF=0 | PRNT=1 | RANK=512 | PCHG=1 | CPU=60000000 | LPM=0 | TX=0 | RX=0
01:00.899	ID:3	[DATA_SEND] TS=60001 | ID=3 | SEQ=6
01:00.899	ID:3	[WARN: IPv6 Route] No route found
01:00.899	ID:3	[WARN: IPv6 Route] No route found
01:00.929	ID:1	[DATA_RECV] TS=60548 | SRC=3 | SEQ=6 | DELAY_MS=547
01:10.236	ID:2	[NODE_STAT] TS=70001 | ID=2 | OF=0 | PRNT=1 | RANK=512 | PCHG=1 | CPU=70000000 | LPM=0 | TX=0 | RX=0
01:10.236	ID:2	[DATA_SEND] TS=70001 | ID=2 | SEQ=7
01:10.236	ID:2	[WARN: IPv6 Route] No route found
01:10.236	ID:2	[WARN: IPv6 Route] No route found
01:10.258	ID:1	[DATA_RECV] TS=69877 | SRC=2 | SEQ=7 | DELAY_MS=0
01:10.348	ID:4	[NODE_STAT] TS=70001 | ID=4 | OF=0 | PRNT=3 | RANK=768 | PCHG=1 | CPU=70000000 | LPM=0 | TX=0 | RX=0
01:10.348	ID:4	[DATA_SEND] TS=70001 | ID=4 | SEQ=7
01:10.348	ID:4	[WARN: IPv6 Route] No route found
01:10.348	ID:4	[WARN: IPv6 Route] No route found
01:10.362	ID:3	[WARN: IPv6 Route] No route found
01:10.362	ID:3	[WARN: IPv6 Route] No route found
01:10.404	ID:1	[DATA_RECV] TS=70023 | SRC=4 | SEQ=7 | DELAY_MS=22
01:10.715	ID:5	[NODE_STAT] TS=70001 | ID=5 | OF=0 | PRNT=2 | RANK=768 | PCHG=1 | CPU=70000000 | LPM=0 | TX=0 | RX=0
01:10.715	ID:5	[DATA_SEND] TS=70001 | ID=5 | SEQ=7
01:10.715	ID:5	[WARN: IPv6 Route] No route found
01:10.715	ID:5	[WARN: IPv6 Route] No route found
01:10.759	ID:2	[WARN: IPv6 Route] No route found
01:10.759	ID:2	[WARN: IPv6 Route] No route found
01:10.804	ID:1	[DATA_RECV] TS=70423 | SRC=5 | SEQ=7 | DELAY_MS=422
01:10.899	ID:3	[NODE_STAT] TS=70001 | ID=3 | OF=0 | PRNT=1 | RANK=512 | PCHG=1 | CPU=70000000 | LPM=0 | TX=0 | RX=0
01:10.899	ID:3	[DATA_SEND] TS=70001 | ID=3 | SEQ=7
01:10.899	ID:3	[WARN: IPv6 Route] No route found
01:10.899	ID:3	[WARN: IPv6 Route] No route found
01:10.909	ID:1	[DATA_RECV] TS=70528 | SRC=3 | SEQ=7 | DELAY_MS=527
01:20.236	ID:2	[NODE_STAT] TS=80001 | ID=2 | OF=0 | PRNT=1 | RANK=512 | PCHG=1 | CPU=80000000 | LPM=0 | TX=0 | RX=0
01:20.236	ID:2	[DATA_SEND] TS=80001 | ID=2 | SEQ=8
01:20.236	ID:2	[WARN: IPv6 Route] No route found
01:20.236	ID:2	[WARN: IPv6 Route] No route found
01:20.256	ID:1	[DATA_RECV] TS=79875 | SRC=2 | SEQ=8 | DELAY_MS=0
01:20.348	ID:4	[NODE_STAT] TS=80001 | ID=4 | OF=0 | PRNT=3 | RANK=768 | PCHG=1 | CPU=80000000 | LPM=0 | TX=0 | RX=0
01:20.348	ID:4	[DATA_SEND] TS=80001 | ID=4 | SEQ=8
01:20.348	ID:4	[WARN: IPv6 Route] No route found
01:20.348	ID:4	[WARN: IPv6 Route] No route found
01:20.385	ID:3	[WARN: IPv6 Route] No route found
01:20.385	ID:3	[WARN: IPv6 Route] No route found
01:20.400	ID:1	[DATA_RECV] TS=80019 | SRC=4 | SEQ=8 | DELAY_MS=18
01:20.715	ID:5	[NODE_STAT] TS=80001 | ID=5 | OF=0 | PRNT=2 | RANK=768 | PCHG=1 | CPU=80000000 | LPM=0 | TX=0 | RX=0
01:20.715	ID:5	[DATA_SEND] TS=80001 | ID=5 | SEQ=8
01:20.715	ID:5	[WARN: IPv6 Route] No route found
01:20.715	ID:5	[WARN: IPv6 Route] No route found
01:20.751	ID:2	[WARN: IPv6 Route] No route found
01:20.751	ID:2	[WARN: IPv6 Route] No route found
01:20.844	ID:1	[DATA_RECV] TS=80463 | SRC=5 | SEQ=8 | DELAY_MS=462
01:20.899	ID:3	[NODE_STAT] TS=80001 | ID=3 | OF=0 | PRNT=1 | RANK=512 | PCHG=1 | CPU=80000000 | LPM=0 | TX=0 | RX=0
01:20.899	ID:3	[DATA_SEND] TS=80001 | ID=3 | SEQ=8
01:20.899	ID:3	[WARN: IPv6 Route] No route found
01:20.899	ID:3	[WARN: IPv6 Route] No route found
01:20.927	ID:1	[DATA_RECV] TS=80546 | SRC=3 | SEQ=8 | DELAY_MS=545
01:30.236	ID:2	[NODE_STAT] TS=90001 | ID=2 | OF=0 | PRNT=1 | RANK=512 | PCHG=1 | CPU=90000000 | LPM=0 | TX=0 | RX=0
01:30.236	ID:2	[DATA_SEND] TS=90001 | ID=2 | SEQ=9
01:30.236	ID:2	[WARN: IPv6 Route] No route found
01:30.236	ID:2	[WARN: IPv6 Route] No route found
01:30.281	ID:1	[DATA_RECV] TS=89900 | SRC=2 | SEQ=9 | DELAY_MS=0
01:30.348	ID:4	[NODE_STAT] TS=90001 | ID=4 | OF=0 | PRNT=3 | RANK=768 | PCHG=1 | CPU=90000000 | LPM=0 | TX=0 | RX=0
01:30.348	ID:4	[DATA_SEND] TS=90001 | ID=4 | SEQ=9
01:30.348	ID:4	[WARN: IPv6 Route] No route found
01:30.348	ID:4	[WARN: IPv6 Route] No route found
01:30.368	ID:3	[WARN: IPv6 Route] No route found
01:30.368	ID:3	[WARN: IPv6 Route] No route found
01:30.389	ID:1	[DATA_RECV] TS=90008 | SRC=4 | SEQ=9 | DELAY_MS=7
01:30.715	ID:5	[NODE_STAT] TS=90001 | ID=5 | OF=0 | PRNT=2 | RANK=768 | PCHG=1 | CPU=90000000 | LPM=0 | TX=0 | RX=0
01:30.715	ID:5	[DATA_SEND] TS=90001 | ID=5 | SEQ=9
01:30.715	ID:5	[WARN: IPv6 Route] No route found
01:30.715	ID:5	[WARN: IPv6 Route] No route found
01:30.736	ID:2	[WARN: IPv6 Route] No route found
01:30.736	ID:2	[WARN: IPv6 Route] No route found
01:30.759	ID:1	[DATA_RECV] TS=90378 | SRC=5 | SEQ=9 | DELAY_MS=377
01:30.899	ID:3	[NODE_STAT] TS=90001 | ID=3 | OF=0 | PRNT=1 | RANK=512 | PCHG=1 | CPU=90000000 | LPM=0 | TX=0 | RX=0
01:30.899	ID:3	[DATA_SEND] TS=90001 | ID=3 | SEQ=9
01:30.899	ID:3	[WARN: IPv6 Route] No route found
01:30.899	ID:3	[WARN: IPv6 Route] No route found
01:30.913	ID:1	[DATA_RECV] TS=90532 | SRC=3 | SEQ=9 | DELAY_MS=531
01:40.236	ID:2	[NODE_STAT] TS=100001 | ID=2 | OF=0 | PRNT=1 | RANK=512 | PCHG=1 | CPU=100000000 | LPM=0 | TX=0 | RX=0
01:40.236	ID:2	[DATA_SEND] TS=100001 | ID=2 | SEQ=10
01:40.236	ID:2	[WARN: IPv6 Route] No route found
01:40.236	ID:2	[WARN: IPv6 Route] No route found
01:40.348	ID:4	[NODE_STAT] TS=100001 | ID=4 | OF=0 | PRNT=3 | RANK=768 | PCHG=1 | CPU=100000000 | LPM=0 | TX=0 | RX=0
01:40.348	ID:4	[DATA_SEND] TS=100001 | ID=4 | SEQ=10
01:40.348	ID:4	[WARN: IPv6 Route] No route found
01:40.348	ID:4	[WARN: IPv6 Route] No route found
01:40.387	ID:3	[WARN: IPv6 Route] No route found
01:40.387	ID:3	[WARN: IPv6 Route] No route found
01:40.413	ID:1	[DATA_RECV] TS=100032 | SRC=2 | SEQ=10 | DELAY_MS=31
01:40.421	ID:1	[DATA_RECV] TS=100040 | SRC=4 | SEQ=10 | DELAY_MS=39
01:40.715	ID:5	[NODE_STAT] TS=100001 | ID=5 | OF=0 | PRNT=2 | RANK=768 | PCHG=1 | CPU=100000000 | LPM=0 | TX=0 | RX=0
01:40.715	ID:5	[DATA_SEND] TS=100001 | ID=5 | SEQ=10
01:40.715	ID:5	[WARN: IPv6 Route] No route found
01:40.715	ID:5	[WARN: IPv6 Route] No route found
01:40.782	ID:2	[WARN: IPv6 Route] No route found
01:40.782	ID:2	[WARN: IPv6 Route] No route found
01:40.813	ID:1	[DATA_RECV] TS=100432 | SRC=5 | SEQ=10 | DELAY_MS=431
01:40.899	ID:3	[NODE_STAT] TS=100001 | ID=3 | OF=0 | PRNT=1 | RANK=512 | PCHG=1 | CPU=100000000 | LPM=0 | TX=0 | RX=0
01:40.899	ID:3	[DATA_SEND] TS=100001 | ID=3 | SEQ=10
01:40.899	ID:3	[WARN: IPv6 Route] No route found
01:40.899	ID:3	[WARN: IPv6 Route] No route found
01:40.920	ID:1	[DATA_RECV] TS=100539 | SRC=3 | SEQ=10 | DELAY_MS=538
01:50.236	ID:2	[NODE_STAT] TS=110001 | ID=2 | OF=0 | PRNT=1 | RANK=512 | PCHG=1 | CPU=110000000 | LPM=0 | TX=0 | RX=0
01:50.236	ID:2	[DATA_SEND] TS=110001 | ID=2 | SEQ=11
01:50.236	ID:2	[WARN: IPv6 Route] No route found
01:50.236	ID:2	[WARN: IPv6 Route] No route found
01:50.336	ID:1	[DATA_RECV] TS=109955 | SRC=2 | SEQ=11 | DELAY_MS=0
01:50.348	ID:4	[NODE_STAT] TS=110001 | ID=4 | OF=0 | PRNT=3 | RANK=768 | PCHG=1 | CPU=110000000 | LPM=0 | TX=0 | RX=0
01:50.348	ID:4	[DATA_SEND] TS=110001 | ID=4 | SEQ=11
01:50.348	ID:4	[WARN: IPv6 Route] No route found
01:50.348	ID:4	[WARN: IPv6 Route] No route found
01:50.368	ID:3	[WARN: IPv6 Route] No route found
01:50.368	ID:3	[WARN: IPv6 Route] No route found
01:50.410	ID:1	[DATA_RECV] TS=110029 | SRC=4 | SEQ=11 | DELAY_MS=28
01:50.715	ID:5	[NODE_STAT] TS=110001 | ID=5 | OF=0 | PRNT=2 | RANK=768 | PCHG=1 | CPU=110000000 | LPM=0 | TX=0 | RX=0
01:50.715	ID:5	[DATA_SEND] TS=110001 | ID=5 | SEQ=11
01:50.715	ID:5	[WARN: IPv6 Route] No route found
01:50.715	ID:5	[WARN: IPv6 Route] No route found
01:50.757	ID:2	[WARN: IPv6 Route] No route found
01:50.757	ID:2	[WARN: IPv6 Route] No route found
01:50.821	ID:1	[DATA_RECV] TS=110440 | SRC=5 | SEQ=11 | DELAY_MS=439
01:50.899	ID:3	[NODE_STAT] TS=110001 | ID=3 | OF=0 | PRNT=1 | RANK=512 | PCHG=1 | CPU=110000000 | LPM=0 | TX=0 | RX=0
01:50.899	ID:3	[DATA_SEND] TS=110001 | ID=3 | SEQ=11
01:50.899	ID:3	[WARN: IPv6 Route] No route found
01:50.899	ID:3	[WARN: IPv6 Route] No route found
01:50.933	ID:1	[DATA_RECV] TS=110552 | SRC=3 | SEQ=11 | DELAY_MS=551
02:00.236	ID:2	[NODE_STAT] TS=120001 | ID=2 | OF=0 | PRNT=1 | RANK=512 | PCHG=1 | CPU=120000000 | LPM=0 | TX=0 | RX=0
02:00.236	ID:2	[DATA_SEND] TS=120001 | ID=2 | SEQ=12
02:00.236	ID:2	[WARN: IPv6 Route] No route found
02:00.236	ID:2	[WARN: IPv6 Route] No route found
02:00.258	ID:1	[DATA_RECV] TS=119877 | SRC=2 | SEQ=12 | DELAY_MS=0
02:00.348	ID:4	[NODE_STAT] TS=120001 | ID=4 | OF=0 | PRNT=3 | RANK=768 | PCHG=1 | CPU=120000000 | LPM=0 | TX=0 | RX=0
02:00.348	ID:4	[DATA_SEND] TS=120001 | ID=4 | SEQ=12
02:00.348	ID:4	[WARN: IPv6 Route] No route found
02:00.348	ID:4	[WARN: IPv6 Route] No route found
02:00.385	ID:3	[WARN: IPv6 Route] No route found
02:00.385	ID:3	[WARN: IPv6 Route] No route found
02:00.415	ID:1	[DATA_RECV] TS=120034 | SRC=4 | SEQ=12 | DELAY_MS=33
02:00.715	ID:5	[NODE_STAT] TS=120001 | ID=5 | OF=0 | PRNT=2 | RANK=768 | PCHG=1 | CPU=120000000 | LPM=0 | TX=0 | RX=0
02:00.715	ID:5	[DATA_SEND] TS=120001 | ID=5 | SEQ=12
02:00.715	ID:5	[WARN: IPv6 Route] No route found
02:00.715	ID:5	[WARN: IPv6 Route] No route found
02:00.756	ID:2	[WARN: IPv6 Route] No route found
02:00.756	ID:2	[WARN: IPv6 Route] No route found
02:00.790	ID:1	[DATA_RECV] TS=120409 | SRC=5 | SEQ=12 | DELAY_MS=408
02:00.899	ID:3	[NODE_STAT] TS=120001 | ID=3 | OF=0 | PRNT=1 | RANK=512 | PCHG=1 | CPU=120000000 | LPM=0 | TX=0 | RX=0
02:00.899	ID:3	[DATA_SEND] TS=120001 | ID=3 | SEQ=12
02:00.899	ID:3	[WARN: IPv6 Route] No route found
02:00.899	ID:3	[WARN: IPv6 Route] No route found
02:00.929	ID:1	[DATA_RECV] TS=120548 | SRC=3 | SEQ=12 | DELAY_MS=547
02:10.236	ID:2	[NODE_STAT] TS=130001 | ID=2 | OF=0 | PRNT=1 | RANK=512 | PCHG=1 | CPU=130000000 | LPM=0 | TX=0 | RX=0
02:10.236	ID:2	[DATA_SEND] TS=130001 | ID=2 | SEQ=13
02:10.236	ID:2	[WARN: IPv6 Route] No route found
02:10.236	ID:2	[WARN: IPv6 Route] No route found
02:10.242	ID:1	[DATA_RECV] TS=129861 | SRC=2 | SEQ=13 | DELAY_MS=0
02:10.348	ID:4	[NODE_STAT] TS=130001 | ID=4 | OF=0 | PRNT=3 | RANK=768 | PCHG=1 | CPU=130000000 | LPM=0 | TX=0 | RX=0
02:10.348	ID:4	[DATA_SEND] TS=130001 | ID=4 | SEQ=13
02:10.348	ID:4	[WARN: IPv6 Route] No route found
02:10.348	ID:4	[WARN: IPv6 Route] No route found
02:10.354	ID:3	[WARN: IPv6 Route] No route found
02:10.354	ID:3	[WARN: IPv6 Route] No route found
02:10.372	ID:1	[DATA_RECV] TS=129991 | SRC=4 | SEQ=13 | DELAY_MS=0
02:10.715	ID:5	[NODE_STAT] TS=130001 | ID=5 | OF=0 | PRNT=2 | RANK=768 | PCHG=1 | CPU=130000000 | LPM=0 | TX=0 | RX=0
02:10.715	ID:5	[DATA_SEND] TS=130001 | ID=5 | SEQ=13
02:10.715	ID:5	[WARN: IPv6 Route] No route found
02:10.715	ID:5	[WARN: IPv6 Route] No route found
02:10.735	ID:2	[WARN: IPv6 Route] No route found
02:10.735	ID:2	[WARN: IPv6 Route] No route found
02:10.767	ID:1	[DATA_RECV] TS=130386 | SRC=5 | SEQ=13 | DELAY_MS=385
02:10.899	ID:3	[NODE_STAT] TS=130001 | ID=3 | OF=0 | PRNT=1 | RANK=512 | PCHG=1 | CPU=130000000 | LPM=0 | TX=0 | RX=0
02:10.899	ID:3	[DATA_SEND] TS=130001 | ID=3 | SEQ=13
02:10.899	ID:3	[WARN: IPv6 Route] No route found
02:10.899	ID:3	[WARN: IPv6 Route] No route found
02:10.939	ID:1	[DATA_RECV] TS=130558 | SRC=3 | SEQ=13 | DELAY_MS=557
02:20.236	ID:2	[NODE_STAT] TS=140001 | ID=2 | OF=0 | PRNT=1 | RANK=512 | PCHG=1 | CPU=140000000 | LPM=0 | TX=0 | RX=0
02:20.236	ID:2	[DATA_SEND] TS=140001 | ID=2 | SEQ=14
02:20.236	ID:2	[WARN: IPv6 Route] No route found
02:20.236	ID:2	[WARN: IPv6 Route] No route found
02:20.277	ID:1	[DATA_RECV] TS=139896 | SRC=2 | SEQ=14 | DELAY_MS=0
02:20.348	ID:4	[NODE_STAT] TS=140001 | ID=4 | OF=0 | PRNT=3 | RANK=768 | PCHG=1 | CPU=140000000 | LPM=0 | TX=0 | RX=0
02:20.348	ID:4	[DATA_SEND] TS=140001 | ID=4 | SEQ=14
02:20.348	ID:4	[WARN: IPv6 Route] No route found
02:20.348	ID:4	[WARN: IPv6 Route] No route found
02:20.392	ID:3	[WARN: IPv6 Route] No route found
02:20.392	ID:3	[WARN: IPv6 Route] No route found
02:20.434	ID:1	[DATA_RECV] TS=140053 | SRC=4 | SEQ=14 | DELAY_MS=52
02:20.715	ID:5	[NODE_STAT] TS=140001 | ID=5 | OF=0 | PRNT=2 | RANK=768 | PCHG=1 | CPU=140000000 | LPM=0 | TX=0 | RX=0
02:20.715	ID:5	[DATA_SEND] TS=140001 | ID=5 | SEQ=14
02:20.715	ID:5	[WARN: IPv6 Route] No route found
02:20.715	ID:5	[WARN: IPv6 Route] No route found
02:20.737	ID:2	[WARN: IPv6 Route] No route found
02:20.737	ID:2	[WARN: IPv6 Route] No route found
02:20.767	ID:1	[DATA_RECV] TS=140386 | SRC=5 | SEQ=14 | DELAY_MS=385
02:20.899	ID:3	[NODE_STAT] TS=140001 | ID=3 | OF=0 | PRNT=1 | RANK=512 | PCHG=1 | CPU=140000000 | LPM=0 | TX=0 | RX=0
02:20.899	ID:3	[DATA_SEND] TS=140001 | ID=3 | SEQ=14
02:20.899	ID:3	[WARN: IPv6 Route] No route found
02:20.899	ID:3	[WARN: IPv6 Route] No route found
02:20.937	ID:1	[DATA_RECV] TS=140556 | SRC=3 | SEQ=14 | DELAY_MS=555
02:30.236	ID:2	[NODE_STAT] TS=150001 | ID=2 | OF=0 | PRNT=1 | RANK=512 | PCHG=1 | CPU=150000000 | LPM=0 | TX=0 | RX=0
02:30.236	ID:2	[DATA_SEND] TS=150001 | ID=2 | SEQ=15
02:30.236	ID:2	[WARN: IPv6 Route] No route found
02:30.236	ID:2	[WARN: IPv6 Route] No route found
02:30.268	ID:1	[DATA_RECV] TS=149887 | SRC=2 | SEQ=15 | DELAY_MS=0
02:30.348	ID:4	[NODE_STAT] TS=150001 | ID=4 | OF=0 | PRNT=3 | RANK=768 | PCHG=1 | CPU=150000000 | LPM=0 | TX=0 | RX=0
02:30.348	ID:4	[DATA_SEND] TS=150001 | ID=4 | SEQ=15
02:30.348	ID:4	[WARN: IPv6 Route] No route found
02:30.348	ID:4	[WARN: IPv6 Route] No route found
02:30.356	ID:3	[WARN: IPv6 Route] No route found
02:30.356	ID:3	[WARN: IPv6 Route] No route found
02:30.390	ID:1	[DATA_RECV] TS=150009 | SRC=4 | SEQ=15 | DELAY_MS=8
02:30.715	ID:5	[NODE_STAT] TS=150001 | ID=5 | OF=0 | PRNT=2 | RANK=768 | PCHG=1 | CPU=150000000 | LPM=0 | TX=0 | RX=0
02:30.715	ID:5	[DATA_SEND] TS=150001 | ID=5 | SEQ=15
02:30.715	ID:5	[WARN: IPv6 Route] No route found
02:30.715	ID:5	[WARN: IPv6 Route] No route found
02:30.743	ID:2	[WARN: IPv6 Route] No route found
02:30.743	ID:2	[WARN: IPv6 Route] No route found
02:30.773	ID:1	[DATA_RECV] TS=150392 | SRC=5 | SEQ=15 | DELAY_MS=391
02:30.899	ID:3	[NODE_STAT] TS=150001 | ID=3 | OF=0 | PRNT=1 | RANK=512 | PCHG=1 | CPU=150000000 | LPM=0 | TX=0 | RX=0
02:30.899	ID:3	[DATA_SEND] TS=150001 | ID=3 | SEQ=15
02:30.899	ID:3	[WARN: IPv6 Route] No route found
02:30.899	ID:3	[WARN: IPv6 Route] No route found
02:30.919	ID:1	[DATA_RECV] TS=150538 | SRC=3 | SEQ=15 | DELAY_MS=537
02:40.236	ID:2	[NODE_STAT] TS=160001 | ID=2 | OF=0 | PRNT=1 | RANK=512 | PCHG=1 | CPU=160000000 | LPM=0 | TX=0 | RX=0
02:40.236	ID:2	[DATA_SEND] TS=160001 | ID=2 | SEQ=16
02:40.236	ID:2	[WARN: IPv6 Route] No route found
02:40.236	ID:2	[WARN: IPv6 Route] No route found
02:40.275	ID:1	[DATA_RECV] TS=159894 | SRC=2 | SEQ=16 | DELAY_MS=0
02:40.348	ID:4	[NODE_STAT] TS=160001 | ID=4 | OF=0 | PRNT=3 | RANK=768 | PCHG=1 | CPU=160000000 | LPM=0 | TX=0 | RX=0
02:40.348	ID:4	[DATA_SEND] TS=160001 | ID=4 | SEQ=16
02:40.348	ID:4	[WARN: IPv6 Route] No route found
02:40.348	ID:4	[WARN: IPv6 Route] No route found
02:40.355	ID:3	[WARN: IPv6 Route] No route found
02:40.355	ID:3	[WARN: IPv6 Route] No route found
02:40.381	ID:1	[DATA_RECV] TS=160000 | SRC=4 | SEQ=16 | DELAY_MS=0
02:40.715	ID:5	[NODE_STAT] TS=160001 | ID=5 | OF=0 | PRNT=2 | RANK=768 | PCHG=1 | CPU=160000000 | LPM=0 | TX=0 | RX=0
02:40.715	ID:5	[DATA_SEND] TS=160001 | ID=5 | SEQ=16
02:40.715	ID:5	[WARN: IPv6 Route] No route found
02:40.715	ID:5	[WARN: IPv6 Route] No route found
02:40.758	ID:2	[WARN: IPv6 Route] No route found
02:40.758	ID:2	[WARN: IPv6 Route] No route found
02:40.860	ID:1	[DATA_RECV] TS=160479 | SRC=5 | SEQ=16 | DELAY_MS=478
02:40.899	ID:3	[NODE_STAT] TS=160001 | ID=3 | OF=0 | PRNT=1 | RANK=512 | PCHG=1 | CPU=160000000 | LPM=0 | TX=0 | RX=0
02:40.899	ID:3	[DATA_SEND] TS=160001 | ID=3 | SEQ=16
02:40.899	ID:3	[WARN: IPv6 Route] No route found
02:40.899	ID:3	[WARN: IPv6 Route] No route found
02:40.912	ID:1	[DATA_RECV] TS=160531 | SRC=3 | SEQ=16 | DELAY_MS=530
02:50.236	ID:2	[NODE_STAT] TS=170001 | ID=2 | OF=0 | PRNT=1 | RANK=512 | PCHG=1 | CPU=170000000 | LPM=0 | TX=0 | RX=0
02:50.236	ID:2	[DATA_SEND] TS=170001 | ID=2 | SEQ=17
02:50.236	ID:2	[WARN: IPv6 Route] No route found
02:50.236	ID:2	[WARN: IPv6 Route] No route found
02:50.259	ID:1	[DATA_RECV] TS=169878 | SRC=2 | SEQ=17 | DELAY_MS=0
02:50.348	ID:4	[NODE_STAT] TS=170001 | ID=4 | OF=0 | PRNT=3 | RANK=768 | PCHG=1 | CPU=170000000 | LPM=0 | TX=0 | RX=0
02:50.348	ID:4	[DATA_SEND] TS=170001 | ID=4 | SEQ=17
02:50.348	ID:4	[WARN: IPv6 Route] No route found
02:50.348	ID:4	[WARN: IPv6 Route] No route found
02:50.377	ID:3	[WARN: IPv6 Route] No route found
02:50.377	ID:3	[WARN: IPv6 Route] No route found
02:50.409	ID:1	[DATA_RECV] TS=170028 | SRC=4 | SEQ=17 | DELAY_MS=27
02:50.715	ID:5	[NODE_STAT] TS=170001 | ID=5 | OF=0 | PRNT=2 | RANK=768 | PCHG=1 | CPU=170000000 | LPM=0 | TX=0 | RX=0
02:50.715	ID:5	[DATA_SEND] TS=170001 | ID=5 | SEQ=17
02:50.715	ID:5	[WARN: IPv6 Route] No route found
02:50.715	ID:5	[WARN: IPv6 Route] No route found
02:50.721	ID:2	[WARN: IPv6 Route] No route found
02:50.721	ID:2	[WARN: IPv6 Route] No route found
02:50.727	ID:1	[DATA_RECV] TS=170346 | SRC=5 | SEQ=17 | DELAY_MS=345
02:50.899	ID:3	[NODE_STAT] TS=170001 | ID=3 | OF=0 | PRNT=1 | RANK=512 | PCHG=1 | CPU=170000000 | LPM=0 | TX=0 | RX=0
02:50.899	ID:3	[DATA_SEND] TS=170001 | ID=3 | SEQ=17
02:50.899	ID:3	[WARN: IPv6 Route] No route found
02:50.899	ID:3	[WARN: IPv6 Route] No route found
02:50.940	ID:1	[DATA_RECV] TS=170559 | SRC=3 | SEQ=17 | DELAY_MS=558
03:00.236	ID:2	[NODE_STAT] TS=180001 | ID=2 | OF=0 | PRNT=1 | RANK=512 | PCHG=1 | CPU=180000000 | LPM=0 | TX=0 | RX=0
03:00.236	ID:2	[DATA_SEND] TS=180001 | ID=2 | SEQ=18
03:00.236	ID:2	[WARN: IPv6 Route] No route found
03:00.236	ID:2	[WARN: IPv6 Route] No route found
03:00.244	ID:1	[DATA_RECV] TS=179863 | SRC=2 | SEQ=18 | DELAY_MS=0
03:00.348	ID:4	[NODE_STAT] TS=180001 | ID=4 | OF=0 | PRNT=3 | RANK=768 | PCHG=1 | CPU=180000000 | LPM=0 | TX=0 | RX=0
03:00.348	ID:4	[DATA_SEND] TS=180001 | ID=4 | SEQ=18
03:00.348	ID:4	[WARN: IPv6 Route] No route found
03:00.348	ID:4	[WARN: IPv6 Route] No route found
03:00.370	ID:3	[WARN: IPv6 Route] No route found
03:00.370	ID:3	[WARN: IPv6 Route] No route found
03:00.391	ID:1	[DATA_RECV] TS=180010 | SRC=4 | SEQ=18 | DELAY_MS=9
03:00.715	ID:5	[NODE_STAT] TS=180001 | ID=5 | OF=0 | PRNT=2 | RANK=768 | PCHG=1 | CPU=180000000 | LPM=0 | TX=0 | RX=0
03:00.715	ID:5	[DATA_SEND] TS=180001 | ID=5 | SEQ=18
03:00.715	ID:5	[WARN: IPv6 Route] No route found
03:00.715	ID:5	[WARN: IPv6 Route] No route found
03:00.748	ID:2	[WARN: IPv6 Route] No route found
03:00.748	ID:2	[WARN: IPv6 Route] No route found
03:00.784	ID:1	[DATA_RECV] TS=180403 | SRC=5 | SEQ=18 | DELAY_MS=402
03:00.899	ID:3	[NODE_STAT] TS=180001 | ID=3 | OF=0 | PRNT=1 | RANK=512 | PCHG=1 | CPU=180000000 | LPM=0 | TX=0 | RX=0
03:00.899	ID:3	[DATA_SEND] TS=180001 | ID=3 | SEQ=18
03:00.899	ID:3	[WARN: IPv6 Route] No route found
03:00.899	ID:3	[WARN: IPv6 Route] No route found
03:00.928	ID:1	[DATA_RECV] TS=180547 | SRC=3 | SEQ=18 | DELAY_MS=546
03:10.236	ID:2	[NODE_STAT] TS=190001 | ID=2 | OF=0 | PRNT=1 | RANK=512 | PCHG=1 | CPU=190000000 | LPM=0 | TX=0 | RX=0
03:10.236	ID:2	[DATA_SEND] TS=190001 | ID=2 | SEQ=19
03:10.236	ID:2	[WARN: IPv6 Route] No route found
03:10.236	ID:2	[WARN: IPv6 Route] No route found
03:10.303	ID:1	[DATA_RECV] TS=189922 | SRC=2 | SEQ=19 | DELAY_MS=0
03:10.348	ID:4	[NODE_STAT] TS=190001 | ID=4 | OF=0 | PRNT=3 | RANK=768 | PCHG=1 | CPU=190000000 | LPM=0 | TX=0 | RX=0
03:10.348	ID:4	[DATA_SEND] TS=190001 | ID=4 | SEQ=19
03:10.348	ID:4	[WARN: IPv6 Route] No route found
03:10.348	ID:4	[WARN: IPv6 Route] No route found
03:10.353	ID:3	[WARN: IPv6 Route] No route found
03:10.353	ID:3	[WARN: IPv6 Route] No route found
03:10.398	ID:1	[DATA_RECV] TS=190017 | SRC=4 | SEQ=19 | DELAY_MS=16
03:10.715	ID:5	[NODE_STAT] TS=190001 | ID=5 | OF=0 | PRNT=2 | RANK=768 | PCHG=1 | CPU=190000000 | LPM=0 | TX=0 | RX=0
03:10.715	ID:5	[DATA_SEND] TS=190001 | ID=5 | SEQ=19
03:10.715	ID:5	[WARN: IPv6 Route] No route found
03:10.715	ID:5	[WARN: IPv6 Route] No route found
03:10.732	ID:2	[WARN: IPv6 Route] No route found
03:10.732	ID:2	[WARN: IPv6 Route] No route found
03:10.786	ID:1	[DATA_RECV] TS=190405 | SRC=5 | SEQ=19 | DELAY_MS=404
03:10.899	ID:3	[NODE_STAT] TS=190001 | ID=3 | OF=0 | PRNT=1 | RANK=512 | PCHG=1 | CPU=190000000 | LPM=0 | TX=0 | RX=0
03:10.899	ID:3	[DATA_SEND] TS=190001 | ID=3 | SEQ=19
03:10.899	ID:3	[WARN: IPv6 Route] No route found
03:10.899	ID:3	[WARN: IPv6 Route] No route found
03:10.936	ID:1	[DATA_RECV] TS=190555 | SRC=3 | SEQ=19 | DELAY_MS=554
03:20.236	ID:2	[NODE_STAT] TS=200001 | ID=2 | OF=0 | PRNT=1 | RANK=512 | PCHG=1 | CPU=200000000 | LPM=0 | TX=0 | RX=0
03:20.236	ID:2	[DATA_SEND] TS=200001 | ID=2 | SEQ=20
03:20.236	ID:2	[WARN: IPv6 Route] No route found
03:20.236	ID:2	[WARN: IPv6 Route] No route found
03:20.330	ID:1	[DATA_RECV] TS=199949 | SRC=2 | SEQ=20 | DELAY_MS=0
03:20.348	ID:4	[NODE_STAT] TS=200001 | ID=4 | OF=0 | PRNT=3 | RANK=768 | PCHG=1 | CPU=200000000 | LPM=0 | TX=0 | RX=0
03:20.348	ID:4	[DATA_SEND] TS=200001 | ID=4 | SEQ=20
03:20.348	ID:4	[WARN: IPv6 Route] No route found
03:20.348	ID:4	[WARN: IPv6 Route] No route found
03:20.357	ID:3	[WARN: IPv6 Route] No route found
03:20.357	ID:3	[WARN: IPv6 Route] No route found
03:20.397	ID:1	[DATA_RECV] TS=200016 | SRC=4 | SEQ=20 | DELAY_MS=15
03:20.715	ID:5	[NODE_STAT] TS=200001 | ID=5 | OF=0 | PRNT=2 | RANK=768 | PCHG=1 | CPU=200000000 | LPM=0 | TX=0 | RX=0
03:20.715	ID:5	[DATA_SEND] TS=200001 | ID=5 | SEQ=20
03:20.715	ID:5	[WARN: IPv6 Route] No route found
03:20.715	ID:5	[WARN: IPv6 Route] No route found
03:20.730	ID:2	[WARN: IPv6 Route] No route found
03:20.730	ID:2	[WARN: IPv6 Route] No route found
03:20.848	ID:1	[DATA_RECV] TS=200467 | SRC=5 | SEQ=20 | DELAY_MS=466
03:20.899	ID:3	[NODE_STAT] TS=200001 | ID=3 | OF=0 | PRNT=1 | RANK=512 | PCHG=1 | CPU=200000000 | LPM=0 | TX=0 | RX=0
03:20.899	ID:3	[DATA_SEND] TS=200001 | ID=3 | SEQ=20
03:20.899	ID:3	[WARN: IPv6 Route] No route found
03:20.899	ID:3	[WARN: IPv6 Route] No route found
03:20.936	ID:1	[DATA_RECV] TS=200555 | SRC=3 | SEQ=20 | DELAY_MS=554
03:30.236	ID:2	[NODE_STAT] TS=210001 | ID=2 | OF=0 | PRNT=1 | RANK=512 | PCHG=1 | CPU=210000000 | LPM=0 | TX=0 | RX=0
03:30.236	ID:2	[DATA_SEND] TS=210001 | ID=2 | SEQ=21
03:30.236	ID:2	[WARN: IPv6 Route] No route found
03:30.236	ID:2	[WARN: IPv6 Route] No route found
03:30.242	ID:1	[DATA_RECV] TS=209861 | SRC=2 | SEQ=21 | DELAY_MS=0
03:30.348	ID:4	[NODE_STAT] TS=210001 | ID=4 | OF=0 | PRNT=3 | RANK=768 | PCHG=1 | CPU=210000000 | LPM=0 | TX=0 | RX=0
03:30.348	ID:4	[DATA_SEND] TS=210001 | ID=4 | SEQ=21
03:30.348	ID:4	[WARN: IPv6 Route] No route found
03:30.348	ID:4	[WARN: IPv6 Route] No route found
03:30.367	ID:3	[WARN: IPv6 Route] No route found
03:30.367	ID:3	[WARN: IPv6 Route] No route found
03:30.381	ID:1	[DATA_RECV] TS=210000 | SRC=4 | SEQ=21 | DELAY_MS=0
03:30.715	ID:5	[NODE_STAT] TS=210001 | ID=5 | OF=0 | PRNT=2 | RANK=768 | PCHG=1 | CPU=210000000 | LPM=0 | TX=0 | RX=0
03:30.715	ID:5	[DATA_SEND] TS=210001 | ID=5 | SEQ=21
03:30.715	ID:5	[WARN: IPv6 Route] No route found
03:30.715	ID:5	[WARN: IPv6 Route] No route found
03:30.724	ID:2	[WARN: IPv6 Route] No route found
03:30.724	ID:2	[WARN: IPv6 Route] No route found
03:30.736	ID:1	[DATA_RECV] TS=210355 | SRC=5 | SEQ=21 | DELAY_MS=354
03:30.899	ID:3	[NODE_STAT] TS=210001 | ID=3 | OF=0 | PRNT=1 | RANK=512 | PCHG=1 | CPU=210000000 | LPM=0 | TX=0 | RX=0
03:30.899	ID:3	[DATA_SEND] TS=210001 | ID=3 | SEQ=21
03:30.899	ID:3	[WARN: IPv6 Route] No route found
03:30.899	ID:3	[WARN: IPv6 Route] No route found
03:30.921	ID:1	[DATA_RECV] TS=210540 | SRC=3 | SEQ=21 | DELAY_MS=539
03:40.236	ID:2	[NODE_STAT] TS=220001 | ID=2 | OF=0 | PRNT=1 | RANK=512 | PCHG=1 | CPU=220000000 | LPM=0 | TX=0 | RX=0
03:40.236	ID:2	[DATA_SEND] TS=220001 | ID=2 | SEQ=22
03:40.236	ID:2	[WARN: IPv6 Route] No route found
03:40.236	ID:2	[WARN: IPv6 Route] No route found
03:40.244	ID:1	[DATA_RECV] TS=219863 | SRC=2 | SEQ=22 | DELAY_MS=0
03:40.348	ID:4	[NODE_STAT] TS=220001 | ID=4 | OF=0 | PRNT=3 | RANK=768 | PCHG=1 | CPU=220000000 | LPM=0 | TX=0 | RX=0
03:40.348	ID:4	[DATA_SEND] TS=220001 | ID=4 | SEQ=22
03:40.348	ID:4	[WARN: IPv6 Route] No route found
03:40.348	ID:4	[WARN: IPv6 Route] No route found
03:40.359	ID:3	[WARN: IPv6 Route] No route found
03:40.359	ID:3	[WARN: IPv6 Route] No route found
03:40.392	ID:1	[DATA_RECV] TS=220011 | SRC=4 | SEQ=22 | DELAY_MS=10
03:40.715	ID:5	[NODE_STAT] TS=220001 | ID=5 | OF=0 | PRNT=2 | RANK=768 | PCHG=1 | CPU=220000000 | LPM=0 | TX=0 | RX=0
03:40.715	ID:5	[DATA_SEND] TS=220001 | ID=5 | SEQ=22
03:40.715	ID:5	[WARN: IPv6 Route] No route found
03:40.715	ID:5	[WARN: IPv6 Route] No route found
03:40.745	ID:2	[WARN: IPv6 Route] No route found
03:40.745	ID:2	[WARN: IPv6 Route] No route found
03:40.774	ID:1	[DATA_RECV] TS=220393 | SRC=5 | SEQ=22 | DELAY_MS=392
03:40.899	ID:3	[NODE_STAT] TS=220001 | ID=3 | OF=0 | PRNT=1 | RANK=512 | PCHG=1 | CPU=220000000 | LPM=0 | TX=0 | RX=0
03:40.899	ID:3	[DATA_SEND] TS=220001 | ID=3 | SEQ=22
03:40.899	ID:3	[WARN: IPv6 Route] No route found
03:40.899	ID:3	[WARN: IPv6 Route] No route found
03:40.943	ID:1	[DATA_RECV] TS=220562 | SRC=3 | SEQ=22 | DELAY_MS=561
03:50.236	ID:2	[NODE_STAT] TS=230001 | ID=2 | OF=0 | PRNT=1 | RANK=512 | PCHG=1 | CPU=230000000 | LPM=0 | TX=0 | RX=0
03:50.236	ID:2	[DATA_SEND] TS=230001 | ID=2 | SEQ=23
03:50.236	ID:2	[WARN: IPv6 Route] No route found
03:50.236	ID:2	[WARN: IPv6 Route] No route found
03:50.261	ID:1	[DATA_RECV] TS=229880 | SRC=2 | SEQ=23 | DELAY_MS=0
03:50.348	ID:4	[NODE_STAT] TS=230001 | ID=4 | OF=0 | PRNT=3 | RANK=768 | PCHG=1 | CPU=230000000 | LPM=0 | TX=0 | RX=0
03:50.348	ID:4	[DATA_SEND] TS=230001 | ID=4 | SEQ=23
03:50.348	ID:4	[WARN: IPv6 Route] No route found
03:50.348	ID:4	[WARN: IPv6 Route] No route found
03:50.375	ID:3	[WARN: IPv6 Route] No route found
03:50.375	ID:3	[WARN: IPv6 Route] No route found
03:50.417	ID:1	[DATA_RECV] TS=230036 | SRC=4 | SEQ=23 | DELAY_MS=35
03:50.715	ID:5	[NODE_STAT] TS=230001 | ID=5 | OF=0 | PRNT=2 | RANK=768 | PCHG=1 | CPU=230000000 | LPM=0 | TX=0 | RX=0
03:50.715	ID:5	[DATA_SEND] TS=230001 | ID=5 | SEQ=23
03:50.715	ID:5	[WARN: IPv6 Route] No route found
03:50.715	ID:5	[WARN: IPv6 Route] No route found
03:50.732	ID:2	[WARN: IPv6 Route] No route found
03:50.732	ID:2	[WARN: IPv6 Route] No route found
03:50.744	ID:1	[DATA_RECV] TS=230363 | SRC=5 | SEQ=23 | DELAY_MS=362
03:50.899	ID:3	[NODE_STAT] TS=230001 | ID=3 | OF=0 | PRNT=1 | RANK=512 | PCHG=1 | CPU=230000000 | LPM=0 | TX=0 | RX=0
03:50.899	ID:3	[DATA_SEND] TS=230001 | ID=3 | SEQ=23
03:50.899	ID:3	[WARN: IPv6 Route] No route found
03:50.899	ID:3	[WARN: IPv6 Route] No route found
03:50.939	ID:1	[DATA_RECV] TS=230558 | SRC=3 | SEQ=23 | DELAY_MS=557
04:00.236	ID:2	[NODE_STAT] TS=240001 | ID=2 | OF=0 | PRNT=1 | RANK=512 | PCHG=1 | CPU=240000000 | LPM=0 | TX=0 | RX=0
04:00.236	ID:2	[DATA_SEND] TS=240001 | ID=2 | SEQ=24
04:00.236	ID:2	[WARN: IPv6 Route] No route found
04:00.236	ID:2	[WARN: IPv6 Route] No route found
04:00.315	ID:1	[DATA_RECV] TS=239934 | SRC=2 | SEQ=24 | DELAY_MS=0
04:00.348	ID:4	[NODE_STAT] TS=240001 | ID=4 | OF=0 | PRNT=3 | RANK=768 | PCHG=1 | CPU=240000000 | LPM=0 | TX=0 | RX=0
04:00.348	ID:4	[DATA_SEND] TS=240001 | ID=4 | SEQ=24
04:00.348	ID:4	[WARN: IPv6 Route] No route found
04:00.348	ID:4	[WARN: IPv6 Route] No route found
04:00.387	ID:3	[WARN: IPv6 Route] No route found
04:00.387	ID:3	[WARN: IPv6 Route] No route found
04:00.419	ID:1	[DATA_RECV] TS=240038 | SRC=4 | SEQ=24 | DELAY_MS=37
04:00.715	ID:5	[NODE_STAT] TS=240001 | ID=5 | OF=0 | PRNT=2 | RANK=768 | PCHG=1 | CPU=240000000 | LPM=0 | TX=0 | RX=0
04:00.715	ID:5	[DATA_SEND] TS=240001 | ID=5 | SEQ=24
04:00.715	ID:5	[WARN: IPv6 Route] No route found
04:00.715	ID:5	[WARN: IPv6 Route] No route found
04:00.760	ID:2	[WARN: IPv6 Route] No route found
04:00.760	ID:2	[WARN: IPv6 Route] No route found
04:00.775	ID:1	[DATA_RECV] TS=240394 | SRC=5 | SEQ=24 | DELAY_MS=393
04:00.899	ID:3	[NODE_STAT] TS=240001 | ID=3 | OF=0 | PRNT=1 | RANK=512 | PCHG=1 | CPU=240000000 | LPM=0 | TX=0 | RX=0
04:00.899	ID:3	[DATA_SEND] TS=240001 | ID=3 | SEQ=24
04:00.899	ID:3	[WARN: IPv6 Route] No route found
04:00.899	ID:3	[WARN: IPv6 Route] No route found
04:00.938	ID:1	[DATA_RECV] TS=240557 | SRC=3 | SEQ=24 | DELAY_MS=556
04:10.236	ID:2	[NODE_STAT] TS=250001 | ID=2 | OF=0 | PRNT=1 | RANK=512 | PCHG=1 | CPU=250000000 | LPM=0 | TX=0 | RX=0
04:10.236	ID:2	[DATA_SEND] TS=250001 | ID=2 | SEQ=25
04:10.236	ID:2	[WARN: IPv6 Route] No route found
04:10.236	ID:2	[WARN: IPv6 Route] No route found
04:10.261	ID:1	[DATA_RECV] TS=249880 | SRC=2 | SEQ=25 | DELAY_MS=0
04:10.348	ID:4	[NODE_STAT] TS=250001 | ID=4 | OF=0 | PRNT=3 | RANK=768 | PCHG=1 | CPU=250000000 | LPM=0 | TX=0 | RX=0
04:10.348	ID:4	[DATA_SEND] TS=250001 | ID=4 | SEQ=25
04:10.348	ID:4	[WARN: IPv6 Route] No route found
04:10.348	ID:4	[WARN: IPv6 Route] No route found
04:10.382	ID:3	[WARN: IPv6 Route] No route found
04:10.382	ID:3	[WARN: IPv6 Route] No route found
04:10.401	ID:1	[DATA_RECV] TS=250020 | SRC=4 | SEQ=25 | DELAY_MS=19
04:10.715	ID:5	[NODE_STAT] TS=250001 | ID=5 | OF=0 | PRNT=2 | RANK=768 | PCHG=1 | CPU=250000000 | LPM=0 | TX=0 | RX=0
04:10.715	ID:5	[DATA_SEND] TS=250001 | ID=5 | SEQ=25
04:10.715	ID:5	[WARN: IPv6 Route] No route found
04:10.715	ID:5	[WARN: IPv6 Route] No route found
04:10.729	ID:2	[WARN: IPv6 Route] No route found
04:10.729	ID:2	[WARN: IPv6 Route] No route found
04:10.759	ID:1	[DATA_RECV] TS=250378 | SRC=5 | SEQ=25 | DELAY_MS=377
04:10.899	ID:3	[NODE_STAT] TS=250001 | ID=3 | OF=0 | PRNT=1 | RANK=512 | PCHG=1 | CPU=250000000 | LPM=0 | TX=0 | RX=0
04:10.899	ID:3	[DATA_SEND] TS=250001 | ID=3 | SEQ=25
04:10.899	ID:3	[WARN: IPv6 Route] No route found
04:10.899	ID:3	[WARN: IPv6 Route] No route found
04:10.938	ID:1	[DATA_RECV] TS=250557 | SRC=3 | SEQ=25 | DELAY_MS=556
04:20.236	ID:2	[NODE_STAT] TS=260001 | ID=2 | OF=0 | PRNT=1 | RANK=512 | PCHG=1 | CPU=260000000 | LPM=0 | TX=0 | RX=0
04:20.236	ID:2	[DATA_SEND] TS=260001 | ID=2 | SEQ=26
04:20.236	ID:2	[WARN: IPv6 Route] No route found
04:20.236	ID:2	[WARN: IPv6 Route] No route found
04:20.278	ID:1	[DATA_RECV] TS=259897 | SRC=2 | SEQ=26 | DELAY_MS=0
04:20.348	ID:4	[NODE_STAT] TS=260001 | ID=4 | OF=0 | PRNT=3 | RANK=768 | PCHG=1 | CPU=260000000 | LPM=0 | TX=0 | RX=0
04:20.348	ID:4	[DATA_SEND] TS=260001 | ID=4 | SEQ=26
04:20.348	ID:4	[WARN: IPv6 Route] No route found
04:20.348	ID:4	[WARN: IPv6 Route] No route found
04:20.381	ID:3	[WARN: IPv6 Route] No route found
04:20.381	ID:3	[WARN: IPv6 Route] No route found
04:20.408	ID:1	[DATA_RECV] TS=260027 | SRC=4 | SEQ=26 | DELAY_MS=26
04:20.715	ID:5	[NODE_STAT] TS=260001 | ID=5 | OF=0 | PRNT=2 | RANK=768 | PCHG=1 | CPU=260000000 | LPM=0 | TX=0 | RX=0
04:20.715	ID:5	[DATA_SEND] TS=260001 | ID=5 | SEQ=26
04:20.715	ID:5	[WARN: IPv6 Route] No route found
04:20.715	ID:5	[WARN: IPv6 Route] No route found
04:20.754	ID:2	[WARN: IPv6 Route] No route found
04:20.754	ID:2	[WARN: IPv6 Route] No route found
04:20.899	ID:3	[NODE_STAT] TS=260001 | ID=3 | OF=0 | PRNT=1 | RANK=512 | PCHG=1 | CPU=260000000 | LPM=0 | TX=0 | RX=0
04:20.899	ID:3	[DATA_SEND] TS=260001 | ID=3 | SEQ=26
04:20.899	ID:3	[WARN: IPv6 Route] No route found
04:20.899	ID:3	[WARN: IPv6 Route] No route found
04:20.907	ID:1	[DATA_RECV] TS=260526 | SRC=3 | SEQ=26 | DELAY_MS=525
04:20.923	ID:1	[DATA_RECV] TS=260542 | SRC=5 | SEQ=26 | DELAY_MS=541
04:30.236	ID:2	[NODE_STAT] TS=270001 | ID=2 | OF=0 | PRNT=1 | RANK=512 | PCHG=1 | CPU=270000000 | LPM=0 | TX=0 | RX=0
04:30.236	ID:2	[DATA_SEND] TS=270001 | ID=2 | SEQ=27
04:30.236	ID:2	[WARN: IPv6 Route] No route found
04:30.236	ID:2	[WARN: IPv6 Route] No route found
04:30.331	ID:1	[DATA_RECV] TS=269950 | SRC=2 | SEQ=27 | DELAY_MS=0
04:30.348	ID:4	[NODE_STAT] TS=270001 | ID=4 | OF=0 | PRNT=3 | RANK=768 | PCHG=1 | CPU=270000000 | LPM=0 | TX=0 | RX=0
04:30.348	ID:4	[DATA_SEND] TS=270001 | ID=4 | SEQ=27
04:30.348	ID:4	[WARN: IPv6 Route] No route found
04:30.348	ID:4	[WARN: IPv6 Route] No route found
04:30.360	ID:3	[WARN: IPv6 Route] No route found
04:30.360	ID:3	[WARN: IPv6 Route] No route found
04:30.399	ID:1	[DATA_RECV] TS=270018 | SRC=4 | SEQ=27 | DELAY_MS=17
04:30.715	ID:5	[NODE_STAT] TS=270001 | ID=5 | OF=0 | PRNT=2 | RANK=768 | PCHG=1 | CPU=270000000 | LPM=0 | TX=0 | RX=0
04:30.715	ID:5	[DATA_SEND] TS=270001 | ID=5 | SEQ=27
04:30.715	ID:5	[WARN: IPv6 Route] No route found
04:30.715	ID:5	[WARN: IPv6 Route] No route found
04:30.724	ID:2	[WARN: IPv6 Route] No route found
04:30.724	ID:2	[WARN: IPv6 Route] No route found
04:30.769	ID:1	[DATA_RECV] TS=270388 | SRC=5 | SEQ=27 | DELAY_MS=387
04:30.899	ID:3	[NODE_STAT] TS=270001 | ID=3 | OF=0 | PRNT=1 | RANK=512 | PCHG=1 | CPU=270000000 | LPM=0 | TX=0 | RX=0
04:30.899	ID:3	[DATA_SEND] TS=270001 | ID=3 | SEQ=27
04:30.899	ID:3	[WARN: IPv6 Route] No route found
04:30.899	ID:3	[WARN: IPv6 Route] No route found
04:30.919	ID:1	[DATA_RECV] TS=270538 | SRC=3 | SEQ=27 | DELAY_MS=537
04:40.236	ID:2	[NODE_STAT] TS=280001 | ID=2 | OF=0 | PRNT=1 | RANK=512 | PCHG=1 | CPU=280000000 | LPM=0 | TX=0 | RX=0
04:40.236	ID:2	[DATA_SEND] TS=280001 | ID=2 | SEQ=28
04:40.236	ID:2	[WARN: IPv6 Route] No route found
04:40.236	ID:2	[WARN: IPv6 Route] No route found
04:40.250	ID:1	[DATA_RECV] TS=279869 | SRC=2 | SEQ=28 | DELAY_MS=0
04:40.348	ID:4	[NODE_STAT] TS=280001 | ID=4 | OF=0 | PRNT=3 | RANK=768 | PCHG=1 | CPU=280000000 | LPM=0 | TX=0 | RX=0
04:40.348	ID:4	[DATA_SEND] TS=280001 | ID=4 | SEQ=28
04:40.348	ID:4	[WARN: IPv6 Route] No route found
04:40.348	ID:4	[WARN: IPv6 Route] No route found
04:40.370	ID:3	[WARN: IPv6 Route] No route found
04:40.370	ID:3	[WARN: IPv6 Route] No route found
04:40.381	ID:1	[DATA_RECV] TS=280000 | SRC=4 | SEQ=28 | DELAY_MS=0
04:40.715	ID:5	[NODE_STAT] TS=280001 | ID=5 | OF=0 | PRNT=2 | RANK=768 | PCHG=1 | CPU=280000000 | LPM=0 | TX=0 | RX=0
04:40.715	ID:5	[DATA_SEND] TS=280001 | ID=5 | SEQ=28
04:40.715	ID:5	[WARN: IPv6 Route] No route found
04:40.715	ID:5	[WARN: IPv6 Route] No route found
04:40.723	ID:2	[WARN: IPv6 Route] No route found
04:40.723	ID:2	[WARN: IPv6 Route] No route found
04:40.758	ID:1	[DATA_RECV] TS=280377 | SRC=5 | SEQ=28 | DELAY_MS=376
04:40.899	ID:3	[NODE_STAT] TS=280001 | ID=3 | OF=0 | PRNT=1 | RANK=512 | PCHG=1 | CPU=280000000 | LPM=0 | TX=0 | RX=0
04:40.899	ID:3	[DATA_SEND] TS=280001 | ID=3 | SEQ=28
04:40.899	ID:3	[WARN: IPv6 Route] No route found
04:40.899	ID:3	[WARN: IPv6 Route] No route found
04:40.907	ID:1	[DATA_RECV] TS=280526 | SRC=3 | SEQ=28 | DELAY_MS=525
04:50.236	ID:2	[NODE_STAT] TS=290001 | ID=2 | OF=0 | PRNT=1 | RANK=512 | PCHG=1 | CPU=290000000 | LPM=0 | TX=0 | RX=0
04:50.236	ID:2	[DATA_SEND] TS=290001 | ID=2 | SEQ=29
04:50.236	ID:2	[WARN: IPv6 Route] No route found
04:50.236	ID:2	[WARN: IPv6 Route] No route found
04:50.252	ID:1	[DATA_RECV] TS=289871 | SRC=2 | SEQ=29 | DELAY_MS=0
04:50.348	ID:4	[NODE_STAT] TS=290001 | ID=4 | OF=0 | PRNT=3 | RANK=768 | PCHG=1 | CPU=290000000 | LPM=0 | TX=0 | RX=0
04:50.348	ID:4	[DATA_SEND] TS=290001 | ID=4 | SEQ=29
04:50.348	ID:4	[WARN: IPv6 Route] No route found
04:50.348	ID:4	[WARN: IPv6 Route] No route found
04:50.381	ID:3	[WARN: IPv6 Route] No route found
04:50.381	ID:3	[WARN: IPv6 Route] No route found
04:50.405	ID:1	[DATA_RECV] TS=290024 | SRC=4 | SEQ=29 | DELAY_MS=23
04:50.715	ID:5	[NODE_STAT] TS=290001 | ID=5 | OF=0 | PRNT=2 | RANK=768 | PCHG=1 | CPU=290000000 | LPM=0 | TX=0 | RX=0
04:50.715	ID:5	[DATA_SEND] TS=290001 | ID=5 | SEQ=29
04:50.715	ID:5	[WARN: IPv6 Route] No route found
04:50.715	ID:5	[WARN: IPv6 Route] No route found
04:50.740	ID:2	[WARN: IPv6 Route] No route found
04:50.740	ID:2	[WARN: IPv6 Route] No route found
04:50.764	ID:1	[DATA_RECV] TS=290383 | SRC=5 | SEQ=29 | DELAY_MS=382
04:50.899	ID:3	[NODE_STAT] TS=290001 | ID=3 | OF=0 | PRNT=1 | RANK=512 | PCHG=1 | CPU=290000000 | LPM=0 | TX=0 | RX=0
04:50.899	ID:3	[DATA_SEND] TS=290001 | ID=3 | SEQ=29
04:50.899	ID:3	[WARN: IPv6 Route] No route found
04:50.899	ID:3	[WARN: IPv6 Route] No route found
04:50.937	ID:1	[DATA_RECV] TS=290556 | SRC=3 | SEQ=29 | DELAY_MS=555
05:00.236	ID:2	[NODE_STAT] TS=300001 | ID=2 | OF=0 | PRNT=1 | RANK=512 | PCHG=1 | CPU=300000000 | LPM=0 | TX=0 | RX=0
05:00.236	ID:2	[DATA_SEND] TS=300001 | ID=2 | SEQ=30
05:00.236	ID:2	[WARN: IPv6 Route] No route found
05:00.236	ID:2	[WARN: IPv6 Route] No route found
05:00.277	ID:1	[DATA_RECV] TS=299896 | SRC=2 | SEQ=30 | DELAY_MS=0
05:00.348	ID:4	[NODE_STAT] TS=300001 | ID=4 | OF=0 | PRNT=3 | RANK=768 | PCHG=1 | CPU=300000000 | LPM=0 | TX=0 | RX=0
05:00.348	ID:4	[DATA_SEND] TS=300001 | ID=4 | SEQ=30
05:00.348	ID:4	[WARN: IPv6 Route] No route found
05:00.348	ID:4	[WARN: IPv6 Route] No route found
05:00.378	ID:3	[WARN: IPv6 Route] No route found
05:00.378	ID:3	[WARN: IPv6 Route] No route found
05:00.415	ID:1	[DATA_RECV] TS=300034 | SRC=4 | SEQ=30 | DELAY_MS=33
05:00.715	ID:5	[NODE_STAT] TS=300001 | ID=5 | OF=0 | PRNT=2 | RANK=768 | PCHG=1 | CPU=300000000 | LPM=0 | TX=0 | RX=0
05:00.715	ID:5	[DATA_SEND] TS=300001 | ID=5 | SEQ=30
05:00.715	ID:5	[WARN: IPv6 Route] No route found
05:00.715	ID:5	[WARN: IPv6 Route] No route found
05:00.743	ID:2	[WARN: IPv6 Route] No route found
05:00.743	ID:2	[WARN: IPv6 Route] No route found
05:00.842	ID:1	[DATA_RECV] TS=300461 | SRC=5 | SEQ=30 | DELAY_MS=460
05:00.899	ID:3	[NODE_STAT] TS=300001 | ID=3 | OF=0 | PRNT=1 | RANK=512 | PCHG=1 | CPU=300000000 | LPM=0 | TX=0 | RX=0
05:00.899	ID:3	[DATA_SEND] TS=300001 | ID=3 | SEQ=30
05:00.899	ID:3	[WARN: IPv6 Route] No route found
05:00.899	ID:3	[WARN: IPv6 Route] No route found
05:00.919	ID:1	[DATA_RECV] TS=300538 | SRC=3 | SEQ=30 | DELAY_MS=537
05:10.236	ID:2	[NODE_STAT] TS=310001 | ID=2 | OF=0 | PRNT=1 | RANK=512 | PCHG=1 | CPU=310000000 | LPM=0 | TX=0 | RX=0
05:10.236	ID:2	[DATA_SEND] TS=310001 | ID=2 | SEQ=31
05:10.236	ID:2	[WARN: IPv6 Route] No route found
05:10.236	ID:2	[WARN: IPv6 Route] No route found
05:10.248	ID:1	[DATA_RECV] TS=309867 | SRC=2 | SEQ=31 | DELAY_MS=0
05:10.348	ID:4	[NODE_STAT] TS=310001 | ID=4 | OF=0 | PRNT=3 | RANK=768 | PCHG=1 | CPU=310000000 | LPM=0 | TX=0 | RX=0
05:10.348	ID:4	[DATA_SEND] TS=310001 | ID=4 | SEQ=31
05:10.348	ID:4	[WARN: IPv6 Route] No route found
05:10.348	ID:4	[WARN: IPv6 Route] No route found
05:10.358	ID:3	[WARN: IPv6 Route] No route found
05:10.358	ID:3	[WARN: IPv6 Route] No route found
05:10.403	ID:1	[DATA_RECV] TS=310022 | SRC=4 | SEQ=31 | DELAY_MS=21
05:10.715	ID:5	[NODE_STAT] TS=310001 | ID=5 | OF=0 | PRNT=2 | RANK=768 | PCHG=1 | CPU=310000000 | LPM=0 | TX=0 | RX=0
05:10.715	ID:5	[DATA_SEND] TS=310001 | ID=5 | SEQ=31
05:10.715	ID:5	[WARN: IPv6 Route] No route found
05:10.715	ID:5	[WARN: IPv6 Route] No route found
05:10.757	ID:2	[WARN: IPv6 Route] No route found
05:10.757	ID:2	[WARN: IPv6 Route] No route found
05:10.772	ID:1	[DATA_RECV] TS=310391 | SRC=5 | SEQ=31 | DELAY_MS=390
05:10.899	ID:3	[NODE_STAT] TS=310001 | ID=3 | OF=0 | PRNT=1 | RANK=512 | PCHG=1 | CPU=310000000 | LPM=0 | TX=0 | RX=0
05:10.899	ID:3	[DATA_SEND] TS=310001 | ID=3 | SEQ=31
05:10.899	ID:3	[WARN: IPv6 Route] No route found
05:10.899	ID:3	[WARN: IPv6 Route] No route found
05:10.909	ID:1	[DATA_RECV] TS=310528 | SRC=3 | SEQ=31 | DELAY_MS=527
05:20.236	ID:2	[NODE_STAT] TS=320001 | ID=2 | OF=0 | PRNT=1 | RANK=512 | PCHG=1 | CPU=320000000 | LPM=0 | TX=0 | RX=0
05:20.236	ID:2	[DATA_SEND] TS=320001 | ID=2 | SEQ=32
05:20.236	ID:2	[WARN: IPv6 Route] No route found
05:20.236	ID:2	[WARN: IPv6 Route] No route found
05:20.321	ID:1	[DATA_RECV] TS=319940 | SRC=2 | SEQ=32 | DELAY_MS=0
05:20.348	ID:4	[NODE_STAT] TS=320001 | ID=4 | OF=0 | PRNT=3 | RANK=768 | PCHG=1 | CPU=320000000 | LPM=0 | TX=0 | RX=0
05:20.348	ID:4	[DATA_SEND] TS=320001 | ID=4 | SEQ=32
05:20.348	ID:4	[WARN: IPv6 Route] No route found
05:20.348	ID:4	[WARN: IPv6 Route] No route found
05:20.391	ID:3	[WARN: IPv6 Route] No route found
05:20.391	ID:3	[WARN: IPv6 Route] No route found
05:20.427	ID:1	[DATA_RECV] TS=320046 | SRC=4 | SEQ=32 | DELAY_MS=45
05:20.715	ID:5	[NODE_STAT] TS=320001 | ID=5 | OF=0 | PRNT=2 | RANK=768 | PCHG=1 | CPU=320000000 | LPM=0 | TX=0 | RX=0
05:20.715	ID:5	[DATA_SEND] TS=320001 | ID=5 | SEQ=32
05:20.715	ID:5	[WARN: IPv6 Route] No route found
05:20.715	ID:5	[WARN: IPv6 Route] No route found
05:20.752	ID:2	[WARN: IPv6 Route] No route found
05:20.752	ID:2	[WARN: IPv6 Route] No route found
05:20.795	ID:1	[DATA_RECV] TS=320414 | SRC=5 | SEQ=32 | DELAY_MS=413
05:20.899	ID:3	[NODE_STAT] TS=320001 | ID=3 | OF=0 | PRNT=1 | RANK=512 | PCHG=1 | CPU=320000000 | LPM=0 | TX=0 | RX=0
05:20.899	ID:3	[DATA_SEND] TS=320001 | ID=3 | SEQ=32
05:20.899	ID:3	[WARN: IPv6 Route] No route found
05:20.899	ID:3	[WARN: IPv6 Route] No route found
05:20.911	ID:1	[DATA_RECV] TS=320530 | SRC=3 | SEQ=32 | DELAY_MS=529
05:30.236	ID:2	[NODE_STAT] TS=330001 | ID=2 | OF=0 | PRNT=1 | RANK=512 | PCHG=1 | CPU=330000000 | LPM=0 | TX=0 | RX=0
05:30.236	ID:2	[DATA_SEND] TS=330001 | ID=2 | SEQ=33
05:30.236	ID:2	[WARN: IPv6 Route] No route found
05:30.236	ID:2	[WARN: IPv6 Route] No route found
05:30.242	ID:1	[DATA_RECV] TS=329861 | SRC=2 | SEQ=33 | DELAY_MS=0
05:30.348	ID:4	[NODE_STAT] TS=330001 | ID=4 | OF=0 | PRNT=3 | RANK=768 | PCHG=1 | CPU=330000000 | LPM=0 | TX=0 | RX=0
05:30.348	ID:4	[DATA_SEND] TS=330001 | ID=4 | SEQ=33
05:30.348	ID:4	[WARN: IPv6 Route] No route found
05:30.348	ID:4	[WARN: IPv6 Route] No route found
05:30.380	ID:3	[WARN: IPv6 Route] No route found
05:30.380	ID:3	[WARN: IPv6 Route] No route found
05:30.401	ID:1	[DATA_RECV] TS=330020 | SRC=4 | SEQ=33 | DELAY_MS=19
05:30.715	ID:5	[NODE_STAT] TS=330001 | ID=5 | OF=0 | PRNT=2 | RANK=768 | PCHG=1 | CPU=330000000 | LPM=0 | TX=0 | RX=0
05:30.715	ID:5	[DATA_SEND] TS=330001 | ID=5 | SEQ=33
05:30.715	ID:5	[WARN: IPv6 Route] No route found
05:30.715	ID:5	[WARN: IPv6 Route] No route found
05:30.729	ID:2	[WARN: IPv6 Route] No route found
05:30.729	ID:2	[WARN: IPv6 Route] No route found
05:30.753	ID:1	[DATA_RECV] TS=330372 | SRC=5 | SEQ=33 | DELAY_MS=371
05:30.899	ID:3	[NODE_STAT] TS=330001 | ID=3 | OF=0 | PRNT=1 | RANK=512 | PCHG=1 | CPU=330000000 | LPM=0 | TX=0 | RX=0
05:30.899	ID:3	[DATA_SEND] TS=330001 | ID=3 | SEQ=33
05:30.899	ID:3	[WARN: IPv6 Route] No route found
05:30.899	ID:3	[WARN: IPv6 Route] No route found
05:30.915	ID:1	[DATA_RECV] TS=330534 | SRC=3 | SEQ=33 | DELAY_MS=533
05:40.236	ID:2	[NODE_STAT] TS=340001 | ID=2 | OF=0 | PRNT=1 | RANK=512 | PCHG=1 | CPU=340000000 | LPM=0 | TX=0 | RX=0
05:40.236	ID:2	[DATA_SEND] TS=340001 | ID=2 | SEQ=34
05:40.236	ID:2	[WARN: IPv6 Route] No route found
05:40.236	ID:2	[WARN: IPv6 Route] No route found
05:40.244	ID:1	[DATA_RECV] TS=339863 | SRC=2 | SEQ=34 | DELAY_MS=0
05:40.348	ID:4	[NODE_STAT] TS=340001 | ID=4 | OF=0 | PRNT=3 | RANK=768 | PCHG=1 | CPU=340000000 | LPM=0 | TX=0 | RX=0
05:40.348	ID:4	[DATA_SEND] TS=340001 | ID=4 | SEQ=34
05:40.348	ID:4	[WARN: IPv6 Route] No route found
05:40.348	ID:4	[WARN: IPv6 Route] No route found
05:40.386	ID:3	[WARN: IPv6 Route] No route found
05:40.386	ID:3	[WARN: IPv6 Route] No route found
05:40.392	ID:1	[DATA_RECV] TS=340011 | SRC=4 | SEQ=34 | DELAY_MS=10
05:40.715	ID:5	[NODE_STAT] TS=340001 | ID=5 | OF=0 | PRNT=2 | RANK=768 | PCHG=1 | CPU=340000000 | LPM=0 | TX=0 | RX=0
05:40.715	ID:5	[DATA_SEND] TS=340001 | ID=5 | SEQ=34
05:40.715	ID:5	[WARN: IPv6 Route] No route found
05:40.715	ID:5	[WARN: IPv6 Route] No route found
05:40.727	ID:2	[WARN: IPv6 Route] No route found
05:40.727	ID:2	[WARN: IPv6 Route] No route found
05:40.770	ID:1	[DATA_RECV] TS=340389 | SRC=5 | SEQ=34 | DELAY_MS=388
05:40.899	ID:3	[NODE_STAT] TS=340001 | ID=3 | OF=0 | PRNT=1 | RANK=512 | PCHG=1 | CPU=340000000 | LPM=0 | TX=0 | RX=0
05:40.899	ID:3	[DATA_SEND] TS=340001 | ID=3 | SEQ=34
05:40.899	ID:3	[WARN: IPv6 Route] No route found
05:40.899	ID:3	[WARN: IPv6 Route] No route found
05:40.908	ID:1	[DATA_RECV] TS=340527 | SRC=3 | SEQ=34 | DELAY_MS=526
05:50.236	ID:2	[NODE_STAT] TS=350001 | ID=2 | OF=0 | PRNT=1 | RANK=512 | PCHG=1 | CPU=350000000 | LPM=0 | TX=0 | RX=0
05:50.236	ID:2	[DATA_SEND] TS=350001 | ID=2 | SEQ=35
05:50.236	ID:2	[WARN: IPv6 Route] No route found
05:50.236	ID:2	[WARN: IPv6 Route] No route found
05:50.295	ID:1	[DATA_RECV] TS=349914 | SRC=2 | SEQ=35 | DELAY_MS=0
05:50.348	ID:4	[NODE_STAT] TS=350001 | ID=4 | OF=0 | PRNT=3 | RANK=768 | PCHG=1 | CPU=350000000 | LPM=0 | TX=0 | RX=0
05:50.348	ID:4	[DATA_SEND] TS=350001 | ID=4 | SEQ=35
05:50.348	ID:4	[WARN: IPv6 Route] No route found
05:50.348	ID:4	[WARN: IPv6 Route] No route found
05:50.381	ID:3	[WARN: IPv6 Route] No route found
05:50.381	ID:3	[WARN: IPv6 Route] No route found
05:50.401	ID:1	[DATA_RECV] TS=350020 | SRC=4 | SEQ=35 | DELAY_MS=19
05:50.715	ID:5	[NODE_STAT] TS=350001 | ID=5 | OF=0 | PRNT=2 | RANK=768 | PCHG=1 | CPU=350000000 | LPM=0 | TX=0 | RX=0
05:50.715	ID:5	[DATA_SEND] TS=350001 | ID=5 | SEQ=35
05:50.715	ID:5	[WARN: IPv6 Route] No route found
05:50.715	ID:5	[WARN: IPv6 Route] No route found
05:50.737	ID:2	[WARN: IPv6 Route] No route found
05:50.737	ID:2	[WARN: IPv6 Route] No route found
05:50.880	ID:1	[DATA_RECV] TS=350499 | SRC=5 | SEQ=35 | DELAY_MS=498
05:50.899	ID:3	[NODE_STAT] TS=350001 | ID=3 | OF=0 | PRNT=1 | RANK=512 | PCHG=1 | CPU=350000000 | LPM=0 | TX=0 | RX=0
05:50.899	ID:3	[DATA_SEND] TS=350001 | ID=3 | SEQ=35
05:50.899	ID:3	[WARN: IPv6 Route] No route found
05:50.899	ID:3	[WARN: IPv6 Route] No route found
05:50.941	ID:1	[DATA_RECV] TS=350560 | SRC=3 | SEQ=35 | DELAY_MS=559
06:00.236	ID:2	[NODE_STAT] TS=360001 | ID=2 | OF=0 | PRNT=1 | RANK=512 | PCHG=1 | CPU=360000000 | LPM=0 | TX=0 | RX=0
06:00.236	ID:2	[DATA_SEND] TS=360001 | ID=2 | SEQ=36
06:00.236	ID:2	[WARN: IPv6 Route] No route found
06:00.236	ID:2	[WARN: IPv6 Route] No route found
06:00.270	ID:1	[DATA_RECV] TS=359889 | SRC=2 | SEQ=36 | DELAY_MS=0
06:00.348	ID:4	[NODE_STAT] TS=360001 | ID=4 | OF=0 | PRNT=3 | RANK=768 | PCHG=1 | CPU=360000000 | LPM=0 | TX=0 | RX=0
06:00.348	ID:4	[DATA_SEND] TS=360001 | ID=4 | SEQ=36
06:00.348	ID:4	[WARN: IPv6 Route] No route found
06:00.348	ID:4	[WARN: IPv6 Route] No route found
06:00.380	ID:3	[WARN: IPv6 Route] No route found
06:00.380	ID:3	[WARN: IPv6 Route] No route found
06:00.420	ID:1	[DATA_RECV] TS=360039 | SRC=4 | SEQ=36 | DELAY_MS=38
06:00.715	ID:5	[NODE_STAT] TS=360001 | ID=5 | OF=0 | PRNT=2 | RANK=768 | PCHG=1 | CPU=360000000 | LPM=0 | TX=0 | RX=0
06:00.715	ID:5	[DATA_SEND] TS=360001 | ID=5 | SEQ=36
06:00.715	ID:5	[WARN: IPv6 Route] No route found
06:00.715	ID:5	[WARN: IPv6 Route] No route found
06:00.752	ID:2	[WARN: IPv6 Route] No route found
06:00.752	ID:2	[WARN: IPv6 Route] No route found
06:00.762	ID:1	[DATA_RECV] TS=360381 | SRC=5 | SEQ=36 | DELAY_MS=380
06:00.899	ID:3	[NODE_STAT] TS=360001 | ID=3 | OF=0 | PRNT=1 | RANK=512 | PCHG=1 | CPU=360000000 | LPM=0 | TX=0 | RX=0
06:00.899	ID:3	[DATA_SEND] TS=360001 | ID=3 | SEQ=36
06:00.899	ID:3	[WARN: IPv6 Route] No route found
06:00.899	ID:3	[WARN: IPv6 Route] No route found
06:00.917	ID:1	[DATA_RECV] TS=360536 | SRC=3 | SEQ=36 | DELAY_MS=535
06:10.236	ID:2	[NODE_STAT] TS=370001 | ID=2 | OF=0 | PRNT=1 | RANK=512 | PCHG=1 | CPU=370000000 | LPM=0 | TX=0 | RX=0
06:10.236	ID:2	[DATA_SEND] TS=370001 | ID=2 | SEQ=37
06:10.236	ID:2	[WARN: IPv6 Route] No route found
06:10.236	ID:2	[WARN: IPv6 Route] No route found
06:10.348	ID:4	[NODE_STAT] TS=370001 | ID=4 | OF=0 | PRNT=3 | RANK=768 | PCHG=1 | CPU=370000000 | LPM=0 | TX=0 | RX=0
06:10.348	ID:4	[DATA_SEND] TS=370001 | ID=4 | SEQ=37
06:10.348	ID:4	[WARN: IPv6 Route] No route found
06:10.348	ID:4	[WARN: IPv6 Route] No route found
06:10.372	ID:3	[WARN: IPv6 Route] No route found
06:10.372	ID:3	[WARN: IPv6 Route] No route found
06:10.392	ID:1	[DATA_RECV] TS=370011 | SRC=4 | SEQ=37 | DELAY_MS=10
06:10.402	ID:1	[DATA_RECV] TS=370021 | SRC=2 | SEQ=37 | DELAY_MS=20
06:10.715	ID:5	[NODE_STAT] TS=370001 | ID=5 | OF=0 | PRNT=2 | RANK=768 | PCHG=1 | CPU=370000000 | LPM=0 | TX=0 | RX=0
06:10.715	ID:5	[DATA_SEND] TS=370001 | ID=5 | SEQ=37
06:10.715	ID:5	[WARN: IPv6 Route] No route found
06:10.715	ID:5	[WARN: IPv6 Route] No route found
06:10.750	ID:2	[WARN: IPv6 Route] No route found
06:10.750	ID:2	[WARN: IPv6 Route] No route found
06:10.793	ID:1	[DATA_RECV] TS=370412 | SRC=5 | SEQ=37 | DELAY_MS=411
06:10.899	ID:3	[NODE_STAT] TS=370001 | ID=3 | OF=0 | PRNT=1 | RANK=512 | PCHG=1 | CPU=370000000 | LPM=0 | TX=0 | RX=0
06:10.899	ID:3	[DATA_SEND] TS=370001 | ID=3 | SEQ=37
06:10.899	ID:3	[WARN: IPv6 Route] No route found
06:10.899	ID:3	[WARN: IPv6 Route] No route found
06:10.932	ID:1	[DATA_RECV] TS=370551 | SRC=3 | SEQ=37 | DELAY_MS=550
06:20.236	ID:2	[NODE_STAT] TS=380001 | ID=2 | OF=0 | PRNT=1 | RANK=512 | PCHG=1 | CPU=380000000 | LPM=0 | TX=0 | RX=0
06:20.236	ID:2	[DATA_SEND] TS=380001 | ID=2 | SEQ=38
06:20.236	ID:2	[WARN: IPv6 Route] No route found
06:20.236	ID:2	[WARN: IPv6 Route] No route found
06:20.314	ID:1	[DATA_RECV] TS=379933 | SRC=2 | SEQ=38 | DELAY_MS=0
06:20.348	ID:4	[NODE_STAT] TS=380001 | ID=4 | OF=0 | PRNT=3 | RANK=768 | PCHG=1 | CPU=380000000 | LPM=0 | TX=0 | RX=0
06:20.348	ID:4	[DATA_SEND] TS=380001 | ID=4 | SEQ=38
06:20.348	ID:4	[WARN: IPv6 Route] No route found
06:20.348	ID:4	[WARN: IPv6 Route] No route found
06:20.361	ID:3	[WARN: IPv6 Route] No route found
06:20.361	ID:3	[WARN: IPv6 Route] No route found
06:20.377	ID:1	[DATA_RECV] TS=379996 | SRC=4 | SEQ=38 | DELAY_MS=0
06:20.715	ID:5	[NODE_STAT] TS=380001 | ID=5 | OF=0 | PRNT=2 | RANK=768 | PCHG=1 | CPU=380000000 | LPM=0 | TX=0 | RX=0
06:20.715	ID:5	[DATA_SEND] TS=380001 | ID=5 | SEQ=38
06:20.715	ID:5	[WARN: IPv6 Route] No route found
06:20.715	ID:5	[WARN: IPv6 Route] No route found
06:20.720	ID:2	[WARN: IPv6 Route] No route found
06:20.720	ID:2	[WARN: IPv6 Route] No route found
06:20.824	ID:1	[DATA_RECV] TS=380443 | SRC=5 | SEQ=38 | DELAY_MS=442
06:20.899	ID:3	[NODE_STAT] TS=380001 | ID=3 | OF=0 | PRNT=1 | RANK=512 | PCHG=1 | CPU=380000000 | LPM=0 | TX=0 | RX=0
06:20.899	ID:3	[DATA_SEND] TS=380001 | ID=3 | SEQ=38
06:20.899	ID:3	[WARN: IPv6 Route] No route found
06:20.899	ID:3	[WARN: IPv6 Route] No route found
06:20.908	ID:1	[DATA_RECV] TS=380527 | SRC=3 | SEQ=38 | DELAY_MS=526
06:30.236	ID:2	[NODE_STAT] TS=390001 | ID=2 | OF=0 | PRNT=1 | RANK=512 | PCHG=1 | CPU=390000000 | LPM=0 | TX=0 | RX=0
06:30.236	ID:2	[DATA_SEND] TS=390001 | ID=2 | SEQ=39
06:30.236	ID:2	[WARN: IPv6 Route] No route found
06:30.236	ID:2	[WARN: IPv6 Route] No route found
06:30.245	ID:1	[DATA_RECV] TS=389864 | SRC=2 | SEQ=39 | DELAY_MS=0
06:30.348	ID:4	[NODE_STAT] TS=390001 | ID=4 | OF=0 | PRNT=3 | RANK=768 | PCHG=1 | CPU=390000000 | LPM=0 | TX=0 | RX=0
06:30.348	ID:4	[DATA_SEND] TS=390001 | ID=4 | SEQ=39
06:30.348	ID:4	[WARN: IPv6 Route] No route found
06:30.348	ID:4	[WARN: IPv6 Route] No route found
06:30.386	ID:3	[WARN: IPv6 Route] No route found
06:30.386	ID:3	[WARN: IPv6 Route] No route found
06:30.395	ID:1	[DATA_RECV] TS=390014 | SRC=4 | SEQ=39 | DELAY_MS=13
06:30.715	ID:5	[NODE_STAT] TS=390001 | ID=5 | OF=0 | PRNT=2 | RANK=768 | PCHG=1 | CPU=390000000 | LPM=0 | TX=0 | RX=0
06:30.715	ID:5	[DATA_SEND] TS=390001 | ID=5 | SEQ=39
06:30.715	ID:5	[WARN: IPv6 Route] No route found
06:30.715	ID:5	[WARN: IPv6 Route] No route found
06:30.748	ID:2	[WARN: IPv6 Route] No route found
06:30.748	ID:2	[WARN: IPv6 Route] No route found
06:30.765	ID:1	[DATA_RECV] TS=390384 | SRC=5 | SEQ=39 | DELAY_MS=383
06:30.899	ID:3	[NODE_STAT] TS=390001 | ID=3 | OF=0 | PRNT=1 | RANK=512 | PCHG=1 | CPU=390000000 | LPM=0 | TX=0 | RX=0
06:30.899	ID:3	[DATA_SEND] TS=390001 | ID=3 | SEQ=39
06:30.899	ID:3	[WARN: IPv6 Route] No route found
06:30.899	ID:3	[WARN: IPv6 Route] No route found
06:30.923	ID:1	[DATA_RECV] TS=390542 | SRC=3 | SEQ=39 | DELAY_MS=541
06:40.236	ID:2	[NODE_STAT] TS=400001 | ID=2 | OF=0 | PRNT=1 | RANK=512 | PCHG=1 | CPU=400000000 | LPM=0 | TX=0 | RX=0
06:40.236	ID:2	[DATA_SEND] TS=400001 | ID=2 | SEQ=40
06:40.236	ID:2	[WARN: IPv6 Route] No route found
06:40.236	ID:2	[WARN: IPv6 Route] No route found
06:40.266	ID:1	[DATA_RECV] TS=399885 | SRC=2 | SEQ=40 | DELAY_MS=0
06:40.348	ID:4	[NODE_STAT] TS=400001 | ID=4 | OF=0 | PRNT=3 | RANK=768 | PCHG=1 | CPU=400000000 | LPM=0 | TX=0 | RX=0
06:40.348	ID:4	[DATA_SEND] TS=400001 | ID=4 | SEQ=40
06:40.348	ID:4	[WARN: IPv6 Route] No route found
06:40.348	ID:4	[WARN: IPv6 Route] No route found
06:40.383	ID:3	[WARN: IPv6 Route] No route found
06:40.383	ID:3	[WARN: IPv6 Route] No route found
06:40.429	ID:1	[DATA_RECV] TS=400048 | SRC=4 | SEQ=40 | DELAY_MS=47
06:40.715	ID:5	[NODE_STAT] TS=400001 | ID=5 | OF=0 | PRNT=2 | RANK=768 | PCHG=1 | CPU=400000000 | LPM=0 | TX=0 | RX=0
06:40.715	ID:5	[DATA_SEND] TS=400001 | ID=5 | SEQ=40
06:40.715	ID:5	[WARN: IPv6 Route] No route found
06:40.715	ID:5	[WARN: IPv6 Route] No route found
06:40.732	ID:2	[WARN: IPv6 Route] No route found
06:40.732	ID:2	[WARN: IPv6 Route] No route found
06:40.843	ID:1	[DATA_RECV] TS=400462 | SRC=5 | SEQ=40 | DELAY_MS=461
06:40.899	ID:3	[NODE_STAT] TS=400001 | ID=3 | OF=0 | PRNT=1 | RANK=512 | PCHG=1 | CPU=400000000 | LPM=0 | TX=0 | RX=0
06:40.899	ID:3	[DATA_SEND] TS=400001 | ID=3 | SEQ=40
06:40.899	ID:3	[WARN: IPv6 Route] No route found
06:40.899	ID:3	[WARN: IPv6 Route] No route found
06:40.932	ID:1	[DATA_RECV] TS=400551 | SRC=3 | SEQ=40 | DELAY_MS=550
06:50.236	ID:2	[NODE_STAT] TS=410001 | ID=2 | OF=0 | PRNT=1 | RANK=512 | PCHG=1 | CPU=410000000 | LPM=0 | TX=0 | RX=0
06:50.236	ID:2	[DATA_SEND] TS=410001 | ID=2 | SEQ=41
06:50.236	ID:2	[WARN: IPv6 Route] No route found
06:50.236	ID:2	[WARN: IPv6 Route] No route found
06:50.263	ID:1	[DATA_RECV] TS=409882 | SRC=2 | SEQ=41 | DELAY_MS=0
06:50.348	ID:4	[NODE_STAT] TS=410001 | ID=4 | OF=0 | PRNT=3 | RANK=768 | PCHG=1 | CPU=410000000 | LPM=0 | TX=0 | RX=0
06:50.348	ID:4	[DATA_SEND] TS=410001 | ID=4 | SEQ=41
06:50.348	ID:4	[WARN: IPv6 Route] No route found
06:50.348	ID:4	[WARN: IPv6 Route] No route found
06:50.380	ID:3	[WARN: IPv6 Route] No route found
06:50.380	ID:3	[WARN: IPv6 Route] No route found
06:50.401	ID:1	[DATA_RECV] TS=410020 | SRC=4 | SEQ=41 | DELAY_MS=19
06:50.715	ID:5	[NODE_STAT] TS=410001 | ID=5 | OF=0 | PRNT=2 | RANK=768 | PCHG=1 | CPU=410000000 | LPM=0 | TX=0 | RX=0
06:50.715	ID:5	[DATA_SEND] TS=410001 | ID=5 | SEQ=41
06:50.715	ID:5	[WARN: IPv6 Route] No route found
06:50.715	ID:5	[WARN: IPv6 Route] No route found
06:50.738	ID:2	[WARN: IPv6 Route] No route found
06:50.738	ID:2	[WARN: IPv6 Route] No route found
06:50.899	ID:3	[NODE_STAT] TS=410001 | ID=3 | OF=0 | PRNT=1 | RANK=512 | PCHG=1 | CPU=410000000 | LPM=0 | TX=0 | RX=0
06:50.899	ID:3	[DATA_SEND] TS=410001 | ID=3 | SEQ=41
06:50.899	ID:3	[WARN: IPv6 Route] No route found
06:50.899	ID:3	[WARN: IPv6 Route] No route found
06:50.902	ID:1	[DATA_RECV] TS=410521 | SRC=5 | SEQ=41 | DELAY_MS=520
06:50.923	ID:1	[DATA_RECV] TS=410542 | SRC=3 | SEQ=41 | DELAY_MS=541
07:00.236	ID:2	[NODE_STAT] TS=420001 | ID=2 | OF=0 | PRNT=1 | RANK=512 | PCHG=1 | CPU=420000000 | LPM=0 | TX=0 | RX=0
07:00.236	ID:2	[DATA_SEND] TS=420001 | ID=2 | SEQ=42
07:00.236	ID:2	[WARN: IPv6 Route] No route found
07:00.236	ID:2	[WARN: IPv6 Route] No route found
07:00.257	ID:1	[DATA_RECV] TS=419876 | SRC=2 | SEQ=42 | DELAY_MS=0
07:00.348	ID:4	[NODE_STAT] TS=420001 | ID=4 | OF=0 | PRNT=3 | RANK=768 | PCHG=1 | CPU=420000000 | LPM=0 | TX=0 | RX=0
07:00.348	ID:4	[DATA_SEND] TS=420001 | ID=4 | SEQ=42
07:00.348	ID:4	[WARN: IPv6 Route] No route found
07:00.348	ID:4	[WARN: IPv6 Route] No route found
07:00.382	ID:3	[WARN: IPv6 Route] No route found
07:00.382	ID:3	[WARN: IPv6 Route] No route found
07:00.388	ID:1	[DATA_RECV] TS=420007 | SRC=4 | SEQ=42 | DELAY_MS=6
07:00.715	ID:5	[NODE_STAT] TS=420001 | ID=5 | OF=0 | PRNT=2 | RANK=768 | PCHG=1 | CPU=420000000 | LPM=0 | TX=0 | RX=0
07:00.715	ID:5	[DATA_SEND] TS=420001 | ID=5 | SEQ=42
07:00.715	ID:5	[WARN: IPv6 Route] No route found
07:00.715	ID:5	[WARN: IPv6 Route] No route found
07:00.735	ID:2	[WARN: IPv6 Route] No route found
07:00.735	ID:2	[WARN: IPv6 Route] No route found
07:00.772	ID:1	[DATA_RECV] TS=420391 | SRC=5 | SEQ=42 | DELAY_MS=390
07:00.899	ID:3	[NODE_STAT] TS=420001 | ID=3 | OF=0 | PRNT=1 | RANK=512 | PCHG=1 | CPU=420000000 | LPM=0 | TX=0 | RX=0
07:00.899	ID:3	[DATA_SEND] TS=420001 | ID=3 | SEQ=42
07:00.899	ID:3	[WARN: IPv6 Route] No route found
07:00.899	ID:3	[WARN: IPv6 Route] No route found
07:00.936	ID:1	[DATA_RECV] TS=420555 | SRC=3 | SEQ=42 | DELAY_MS=554
07:10.236	ID:2	[NODE_STAT] TS=430001 | ID=2 | OF=0 | PRNT=1 | RANK=512 | PCHG=1 | CPU=430000000 | LPM=0 | TX=0 | RX=0
07:10.236	ID:2	[DATA_SEND] TS=430001 | ID=2 | SEQ=43
07:10.236	ID:2	[WARN: IPv6 Route] No route found
07:10.236	ID:2	[WARN: IPv6 Route] No route found
07:10.348	ID:4	[NODE_STAT] TS=430001 | ID=4 | OF=0 | PRNT=3 | RANK=768 | PCHG=1 | CPU=430000000 | LPM=0 | TX=0 | RX=0
07:10.348	ID:4	[DATA_SEND] TS=430001 | ID=4 | SEQ=43
07:10.348	ID:4	[WARN: IPv6 Route] No route found
07:10.348	ID:4	[WARN: IPv6 Route] No route found
07:10.367	ID:3	[WARN: IPv6 Route] No route found
07:10.367	ID:3	[WARN: IPv6 Route] No route found
07:10.380	ID:1	[DATA_RECV] TS=429999 | SRC=2 | SEQ=43 | DELAY_MS=0
07:10.391	ID:1	[DATA_RECV] TS=430010 | SRC=4 | SEQ=43 | DELAY_MS=9
07:10.715	ID:5	[NODE_STAT] TS=430001 | ID=5 | OF=0 | PRNT=2 | RANK=768 | PCHG=1 | CPU=430000000 | LPM=0 | TX=0 | RX=0
07:10.715	ID:5	[DATA_SEND] TS=430001 | ID=5 | SEQ=43
07:10.715	ID:5	[WARN: IPv6 Route] No route found
07:10.715	ID:5	[WARN: IPv6 Route] No route found
07:10.725	ID:2	[WARN: IPv6 Route] No route found
07:10.725	ID:2	[WARN: IPv6 Route] No route found
07:10.752	ID:1	[DATA_RECV] TS=430371 | SRC=5 | SEQ=43 | DELAY_MS=370
07:10.899	ID:3	[NODE_STAT] TS=430001 | ID=3 | OF=0 | PRNT=1 | RANK=512 | PCHG=1 | CPU=430000000 | LPM=0 | TX=0 | RX=0
07:10.899	ID:3	[DATA_SEND] TS=430001 | ID=3 | SEQ=43
07:10.899	ID:3	[WARN: IPv6 Route] No route found
07:10.899	ID:3	[WARN: IPv6 Route] No route found
07:10.920	ID:1	[DATA_RECV] TS=430539 | SRC=3 | SEQ=43 | DELAY_MS=538
07:20.236	ID:2	[NODE_STAT] TS=440001 | ID=2 | OF=0 | PRNT=1 | RANK=512 | PCHG=1 | CPU=440000000 | LPM=0 | TX=0 | RX=0
07:20.236	ID:2	[DATA_SEND] TS=440001 | ID=2 | SEQ=44
07:20.236	ID:2	[WARN: IPv6 Route] No route found
07:20.236	ID:2	[WARN: IPv6 Route] No route found
07:20.345	ID:1	[DATA_RECV] TS=439964 | SRC=2 | SEQ=44 | DELAY_MS=0
07:20.348	ID:4	[NODE_STAT] TS=440001 | ID=4 | OF=0 | PRNT=3 | RANK=768 | PCHG=1 | CPU=440000000 | LPM=0 | TX=0 | RX=0
07:20.348	ID:4	[DATA_SEND] TS=440001 | ID=4 | SEQ=44
07:20.348	ID:4	[WARN: IPv6 Route] No route found
07:20.348	ID:4	[WARN: IPv6 Route] No route found
07:20.384	ID:3	[WARN: IPv6 Route] No route found
07:20.384	ID:3	[WARN: IPv6 Route] No route found
07:20.410	ID:1	[DATA_RECV] TS=440029 | SRC=4 | SEQ=44 | DELAY_MS=28
07:20.715	ID:5	[NODE_STAT] TS=440001 | ID=5 | OF=0 | PRNT=2 | RANK=768 | PCHG=1 | CPU=440000000 | LPM=0 | TX=0 | RX=0
07:20.715	ID:5	[DATA_SEND] TS=440001 | ID=5 | SEQ=44
07:20.715	ID:5	[WARN: IPv6 Route] No route found
07:20.715	ID:5	[WARN: IPv6 Route] No route found
07:20.725	ID:2	[WARN: IPv6 Route] No route found
07:20.725	ID:2	[WARN: IPv6 Route] No route found
07:20.808	ID:1	[DATA_RECV] TS=440427 | SRC=5 | SEQ=44 | DELAY_MS=426
07:20.899	ID:3	[NODE_STAT] TS=440001 | ID=3 | OF=0 | PRNT=1 | RANK=512 | PCHG=1 | CPU=440000000 | LPM=0 | TX=0 | RX=0
07:20.899	ID:3	[DATA_SEND] TS=440001 | ID=3 | SEQ=44
07:20.899	ID:3	[WARN: IPv6 Route] No route found
07:20.899	ID:3	[WARN: IPv6 Route] No route found
07:20.933	ID:1	[DATA_RECV] TS=440552 | SRC=3 | SEQ=44 | DELAY_MS=551
07:30.236	ID:2	[NODE_STAT] TS=450001 | ID=2 | OF=0 | PRNT=1 | RANK=512 | PCHG=1 | CPU=450000000 | LPM=0 | TX=0 | RX=0
07:30.236	ID:2	[DATA_SEND] TS=450001 | ID=2 | SEQ=45
07:30.236	ID:2	[WARN: IPv6 Route] No route found
07:30.236	ID:2	[WARN: IPv6 Route] No route found
07:30.242	ID:1	[DATA_RECV] TS=449861 | SRC=2 | SEQ=45 | DELAY_MS=0
07:30.348	ID:4	[NODE_STAT] TS=450001 | ID=4 | OF=0 | PRNT=3 | RANK=768 | PCHG=1 | CPU=450000000 | LPM=0 | TX=0 | RX=0
07:30.348	ID:4	[DATA_SEND] TS=450001 | ID=4 | SEQ=45
07:30.348	ID:4	[WARN: IPv6 Route] No route found
07:30.348	ID:4	[WARN: IPv6 Route] No route found
07:30.376	ID:3	[WARN: IPv6 Route] No route found
07:30.376	ID:3	[WARN: IPv6 Route] No route found
07:30.397	ID:1	[DATA_RECV] TS=450016 | SRC=4 | SEQ=45 | DELAY_MS=15
07:30.715	ID:5	[NODE_STAT] TS=450001 | ID=5 | OF=0 | PRNT=2 | RANK=768 | PCHG=1 | CPU=450000000 | LPM=0 | TX=0 | RX=0
07:30.715	ID:5	[DATA_SEND] TS=450001 | ID=5 | SEQ=45
07:30.715	ID:5	[WARN: IPv6 Route] No route found
07:30.715	ID:5	[WARN: IPv6 Route] No route found
07:30.747	ID:2	[WARN: IPv6 Route] No route found
07:30.747	ID:2	[WARN: IPv6 Route] No route found
07:30.791	ID:1	[DATA_RECV] TS=450410 | SRC=5 | SEQ=45 | DELAY_MS=409
07:30.899	ID:3	[NODE_STAT] TS=450001 | ID=3 | OF=0 | PRNT=1 | RANK=512 | PCHG=1 | CPU=450000000 | LPM=0 | TX=0 | RX=0
07:30.899	ID:3	[DATA_SEND] TS=450001 | ID=3 | SEQ=45
07:30.899	ID:3	[WARN: IPv6 Route] No route found
07:30.899	ID:3	[WARN: IPv6 Route] No route found
07:30.931	ID:1	[DATA_RECV] TS=450550 | SRC=3 | SEQ=45 | DELAY_MS=549
07:40.236	ID:2	[NODE_STAT] TS=460001 | ID=2 | OF=0 | PRNT=1 | RANK=512 | PCHG=1 | CPU=460000000 | LPM=0 | TX=0 | RX=0
07:40.236	ID:2	[DATA_SEND] TS=460001 | ID=2 | SEQ=46
07:40.236	ID:2	[WARN: IPv6 Route] No route found
07:40.236	ID:2	[WARN: IPv6 Route] No route found
07:40.263	ID:1	[DATA_RECV] TS=459882 | SRC=2 | SEQ=46 | DELAY_MS=0
07:40.348	ID:4	[NODE_STAT] TS=460001 | ID=4 | OF=0 | PRNT=3 | RANK=768 | PCHG=1 | CPU=460000000 | LPM=0 | TX=0 | RX=0
07:40.348	ID:4	[DATA_SEND] TS=460001 | ID=4 | SEQ=46
07:40.348	ID:4	[WARN: IPv6 Route] No route found
07:40.348	ID:4	[WARN: IPv6 Route] No route found
07:40.387	ID:3	[WARN: IPv6 Route] No route found
07:40.387	ID:3	[WARN: IPv6 Route] No route found
07:40.394	ID:1	[DATA_RECV] TS=460013 | SRC=4 | SEQ=46 | DELAY_MS=12
07:40.715	ID:5	[NODE_STAT] TS=460001 | ID=5 | OF=0 | PRNT=2 | RANK=768 | PCHG=1 | CPU=460000000 | LPM=0 | TX=0 | RX=0
07:40.715	ID:5	[DATA_SEND] TS=460001 | ID=5 | SEQ=46
07:40.715	ID:5	[WARN: IPv6 Route] No route found
07:40.715	ID:5	[WARN: IPv6 Route] No route found
07:40.721	ID:2	[WARN: IPv6 Route] No route found
07:40.721	ID:2	[WARN: IPv6 Route] No route found
07:40.729	ID:1	[DATA_RECV] TS=460348 | SRC=5 | SEQ=46 | DELAY_MS=347
07:40.899	ID:3	[NODE_STAT] TS=460001 | ID=3 | OF=0 | PRNT=1 | RANK=512 | PCHG=1 | CPU=460000000 | LPM=0 | TX=0 | RX=0
07:40.899	ID:3	[DATA_SEND] TS=460001 | ID=3 | SEQ=46
07:40.899	ID:3	[WARN: IPv6 Route] No route found
07:40.899	ID:3	[WARN: IPv6 Route] No route found
07:40.907	ID:1	[DATA_RECV] TS=460526 | SRC=3 | SEQ=46 | DELAY_MS=525
07:50.236	ID:2	[NODE_STAT] TS=470001 | ID=2 | OF=0 | PRNT=1 | RANK=512 | PCHG=1 | CPU=470000000 | LPM=0 | TX=0 | RX=0
07:50.236	ID:2	[DATA_SEND] TS=470001 | ID=2 | SEQ=47
07:50.236	ID:2	[WARN: IPv6 Route] No route found
07:50.236	ID:2	[WARN: IPv6 Route] No route found
07:50.348	ID:4	[NODE_STAT] TS=470001 | ID=4 | OF=0 | PRNT=3 | RANK=768 | PCHG=1 | CPU=470000000 | LPM=0 | TX=0 | RX=0
07:50.348	ID:4	[DATA_SEND] TS=470001 | ID=4 | SEQ=47
07:50.348	ID:4	[WARN: IPv6 Route] No route found
07:50.348	ID:4	[WARN: IPv6 Route] No route found
07:50.365	ID:3	[WARN: IPv6 Route] No route found
07:50.365	ID:3	[WARN: IPv6 Route] No route found
07:50.409	ID:1	[DATA_RECV] TS=470028 | SRC=4 | SEQ=47 | DELAY_MS=27
07:50.414	ID:1	[DATA_RECV] TS=470033 | SRC=2 | SEQ=47 | DELAY_MS=32
07:50.715	ID:5	[NODE_STAT] TS=470001 | ID=5 | OF=0 | PRNT=2 | RANK=768 | PCHG=1 | CPU=470000000 | LPM=0 | TX=0 | RX=0
07:50.715	ID:5	[DATA_SEND] TS=470001 | ID=5 | SEQ=47
07:50.715	ID:5	[WARN: IPv6 Route] No route found
07:50.715	ID:5	[WARN: IPv6 Route] No route found
07:50.727	ID:2	[WARN: IPv6 Route] No route found
07:50.727	ID:2	[WARN: IPv6 Route] No route found
07:50.762	ID:1	[DATA_RECV] TS=470381 | SRC=5 | SEQ=47 | DELAY_MS=380
07:50.899	ID:3	[NODE_STAT] TS=470001 | ID=3 | OF=0 | PRNT=1 | RANK=512 | PCHG=1 | CPU=470000000 | LPM=0 | TX=0 | RX=0
07:50.899	ID:3	[DATA_SEND] TS=470001 | ID=3 | SEQ=47
07:50.899	ID:3	[WARN: IPv6 Route] No route found
07:50.899	ID:3	[WARN: IPv6 Route] No route found
07:50.904	ID:1	[DATA_RECV] TS=470523 | SRC=3 | SEQ=47 | DELAY_MS=522
08:00.236	ID:2	[NODE_STAT] TS=480001 | ID=2 | OF=0 | PRNT=1 | RANK=512 | PCHG=1 | CPU=480000000 | LPM=0 | TX=0 | RX=0
08:00.236	ID:2	[DATA_SEND] TS=480001 | ID=2 | SEQ=48
08:00.236	ID:2	[WARN: IPv6 Route] No route found
08:00.236	ID:2	[WARN: IPv6 Route] No route found
08:00.300	ID:1	[DATA_RECV] TS=479919 | SRC=2 | SEQ=48 | DELAY_MS=0
08:00.348	ID:4	[NODE_STAT] TS=480001 | ID=4 | OF=0 | PRNT=3 | RANK=768 | PCHG=1 | CPU=480000000 | LPM=0 | TX=0 | RX=0
08:00.348	ID:4	[DATA_SEND] TS=480001 | ID=4 | SEQ=48
08:00.348	ID:4	[WARN: IPv6 Route] No route found
08:00.348	ID:4	[WARN: IPv6 Route] No route found
08:00.379	ID:3	[WARN: IPv6 Route] No route found
08:00.379	ID:3	[WARN: IPv6 Route] No route found
08:00.402	ID:1	[DATA_RECV] TS=480021 | SRC=4 | SEQ=48 | DELAY_MS=20
08:00.715	ID:5	[NODE_STAT] TS=480001 | ID=5 | OF=0 | PRNT=2 | RANK=768 | PCHG=1 | CPU=480000000 | LPM=0 | TX=0 | RX=0
08:00.715	ID:5	[DATA_SEND] TS=480001 | ID=5 | SEQ=48
08:00.715	ID:5	[WARN: IPv6 Route] No route found
08:00.715	ID:5	[WARN: IPv6 Route] No route found
08:00.734	ID:2	[WARN: IPv6 Route] No route found
08:00.734	ID:2	[WARN: IPv6 Route] No route found
08:00.847	ID:1	[DATA_RECV] TS=480466 | SRC=5 | SEQ=48 | DELAY_MS=465
08:00.899	ID:3	[NODE_STAT] TS=480001 | ID=3 | OF=0 | PRNT=1 | RANK=512 | PCHG=1 | CPU=480000000 | LPM=0 | TX=0 | RX=0
08:00.899	ID:3	[DATA_SEND] TS=480001 | ID=3 | SEQ=48
08:00.899	ID:3	[WARN: IPv6 Route] No route found
08:00.899	ID:3	[WARN: IPv6 Route] No route found
08:00.909	ID:1	[DATA_RECV] TS=480528 | SRC=3 | SEQ=48 | DELAY_MS=527
08:10.236	ID:2	[NODE_STAT] TS=490001 | ID=2 | OF=0 | PRNT=1 | RANK=512 | PCHG=1 | CPU=490000000 | LPM=0 | TX=0 | RX=0
08:10.236	ID:2	[DATA_SEND] TS=490001 | ID=2 | SEQ=49
08:10.236	ID:2	[WARN: IPv6 Route] No route found
08:10.236	ID:2	[WARN: IPv6 Route] No route found
08:10.348	ID:4	[NODE_STAT] TS=490001 | ID=4 | OF=0 | PRNT=3 | RANK=768 | PCHG=1 | CPU=490000000 | LPM=0 | TX=0 | RX=0
08:10.348	ID:4	[DATA_SEND] TS=490001 | ID=4 | SEQ=49
08:10.348	ID:4	[WARN: IPv6 Route] No route found
08:10.348	ID:4	[WARN: IPv6 Route] No route found
08:10.361	ID:3	[WARN: IPv6 Route] No route found
08:10.361	ID:3	[WARN: IPv6 Route] No route found
08:10.404	ID:1	[DATA_RECV] TS=490023 | SRC=4 | SEQ=49 | DELAY_MS=22
08:10.409	ID:1	[DATA_RECV] TS=490028 | SRC=2 | SEQ=49 | DELAY_MS=27
08:10.715	ID:5	[NODE_STAT] TS=490001 | ID=5 | OF=0 | PRNT=2 | RANK=768 | PCHG=1 | CPU=490000000 | LPM=0 | TX=0 | RX=0
08:10.715	ID:5	[DATA_SEND] TS=490001 | ID=5 | SEQ=49
08:10.715	ID:5	[WARN: IPv6 Route] No route found
08:10.715	ID:5	[WARN: IPv6 Route] No route found
08:10.751	ID:2	[WARN: IPv6 Route] No route found
08:10.751	ID:2	[WARN: IPv6 Route] No route found
08:10.831	ID:1	[DATA_RECV] TS=490450 | SRC=5 | SEQ=49 | DELAY_MS=449
08:10.899	ID:3	[NODE_STAT] TS=490001 | ID=3 | OF=0 | PRNT=1 | RANK=512 | PCHG=1 | CPU=490000000 | LPM=0 | TX=0 | RX=0
08:10.899	ID:3	[DATA_SEND] TS=490001 | ID=3 | SEQ=49
08:10.899	ID:3	[WARN: IPv6 Route] No route found
08:10.899	ID:3	[WARN: IPv6 Route] No route found
08:10.916	ID:1	[DATA_RECV] TS=490535 | SRC=3 | SEQ=49 | DELAY_MS=534
08:20.236	ID:2	[NODE_STAT] TS=500001 | ID=2 | OF=0 | PRNT=1 | RANK=512 | PCHG=1 | CPU=500000000 | LPM=0 | TX=0 | RX=0
08:20.236	ID:2	[DATA_SEND] TS=500001 | ID=2 | SEQ=50
08:20.236	ID:2	[WARN: IPv6 Route] No route found
08:20.236	ID:2	[WARN: IPv6 Route] No route found
08:20.298	ID:1	[DATA_RECV] TS=499917 | SRC=2 | SEQ=50 | DELAY_MS=0
08:20.348	ID:4	[NODE_STAT] TS=500001 | ID=4 | OF=0 | PRNT=3 | RANK=768 | PCHG=1 | CPU=500000000 | LPM=0 | TX=0 | RX=0
08:20.348	ID:4	[DATA_SEND] TS=500001 | ID=4 | SEQ=50
08:20.348	ID:4	[WARN: IPv6 Route] No route found
08:20.348	ID:4	[WARN: IPv6 Route] No route found
08:20.379	ID:3	[WARN: IPv6 Route] No route found
08:20.379	ID:3	[WARN: IPv6 Route] No route found
08:20.416	ID:1	[DATA_RECV] TS=500035 | SRC=4 | SEQ=50 | DELAY_MS=34
08:20.715	ID:5	[NODE_STAT] TS=500001 | ID=5 | OF=0 | PRNT=2 | RANK=768 | PCHG=1 | CPU=500000000 | LPM=0 | TX=0 | RX=0
08:20.715	ID:5	[DATA_SEND] TS=500001 | ID=5 | SEQ=50
08:20.715	ID:5	[WARN: IPv6 Route] No route found
08:20.715	ID:5	[WARN: IPv6 Route] No route found
08:20.751	ID:2	[WARN: IPv6 Route] No route found
08:20.751	ID:2	[WARN: IPv6 Route] No route found
08:20.757	ID:1	[DATA_RECV] TS=500376 | SRC=5 | SEQ=50 | DELAY_MS=375
08:20.899	ID:3	[NODE_STAT] TS=500001 | ID=3 | OF=0 | PRNT=1 | RANK=512 | PCHG=1 | CPU=500000000 | LPM=0 | TX=0 | RX=0
08:20.899	ID:3	[DATA_SEND] TS=500001 | ID=3 | SEQ=50
08:20.899	ID:3	[WARN: IPv6 Route] No route found
08:20.899	ID:3	[WARN: IPv6 Route] No route found
08:20.918	ID:1	[DATA_RECV] TS=500537 | SRC=3 | SEQ=50 | DELAY_MS=536
08:30.236	ID:2	[NODE_STAT] TS=510001 | ID=2 | OF=0 | PRNT=1 | RANK=512 | PCHG=1 | CPU=510000000 | LPM=0 | TX=0 | RX=0
08:30.236	ID:2	[DATA_SEND] TS=510001 | ID=2 | SEQ=51
08:30.236	ID:2	[WARN: IPv6 Route] No route found
08:30.236	ID:2	[WARN: IPv6 Route] No route found
08:30.275	ID:1	[DATA_RECV] TS=509894 | SRC=2 | SEQ=51 | DELAY_MS=0
08:30.348	ID:4	[NODE_STAT] TS=510001 | ID=4 | OF=0 | PRNT=3 | RANK=768 | PCHG=1 | CPU=510000000 | LPM=0 | TX=0 | RX=0
08:30.348	ID:4	[DATA_SEND] TS=510001 | ID=4 | SEQ=51
08:30.348	ID:4	[WARN: IPv6 Route] No route found
08:30.348	ID:4	[WARN: IPv6 Route] No route found
08:30.364	ID:3	[WARN: IPv6 Route] No route found
08:30.364	ID:3	[WARN: IPv6 Route] No route found
08:30.407	ID:1	[DATA_RECV] TS=510026 | SRC=4 | SEQ=51 | DELAY_MS=25
08:30.715	ID:5	[NODE_STAT] TS=510001 | ID=5 | OF=0 | PRNT=2 | RANK=768 | PCHG=1 | CPU=510000000 | LPM=0 | TX=0 | RX=0
08:30.715	ID:5	[DATA_SEND] TS=510001 | ID=5 | SEQ=51
08:30.715	ID:5	[WARN: IPv6 Route] No route found
08:30.715	ID:5	[WARN: IPv6 Route] No route found
08:30.751	ID:2	[WARN: IPv6 Route] No route found
08:30.751	ID:2	[WARN: IPv6 Route] No route found
08:30.828	ID:1	[DATA_RECV] TS=510447 | SRC=5 | SEQ=51 | DELAY_MS=446
08:30.899	ID:3	[NODE_STAT] TS=510001 | ID=3 | OF=0 | PRNT=1 | RANK=512 | PCHG=1 | CPU=510000000 | LPM=0 | TX=0 | RX=0
08:30.899	ID:3	[DATA_SEND] TS=510001 | ID=3 | SEQ=51
08:30.899	ID:3	[WARN: IPv6 Route] No route found
08:30.899	ID:3	[WARN: IPv6 Route] No route found
08:30.935	ID:1	[DATA_RECV] TS=510554 | SRC=3 | SEQ=51 | DELAY_MS=553
08:40.236	ID:2	[NODE_STAT] TS=520001 | ID=2 | OF=0 | PRNT=1 | RANK=512 | PCHG=1 | CPU=520000000 | LPM=0 | TX=0 | RX=0
08:40.236	ID:2	[DATA_SEND] TS=520001 | ID=2 | SEQ=52
08:40.236	ID:2	[WARN: IPv6 Route] No route found
08:40.236	ID:2	[WARN: IPv6 Route] No route found
08:40.265	ID:1	[DATA_RECV] TS=519884 | SRC=2 | SEQ=52 | DELAY_MS=0
08:40.348	ID:4	[NODE_STAT] TS=520001 | ID=4 | OF=0 | PRNT=3 | RANK=768 | PCHG=1 | CPU=520000000 | LPM=0 | TX=0 | RX=0
08:40.348	ID:4	[DATA_SEND] TS=520001 | ID=4 | SEQ=52
08:40.348	ID:4	[WARN: IPv6 Route] No route found
08:40.348	ID:4	[WARN: IPv6 Route] No route found
08:40.388	ID:3	[WARN: IPv6 Route] No route found
08:40.388	ID:3	[WARN: IPv6 Route] No route found
08:40.399	ID:1	[DATA_RECV] TS=520018 | SRC=4 | SEQ=52 | DELAY_MS=17
08:40.715	ID:5	[NODE_STAT] TS=520001 | ID=5 | OF=0 | PRNT=2 | RANK=768 | PCHG=1 | CPU=520000000 | LPM=0 | TX=0 | RX=0
08:40.715	ID:5	[DATA_SEND] TS=520001 | ID=5 | SEQ=52
08:40.715	ID:5	[WARN: IPv6 Route] No route found
08:40.715	ID:5	[WARN: IPv6 Route] No route found
08:40.748	ID:2	[WARN: IPv6 Route] No route found
08:40.748	ID:2	[WARN: IPv6 Route] No route found
08:40.844	ID:1	[DATA_RECV] TS=520463 | SRC=5 | SEQ=52 | DELAY_MS=462
08:40.899	ID:3	[NODE_STAT] TS=520001 | ID=3 | OF=0 | PRNT=1 | RANK=512 | PCHG=1 | CPU=520000000 | LPM=0 | TX=0 | RX=0
08:40.899	ID:3	[DATA_SEND] TS=520001 | ID=3 | SEQ=52
08:40.899	ID:3	[WARN: IPv6 Route] No route found
08:40.899	ID:3	[WARN: IPv6 Route] No route found
08:40.908	ID:1	[DATA_RECV] TS=520527 | SRC=3 | SEQ=52 | DELAY_MS=526
08:50.236	ID:2	[NODE_STAT] TS=530001 | ID=2 | OF=0 | PRNT=1 | RANK=512 | PCHG=1 | CPU=530000000 | LPM=0 | TX=0 | RX=0
08:50.236	ID:2	[DATA_SEND] TS=530001 | ID=2 | SEQ=53
08:50.236	ID:2	[WARN: IPv6 Route] No route found
08:50.236	ID:2	[WARN: IPv6 Route] No route found
08:50.259	ID:1	[DATA_RECV] TS=529878 | SRC=2 | SEQ=53 | DELAY_MS=0
08:50.348	ID:4	[NODE_STAT] TS=530001 | ID=4 | OF=0 | PRNT=3 | RANK=768 | PCHG=1 | CPU=530000000 | LPM=0 | TX=0 | RX=0
08:50.348	ID:4	[DATA_SEND] TS=530001 | ID=4 | SEQ=53
08:50.348	ID:4	[WARN: IPv6 Route] No route found
08:50.348	ID:4	[WARN: IPv6 Route] No route found
08:50.381	ID:3	[WARN: IPv6 Route] No route found
08:50.381	ID:3	[WARN: IPv6 Route] No route found
08:50.408	ID:1	[DATA_RECV] TS=530027 | SRC=4 | SEQ=53 | DELAY_MS=26
08:50.715	ID:5	[NODE_STAT] TS=530001 | ID=5 | OF=0 | PRNT=2 | RANK=768 | PCHG=1 | CPU=530000000 | LPM=0 | TX=0 | RX=0
08:50.715	ID:5	[DATA_SEND] TS=530001 | ID=5 | SEQ=53
08:50.715	ID:5	[WARN: IPv6 Route] No route found
08:50.715	ID:5	[WARN: IPv6 Route] No route found
08:50.750	ID:2	[WARN: IPv6 Route] No route found
08:50.750	ID:2	[WARN: IPv6 Route] No route found
08:50.776	ID:1	[DATA_RECV] TS=530395 | SRC=5 | SEQ=53 | DELAY_MS=394
08:50.899	ID:3	[NODE_STAT] TS=530001 | ID=3 | OF=0 | PRNT=1 | RANK=512 | PCHG=1 | CPU=530000000 | LPM=0 | TX=0 | RX=0
08:50.899	ID:3	[DATA_SEND] TS=530001 | ID=3 | SEQ=53
08:50.899	ID:3	[WARN: IPv6 Route] No route found
08:50.899	ID:3	[WARN: IPv6 Route] No route found
08:50.912	ID:1	[DATA_RECV] TS=530531 | SRC=3 | SEQ=53 | DELAY_MS=530
09:00.236	ID:2	[NODE_STAT] TS=540001 | ID=2 | OF=0 | PRNT=1 | RANK=512 | PCHG=1 | CPU=540000000 | LPM=0 | TX=0 | RX=0
09:00.236	ID:2	[DATA_SEND] TS=540001 | ID=2 | SEQ=54
09:00.236	ID:2	[WARN: IPv6 Route] No route found
09:00.236	ID:2	[WARN: IPv6 Route] No route found
09:00.265	ID:1	[DATA_RECV] TS=539884 | SRC=2 | SEQ=54 | DELAY_MS=0
09:00.348	ID:4	[NODE_STAT] TS=540001 | ID=4 | OF=0 | PRNT=3 | RANK=768 | PCHG=1 | CPU=540000000 | LPM=0 | TX=0 | RX=0
09:00.348	ID:4	[DATA_SEND] TS=540001 | ID=4 | SEQ=54
09:00.348	ID:4	[WARN: IPv6 Route] No route found
09:00.348	ID:4	[WARN: IPv6 Route] No route found
09:00.371	ID:3	[WARN: IPv6 Route] No route found
09:00.371	ID:3	[WARN: IPv6 Route] No route found
09:00.416	ID:1	[DATA_RECV] TS=540035 | SRC=4 | SEQ=54 | DELAY_MS=34
09:00.715	ID:5	[NODE_STAT] TS=540001 | ID=5 | OF=0 | PRNT=2 | RANK=768 | PCHG=1 | CPU=540000000 | LPM=0 | TX=0 | RX=0
09:00.715	ID:5	[DATA_SEND] TS=540001 | ID=5 | SEQ=54
09:00.715	ID:5	[WARN: IPv6 Route] No route found
09:00.715	ID:5	[WARN: IPv6 Route] No route found
09:00.742	ID:2	[WARN: IPv6 Route] No route found
09:00.742	ID:2	[WARN: IPv6 Route] No route found
09:00.785	ID:1	[DATA_RECV] TS=540404 | SRC=5 | SEQ=54 | DELAY_MS=403
09:00.899	ID:3	[NODE_STAT] TS=540001 | ID=3 | OF=0 | PRNT=1 | RANK=512 | PCHG=1 | CPU=540000000 | LPM=0 | TX=0 | RX=0
09:00.899	ID:3	[DATA_SEND] TS=540001 | ID=3 | SEQ=54
09:00.899	ID:3	[WARN: IPv6 Route] No route found
09:00.899	ID:3	[WARN: IPv6 Route] No route found
09:00.903	ID:1	[DATA_RECV] TS=540522 | SRC=3 | SEQ=54 | DELAY_MS=521
09:10.236	ID:2	[NODE_STAT] TS=550001 | ID=2 | OF=0 | PRNT=1 | RANK=512 | PCHG=1 | CPU=550000000 | LPM=0 | TX=0 | RX=0
09:10.236	ID:2	[DATA_SEND] TS=550001 | ID=2 | SEQ=55
09:10.236	ID:2	[WARN: IPv6 Route] No route found
09:10.236	ID:2	[WARN: IPv6 Route] No route found
09:10.277	ID:1	[DATA_RECV] TS=549896 | SRC=2 | SEQ=55 | DELAY_MS=0
09:10.348	ID:4	[NODE_STAT] TS=550001 | ID=4 | OF=0 | PRNT=3 | RANK=768 | PCHG=1 | CPU=550000000 | LPM=0 | TX=0 | RX=0
09:10.348	ID:4	[DATA_SEND] TS=550001 | ID=4 | SEQ=55
09:10.348	ID:4	[WARN: IPv6 Route] No route found
09:10.348	ID:4	[WARN: IPv6 Route] No route found
09:10.352	ID:3	[WARN: IPv6 Route] No route found
09:10.352	ID:3	[WARN: IPv6 Route] No route found
09:10.388	ID:1	[DATA_RECV] TS=550007 | SRC=4 | SEQ=55 | DELAY_MS=6
09:10.715	ID:5	[NODE_STAT] TS=550001 | ID=5 | OF=0 | PRNT=2 | RANK=768 | PCHG=1 | CPU=550000000 | LPM=0 | TX=0 | RX=0
09:10.715	ID:5	[DATA_SEND] TS=550001 | ID=5 | SEQ=55
09:10.715	ID:5	[WARN: IPv6 Route] No route found
09:10.715	ID:5	[WARN: IPv6 Route] No route found
09:10.742	ID:2	[WARN: IPv6 Route] No route found
09:10.742	ID:2	[WARN: IPv6 Route] No route found
09:10.767	ID:1	[DATA_RECV] TS=550386 | SRC=5 | SEQ=55 | DELAY_MS=385
09:10.899	ID:3	[NODE_STAT] TS=550001 | ID=3 | OF=0 | PRNT=1 | RANK=512 | PCHG=1 | CPU=550000000 | LPM=0 | TX=0 | RX=0
09:10.899	ID:3	[DATA_SEND] TS=550001 | ID=3 | SEQ=55
09:10.899	ID:3	[WARN: IPv6 Route] No route found
09:10.899	ID:3	[WARN: IPv6 Route] No route found
09:10.927	ID:1	[DATA_RECV] TS=550546 | SRC=3 | SEQ=55 | DELAY_MS=545
09:20.236	ID:2	[NODE_STAT] TS=560001 | ID=2 | OF=0 | PRNT=1 | RANK=512 | PCHG=1 | CPU=560000000 | LPM=0 | TX=0 | RX=0
09:20.236	ID:2	[DATA_SEND] TS=560001 | ID=2 | SEQ=56
09:20.236	ID:2	[WARN: IPv6 Route] No route found
09:20.236	ID:2	[WARN: IPv6 Route] No route found
09:20.336	ID:1	[DATA_RECV] TS=559955 | SRC=2 | SEQ=56 | DELAY_MS=0
09:20.348	ID:4	[NODE_STAT] TS=560001 | ID=4 | OF=0 | PRNT=3 | RANK=768 | PCHG=1 | CPU=560000000 | LPM=0 | TX=0 | RX=0
09:20.348	ID:4	[DATA_SEND] TS=560001 | ID=4 | SEQ=56
09:20.348	ID:4	[WARN: IPv6 Route] No route found
09:20.348	ID:4	[WARN: IPv6 Route] No route found
09:20.371	ID:3	[WARN: IPv6 Route] No route found
09:20.371	ID:3	[WARN: IPv6 Route] No route found
09:20.417	ID:1	[DATA_RECV] TS=560036 | SRC=4 | SEQ=56 | DELAY_MS=35
09:20.715	ID:5	[NODE_STAT] TS=560001 | ID=5 | OF=0 | PRNT=2 | RANK=768 | PCHG=1 | CPU=560000000 | LPM=0 | TX=0 | RX=0
09:20.715	ID:5	[DATA_SEND] TS=560001 | ID=5 | SEQ=56
09:20.715	ID:5	[WARN: IPv6 Route] No route found
09:20.715	ID:5	[WARN: IPv6 Route] No route found
09:20.741	ID:2	[WARN: IPv6 Route] No route found
09:20.741	ID:2	[WARN: IPv6 Route] No route found
09:20.778	ID:1	[DATA_RECV] TS=560397 | SRC=5 | SEQ=56 | DELAY_MS=396
09:20.899	ID:3	[NODE_STAT] TS=560001 | ID=3 | OF=0 | PRNT=1 | RANK=512 | PCHG=1 | CPU=560000000 | LPM=0 | TX=0 | RX=0
09:20.899	ID:3	[DATA_SEND] TS=560001 | ID=3 | SEQ=56
09:20.899	ID:3	[WARN: IPv6 Route] No route found
09:20.899	ID:3	[WARN: IPv6 Route] No route found
09:20.908	ID:1	[DATA_RECV] TS=560527 | SRC=3 | SEQ=56 | DELAY_MS=526
09:30.236	ID:2	[NODE_STAT] TS=570001 | ID=2 | OF=0 | PRNT=1 | RANK=512 | PCHG=1 | CPU=570000000 | LPM=0 | TX=0 | RX=0
09:30.236	ID:2	[DATA_SEND] TS=570001 | ID=2 | SEQ=57
09:30.236	ID:2	[WARN: IPv6 Route] No route found
09:30.236	ID:2	[WARN: IPv6 Route] No route found
09:30.304	ID:1	[DATA_RECV] TS=569923 | SRC=2 | SEQ=57 | DELAY_MS=0
09:30.348	ID:4	[NODE_STAT] TS=570001 | ID=4 | OF=0 | PRNT=3 | RANK=768 | PCHG=1 | CPU=570000000 | LPM=0 | TX=0 | RX=0
09:30.348	ID:4	[DATA_SEND] TS=570001 | ID=4 | SEQ=57
09:30.348	ID:4	[WARN: IPv6 Route] No route found
09:30.348	ID:4	[WARN: IPv6 Route] No route found
09:30.384	ID:3	[WARN: IPv6 Route] No route found
09:30.384	ID:3	[WARN: IPv6 Route] No route found
09:30.399	ID:1	[DATA_RECV] TS=570018 | SRC=4 | SEQ=57 | DELAY_MS=17
09:30.715	ID:5	[NODE_STAT] TS=570001 | ID=5 | OF=0 | PRNT=2 | RANK=768 | PCHG=1 | CPU=570000000 | LPM=0 | TX=0 | RX=0
09:30.715	ID:5	[DATA_SEND] TS=570001 | ID=5 | SEQ=57
09:30.715	ID:5	[WARN: IPv6 Route] No route found
09:30.715	ID:5	[WARN: IPv6 Route] No route found
09:30.758	ID:2	[WARN: IPv6 Route] No route found
09:30.758	ID:2	[WARN: IPv6 Route] No route found
09:30.852	ID:1	[DATA_RECV] TS=570471 | SRC=5 | SEQ=57 | DELAY_MS=470
09:30.899	ID:3	[NODE_STAT] TS=570001 | ID=3 | OF=0 | PRNT=1 | RANK=512 | PCHG=1 | CPU=570000000 | LPM=0 | TX=0 | RX=0
09:30.899	ID:3	[DATA_SEND] TS=570001 | ID=3 | SEQ=57
09:30.899	ID:3	[WARN: IPv6 Route] No route found
09:30.899	ID:3	[WARN: IPv6 Route] No route found
09:30.929	ID:1	[DATA_RECV] TS=570548 | SRC=3 | SEQ=57 | DELAY_MS=547
09:40.236	ID:2	[NODE_STAT] TS=580001 | ID=2 | OF=0 | PRNT=1 | RANK=512 | PCHG=1 | CPU=580000000 | LPM=0 | TX=0 | RX=0
09:40.236	ID:2	[DATA_SEND] TS=580001 | ID=2 | SEQ=58
09:40.236	ID:2	[WARN: IPv6 Route] No route found
09:40.236	ID:2	[WARN: IPv6 Route] No route found
09:40.275	ID:1	[DATA_RECV] TS=579894 | SRC=2 | SEQ=58 | DELAY_MS=0
09:40.348	ID:4	[NODE_STAT] TS=580001 | ID=4 | OF=0 | PRNT=3 | RANK=768 | PCHG=1 | CPU=580000000 | LPM=0 | TX=0 | RX=0
09:40.348	ID:4	[DATA_SEND] TS=580001 | ID=4 | SEQ=58
09:40.348	ID:4	[WARN: IPv6 Route] No route found
09:40.348	ID:4	[WARN: IPv6 Route] No route found
09:40.373	ID:3	[WARN: IPv6 Route] No route found
09:40.373	ID:3	[WARN: IPv6 Route] No route found
09:40.415	ID:1	[DATA_RECV] TS=580034 | SRC=4 | SEQ=58 | DELAY_MS=33
09:40.715	ID:5	[NODE_STAT] TS=580001 | ID=5 | OF=0 | PRNT=2 | RANK=768 | PCHG=1 | CPU=580000000 | LPM=0 | TX=0 | RX=0
09:40.715	ID:5	[DATA_SEND] TS=580001 | ID=5 | SEQ=58
09:40.715	ID:5	[WARN: IPv6 Route] No route found
09:40.715	ID:5	[WARN: IPv6 Route] No route found
09:40.730	ID:2	[WARN: IPv6 Route] No route found
09:40.730	ID:2	[WARN: IPv6 Route] No route found
09:40.759	ID:1	[DATA_RECV] TS=580378 | SRC=5 | SEQ=58 | DELAY_MS=377
09:40.899	ID:3	[NODE_STAT] TS=580001 | ID=3 | OF=0 | PRNT=1 | RANK=512 | PCHG=1 | CPU=580000000 | LPM=0 | TX=0 | RX=0
09:40.899	ID:3	[DATA_SEND] TS=580001 | ID=3 | SEQ=58
09:40.899	ID:3	[WARN: IPv6 Route] No route found
09:40.899	ID:3	[WARN: IPv6 Route] No route found
09:40.923	ID:1	[DATA_RECV] TS=580542 | SRC=3 | SEQ=58 | DELAY_MS=541
09:50.236	ID:2	[NODE_STAT] TS=590001 | ID=2 | OF=0 | PRNT=1 | RANK=512 | PCHG=1 | CPU=590000000 | LPM=0 | TX=0 | RX=0
09:50.236	ID:2	[DATA_SEND] TS=590001 | ID=2 | SEQ=59
09:50.236	ID:2	[WARN: IPv6 Route] No route found
09:50.236	ID:2	[WARN: IPv6 Route] No route found
09:50.269	ID:1	[DATA_RECV] TS=589888 | SRC=2 | SEQ=59 | DELAY_MS=0
09:50.348	ID:4	[NODE_STAT] TS=590001 | ID=4 | OF=0 | PRNT=3 | RANK=768 | PCHG=1 | CPU=590000000 | LPM=0 | TX=0 | RX=0
09:50.348	ID:4	[DATA_SEND] TS=590001 | ID=4 | SEQ=59
09:50.348	ID:4	[WARN: IPv6 Route] No route found
09:50.348	ID:4	[WARN: IPv6 Route] No route found
09:50.373	ID:3	[WARN: IPv6 Route] No route found
09:50.373	ID:3	[WARN: IPv6 Route] No route found
09:50.403	ID:1	[DATA_RECV] TS=590022 | SRC=4 | SEQ=59 | DELAY_MS=21
09:50.715	ID:5	[NODE_STAT] TS=590001 | ID=5 | OF=0 | PRNT=2 | RANK=768 | PCHG=1 | CPU=590000000 | LPM=0 | TX=0 | RX=0
09:50.715	ID:5	[DATA_SEND] TS=590001 | ID=5 | SEQ=59
09:50.715	ID:5	[WARN: IPv6 Route] No route found
09:50.715	ID:5	[WARN: IPv6 Route] No route found
09:50.753	ID:2	[WARN: IPv6 Route] No route found
09:50.753	ID:2	[WARN: IPv6 Route] No route found
09:50.800	ID:1	[DATA_RECV] TS=590419 | SRC=5 | SEQ=59 | DELAY_MS=418
09:50.899	ID:3	[NODE_STAT] TS=590001 | ID=3 | OF=0 | PRNT=1 | RANK=512 | PCHG=1 | CPU=590000000 | LPM=0 | TX=0 | RX=0
09:50.899	ID:3	[DATA_SEND] TS=590001 | ID=3 | SEQ=59
09:50.899	ID:3	[WARN: IPv6 Route] No route found
09:50.899	ID:3	[WARN: IPv6 Route] No route found
09:50.926	ID:1	[DATA_RECV] TS=590545 | SRC=3 | SEQ=59 | DELAY_MS=544
10:00.236	ID:2	[NODE_STAT] TS=600001 | ID=2 | OF=0 | PRNT=1 | RANK=512 | PCHG=1 | CPU=600000000 | LPM=0 | TX=0 | RX=0
10:00.236	ID:2	[DATA_SEND] TS=600001 | ID=2 | SEQ=60
10:00.236	ID:2	[WARN: IPv6 Route] No route found
10:00.236	ID:2	[WARN: IPv6 Route] No route found
10:00.292	ID:1	[DATA_RECV] TS=599911 | SRC=2 | SEQ=60 | DELAY_MS=0
10:00.348	ID:4	[NODE_STAT] TS=600001 | ID=4 | OF=0 | PRNT=3 | RANK=768 | PCHG=1 | CPU=600000000 | LPM=0 | TX=0 | RX=0
10:00.348	ID:4	[DATA_SEND] TS=600001 | ID=4 | SEQ=60
10:00.348	ID:4	[WARN: IPv6 Route] No route found
10:00.348	ID:4	[WARN: IPv6 Route] No route found
10:00.367	ID:3	[WARN: IPv6 Route] No route found
10:00.367	ID:3	[WARN: IPv6 Route] No route found
10:00.405	ID:1	[DATA_RECV] TS=600024 | SRC=4 | SEQ=60 | DELAY_MS=23
10:00.715	ID:5	[NODE_STAT] TS=600001 | ID=5 | OF=0 | PRNT=2 | RANK=768 | PCHG=1 | CPU=600000000 | LPM=0 | TX=0 | RX=0
10:00.715	ID:5	[DATA_SEND] TS=600001 | ID=5 | SEQ=60
10:00.715	ID:5	[WARN: IPv6 Route] No route found
10:00.715	ID:5	[WARN: IPv6 Route] No route found
10:00.723	ID:2	[WARN: IPv6 Route] No route found
10:00.723	ID:2	[WARN: IPv6 Route] No route found
10:00.733	ID:1	[DATA_RECV] TS=600352 | SRC=5 | SEQ=60 | DELAY_MS=351
10:00.899	ID:3	[NODE_STAT] TS=600001 | ID=3 | OF=0 | PRNT=1 | RANK=512 | PCHG=1 | CPU=600000000 | LPM=0 | TX=0 | RX=0
10:00.899	ID:3	[DATA_SEND] TS=600001 | ID=3 | SEQ=60
10:00.899	ID:3	[WARN: IPv6 Route] No route found
10:00.899	ID:3	[WARN: IPv6 Route] No route found
10:00.904	ID:1	[DATA_RECV] TS=600523 | SRC=3 | SEQ=60 | DELAY_MS=522
10:10.236	ID:2	[NODE_STAT] TS=610001 | ID=2 | OF=0 | PRNT=1 | RANK=512 | PCHG=1 | CPU=610000000 | LPM=0 | TX=0 | RX=0
10:10.236	ID:2	[DATA_SEND] TS=610001 | ID=2 | SEQ=61
10:10.236	ID:2	[WARN: IPv6 Route] No route found
10:10.236	ID:2	[WARN: IPv6 Route] No route found
10:10.252	ID:1	[DATA_RECV] TS=609871 | SRC=2 | SEQ=61 | DELAY_MS=0
10:10.348	ID:4	[NODE_STAT] TS=610001 | ID=4 | OF=0 | PRNT=3 | RANK=768 | PCHG=1 | CPU=610000000 | LPM=0 | TX=0 | RX=0
10:10.348	ID:4	[DATA_SEND] TS=610001 | ID=4 | SEQ=61
10:10.348	ID:4	[WARN: IPv6 Route] No route found
10:10.348	ID:4	[WARN: IPv6 Route] No route found
10:10.374	ID:3	[WARN: IPv6 Route] No route found
10:10.374	ID:3	[WARN: IPv6 Route] No route found
10:10.399	ID:1	[DATA_RECV] TS=610018 | SRC=4 | SEQ=61 | DELAY_MS=17
10:10.715	ID:5	[NODE_STAT] TS=610001 | ID=5 | OF=0 | PRNT=2 | RANK=768 | PCHG=1 | CPU=610000000 | LPM=0 | TX=0 | RX=0
10:10.715	ID:5	[DATA_SEND] TS=610001 | ID=5 | SEQ=61
10:10.715	ID:5	[WARN: IPv6 Route] No route found
10:10.715	ID:5	[WARN: IPv6 Route] No route found
10:10.753	ID:2	[WARN: IPv6 Route] No route found
10:10.753	ID:2	[WARN: IPv6 Route] No route found
10:10.765	ID:1	[DATA_RECV] TS=610384 | SRC=5 | SEQ=61 | DELAY_MS=383
10:10.899	ID:3	[NODE_STAT] TS=610001 | ID=3 | OF=0 | PRNT=1 | RANK=512 | PCHG=1 | CPU=610000000 | LPM=0 | TX=0 | RX=0
10:10.899	ID:3	[DATA_SEND] TS=610001 | ID=3 | SEQ=61
10:10.899	ID:3	[WARN: IPv6 Route] No route found
10:10.899	ID:3	[WARN: IPv6 Route] No route found
10:10.923	ID:1	[DATA_RECV] TS=610542 | SRC=3 | SEQ=61 | DELAY_MS=541
10:20.236	ID:2	[NODE_STAT] TS=620001 | ID=2 | OF=0 | PRNT=1 | RANK=512 | PCHG=1 | CPU=620000000 | LPM=0 | TX=0 | RX=0
10:20.236	ID:2	[DATA_SEND] TS=620001 | ID=2 | SEQ=62
10:20.236	ID:2	[WARN: IPv6 Route] No route found
10:20.236	ID:2	[WARN: IPv6 Route] No route found
10:20.244	ID:1	[DATA_RECV] TS=619863 | SRC=2 | SEQ=62 | DELAY_MS=0
10:20.348	ID:4	[NODE_STAT] TS=620001 | ID=4 | OF=0 | PRNT=3 | RANK=768 | PCHG=1 | CPU=620000000 | LPM=0 | TX=0 | RX=0
10:20.348	ID:4	[DATA_SEND] TS=620001 | ID=4 | SEQ=62
10:20.348	ID:4	[WARN: IPv6 Route] No route found
10:20.348	ID:4	[WARN: IPv6 Route] No route found
10:20.389	ID:3	[WARN: IPv6 Route] No route found
10:20.389	ID:3	[WARN: IPv6 Route] No route found
10:20.427	ID:1	[DATA_RECV] TS=620046 | SRC=4 | SEQ=62 | DELAY_MS=45
10:20.715	ID:5	[NODE_STAT] TS=620001 | ID=5 | OF=0 | PRNT=2 | RANK=768 | PCHG=1 | CPU=620000000 | LPM=0 | TX=0 | RX=0
10:20.715	ID:5	[DATA_SEND] TS=620001 | ID=5 | SEQ=62
10:20.715	ID:5	[WARN: IPv6 Route] No route found
10:20.715	ID:5	[WARN: IPv6 Route] No route found
10:20.744	ID:2	[WARN: IPv6 Route] No route found
10:20.744	ID:2	[WARN: IPv6 Route] No route found
10:20.853	ID:1	[DATA_RECV] TS=620472 | SRC=5 | SEQ=62 | DELAY_MS=471
10:20.899	ID:3	[NODE_STAT] TS=620001 | ID=3 | OF=0 | PRNT=1 | RANK=512 | PCHG=1 | CPU=620000000 | LPM=0 | TX=0 | RX=0
10:20.899	ID:3	[DATA_SEND] TS=620001 | ID=3 | SEQ=62
10:20.899	ID:3	[WARN: IPv6 Route] No route found
10:20.899	ID:3	[WARN: IPv6 Route] No route found
10:20.903	ID:1	[DATA_RECV] TS=620522 | SRC=3 | SEQ=62 | DELAY_MS=521
10:30.236	ID:2	[NODE_STAT] TS=630001 | ID=2 | OF=0 | PRNT=1 | RANK=512 | PCHG=1 | CPU=630000000 | LPM=0 | TX=0 | RX=0
10:30.236	ID:2	[DATA_SEND] TS=630001 | ID=2 | SEQ=63
10:30.236	ID:2	[WARN: IPv6 Route] No route found
10:30.236	ID:2	[WARN: IPv6 Route] No route found
10:30.265	ID:1	[DATA_RECV] TS=629884 | SRC=2 | SEQ=63 | DELAY_MS=0
10:30.348	ID:4	[NODE_STAT] TS=630001 | ID=4 | OF=0 | PRNT=3 | RANK=768 | PCHG=1 | CPU=630000000 | LPM=0 | TX=0 | RX=0
10:30.348	ID:4	[DATA_SEND] TS=630001 | ID=4 | SEQ=63
10:30.348	ID:4	[WARN: IPv6 Route] No route found
10:30.348	ID:4	[WARN: IPv6 Route] No route found
10:30.357	ID:3	[WARN: IPv6 Route] No route found
10:30.357	ID:3	[WARN: IPv6 Route] No route found
10:30.380	ID:1	[DATA_RECV] TS=629999 | SRC=4 | SEQ=63 | DELAY_MS=0
10:30.715	ID:5	[NODE_STAT] TS=630001 | ID=5 | OF=0 | PRNT=2 | RANK=768 | PCHG=1 | CPU=630000000 | LPM=0 | TX=0 | RX=0
10:30.715	ID:5	[DATA_SEND] TS=630001 | ID=5 | SEQ=63
10:30.715	ID:5	[WARN: IPv6 Route] No route found
10:30.715	ID:5	[WARN: IPv6 Route] No route found
10:30.759	ID:2	[WARN: IPv6 Route] No route found
10:30.759	ID:2	[WARN: IPv6 Route] No route found
10:30.899	ID:3	[NODE_STAT] TS=630001 | ID=3 | OF=0 | PRNT=1 | RANK=512 | PCHG=1 | CPU=630000000 | LPM=0 | TX=0 | RX=0
10:30.899	ID:3	[DATA_SEND] TS=630001 | ID=3 | SEQ=63
10:30.899	ID:3	[WARN: IPv6 Route] No route found
10:30.899	ID:3	[WARN: IPv6 Route] No route found
10:30.904	ID:1	[DATA_RECV] TS=630523 | SRC=5 | SEQ=63 | DELAY_MS=522
10:30.939	ID:1	[DATA_RECV] TS=630558 | SRC=3 | SEQ=63 | DELAY_MS=557
10:40.236	ID:2	[NODE_STAT] TS=640001 | ID=2 | OF=0 | PRNT=1 | RANK=512 | PCHG=1 | CPU=640000000 | LPM=0 | TX=0 | RX=0
10:40.236	ID:2	[DATA_SEND] TS=640001 | ID=2 | SEQ=64
10:40.236	ID:2	[WARN: IPv6 Route] No route found
10:40.236	ID:2	[WARN: IPv6 Route] No route found
10:40.261	ID:1	[DATA_RECV] TS=639880 | SRC=2 | SEQ=64 | DELAY_MS=0
10:40.348	ID:4	[NODE_STAT] TS=640001 | ID=4 | OF=0 | PRNT=3 | RANK=768 | PCHG=1 | CPU=640000000 | LPM=0 | TX=0 | RX=0
10:40.348	ID:4	[DATA_SEND] TS=640001 | ID=4 | SEQ=64
10:40.348	ID:4	[WARN: IPv6 Route] No route found
10:40.348	ID:4	[WARN: IPv6 Route] No route found
10:40.364	ID:3	[WARN: IPv6 Route] No route found
10:40.364	ID:3	[WARN: IPv6 Route] No route found
10:40.406	ID:1	[DATA_RECV] TS=640025 | SRC=4 | SEQ=64 | DELAY_MS=24
10:40.715	ID:5	[NODE_STAT] TS=640001 | ID=5 | OF=0 | PRNT=2 | RANK=768 | PCHG=1 | CPU=640000000 | LPM=0 | TX=0 | RX=0
10:40.715	ID:5	[DATA_SEND] TS=640001 | ID=5 | SEQ=64
10:40.715	ID:5	[WARN: IPv6 Route] No route found
10:40.715	ID:5	[WARN: IPv6 Route] No route found
10:40.735	ID:2	[WARN: IPv6 Route] No route found
10:40.735	ID:2	[WARN: IPv6 Route] No route found
10:40.849	ID:1	[DATA_RECV] TS=640468 | SRC=5 | SEQ=64 | DELAY_MS=467
10:40.899	ID:3	[NODE_STAT] TS=640001 | ID=3 | OF=0 | PRNT=1 | RANK=512 | PCHG=1 | CPU=640000000 | LPM=0 | TX=0 | RX=0
10:40.899	ID:3	[DATA_SEND] TS=640001 | ID=3 | SEQ=64
10:40.899	ID:3	[WARN: IPv6 Route] No route found
10:40.899	ID:3	[WARN: IPv6 Route] No route found
10:40.903	ID:1	[DATA_RECV] TS=640522 | SRC=3 | SEQ=64 | DELAY_MS=521
10:50.236	ID:2	[NODE_STAT] TS=650001 | ID=2 | OF=0 | PRNT=1 | RANK=512 | PCHG=1 | CPU=650000000 | LPM=0 | TX=0 | RX=0
10:50.236	ID:2	[DATA_SEND] TS=650001 | ID=2 | SEQ=65
10:50.236	ID:2	[WARN: IPv6 Route] No route found
10:50.236	ID:2	[WARN: IPv6 Route] No route found
10:50.324	ID:1	[DATA_RECV] TS=649943 | SRC=2 | SEQ=65 | DELAY_MS=0
10:50.348	ID:4	[NODE_STAT] TS=650001 | ID=4 | OF=0 | PRNT=3 | RANK=768 | PCHG=1 | CPU=650000000 | LPM=0 | TX=0 | RX=0
10:50.348	ID:4	[DATA_SEND] TS=650001 | ID=4 | SEQ=65
10:50.348	ID:4	[WARN: IPv6 Route] No route found
10:50.348	ID:4	[WARN: IPv6 Route] No route found
10:50.357	ID:3	[WARN: IPv6 Route] No route found
10:50.357	ID:3	[WARN: IPv6 Route] No route found
10:50.390	ID:1	[DATA_RECV] TS=650009 | SRC=4 | SEQ=65 | DELAY_MS=8
10:50.715	ID:5	[NODE_STAT] TS=650001 | ID=5 | OF=0 | PRNT=2 | RANK=768 | PCHG=1 | CPU=650000000 | LPM=0 | TX=0 | RX=0
10:50.715	ID:5	[DATA_SEND] TS=650001 | ID=5 | SEQ=65
10:50.715	ID:5	[WARN: IPv6 Route] No route found
10:50.715	ID:5	[WARN: IPv6 Route] No route found
10:50.747	ID:2	[WARN: IPv6 Route] No route found
10:50.747	ID:2	[WARN: IPv6 Route] No route found
10:50.828	ID:1	[DATA_RECV] TS=650447 | SRC=5 | SEQ=65 | DELAY_MS=446
10:50.899	ID:3	[NODE_STAT] TS=650001 | ID=3 | OF=0 | PRNT=1 | RANK=512 | PCHG=1 | CPU=650000000 | LPM=0 | TX=0 | RX=0
10:50.899	ID:3	[DATA_SEND] TS=650001 | ID=3 | SEQ=65
10:50.899	ID:3	[WARN: IPv6 Route] No route found
10:50.899	ID:3	[WARN: IPv6 Route] No route found
10:50.934	ID:1	[DATA_RECV] TS=650553 | SRC=3 | SEQ=65 | DELAY_MS=552
11:00.236	ID:2	[NODE_STAT] TS=660001 | ID=2 | OF=0 | PRNT=1 | RANK=512 | PCHG=1 | CPU=660000000 | LPM=0 | TX=0 | RX=0
11:00.236	ID:2	[DATA_SEND] TS=660001 | ID=2 | SEQ=66
11:00.236	ID:2	[WARN: IPv6 Route] No route found
11:00.236	ID:2	[WARN: IPv6 Route] No route found
11:00.268	ID:1	[DATA_RECV] TS=659887 | SRC=2 | SEQ=66 | DELAY_MS=0
11:00.348	ID:4	[NODE_STAT] TS=660001 | ID=4 | OF=0 | PRNT=3 | RANK=768 | PCHG=1 | CPU=660000000 | LPM=0 | TX=0 | RX=0
11:00.348	ID:4	[DATA_SEND] TS=660001 | ID=4 | SEQ=66
11:00.348	ID:4	[WARN: IPv6 Route] No route found
11:00.348	ID:4	[WARN: IPv6 Route] No route found
11:00.381	ID:3	[WARN: IPv6 Route] No route found
11:00.381	ID:3	[WARN: IPv6 Route] No route found
11:00.387	ID:1	[DATA_RECV] TS=660006 | SRC=4 | SEQ=66 | DELAY_MS=5
11:00.715	ID:5	[NODE_STAT] TS=660001 | ID=5 | OF=0 | PRNT=2 | RANK=768 | PCHG=1 | CPU=660000000 | LPM=0 | TX=0 | RX=0
11:00.715	ID:5	[DATA_SEND] TS=660001 | ID=5 | SEQ=66
11:00.715	ID:5	[WARN: IPv6 Route] No route found
11:00.715	ID:5	[WARN: IPv6 Route] No route found
11:00.728	ID:2	[WARN: IPv6 Route] No route found
11:00.728	ID:2	[WARN: IPv6 Route] No route found
11:00.899	ID:3	[NODE_STAT] TS=660001 | ID=3 | OF=0 | PRNT=1 | RANK=512 | PCHG=1 | CPU=660000000 | LPM=0 | TX=0 | RX=0
11:00.899	ID:3	[DATA_SEND] TS=660001 | ID=3 | SEQ=66
11:00.899	ID:3	[WARN: IPv6 Route] No route found
11:00.899	ID:3	[WARN: IPv6 Route] No route found
11:00.910	ID:1	[DATA_RECV] TS=660529 | SRC=3 | SEQ=66 | DELAY_MS=528
11:00.922	ID:1	[DATA_RECV] TS=660541 | SRC=5 | SEQ=66 | DELAY_MS=540
11:10.236	ID:2	[NODE_STAT] TS=670001 | ID=2 | OF=0 | PRNT=1 | RANK=512 | PCHG=1 | CPU=670000000 | LPM=0 | TX=0 | RX=0
11:10.236	ID:2	[DATA_SEND] TS=670001 | ID=2 | SEQ=67
11:10.236	ID:2	[WARN: IPv6 Route] No route found
11:10.236	ID:2	[WARN: IPv6 Route] No route found
11:10.270	ID:1	[DATA_RECV] TS=669889 | SRC=2 | SEQ=67 | DELAY_MS=0
11:10.348	ID:4	[NODE_STAT] TS=670001 | ID=4 | OF=0 | PRNT=3 | RANK=768 | PCHG=1 | CPU=670000000 | LPM=0 | TX=0 | RX=0
11:10.348	ID:4	[DATA_SEND] TS=670001 | ID=4 | SEQ=67
11:10.348	ID:4	[WARN: IPv6 Route] No route found
11:10.348	ID:4	[WARN: IPv6 Route] No route found
11:10.384	ID:3	[WARN: IPv6 Route] No route found
11:10.384	ID:3	[WARN: IPv6 Route] No route found
11:10.427	ID:1	[DATA_RECV] TS=670046 | SRC=4 | SEQ=67 | DELAY_MS=45
11:10.715	ID:5	[NODE_STAT] TS=670001 | ID=5 | OF=0 | PRNT=2 | RANK=768 | PCHG=1 | CPU=670000000 | LPM=0 | TX=0 | RX=0
11:10.715	ID:5	[DATA_SEND] TS=670001 | ID=5 | SEQ=67
11:10.715	ID:5	[WARN: IPv6 Route] No route found
11:10.715	ID:5	[WARN: IPv6 Route] No route found
11:10.748	ID:2	[WARN: IPv6 Route] No route found
11:10.748	ID:2	[WARN: IPv6 Route] No route found
11:10.759	ID:1	[DATA_RECV] TS=670378 | SRC=5 | SEQ=67 | DELAY_MS=377
11:10.899	ID:3	[NODE_STAT] TS=670001 | ID=3 | OF=0 | PRNT=1 | RANK=512 | PCHG=1 | CPU=670000000 | LPM=0 | TX=0 | RX=0
11:10.899	ID:3	[DATA_SEND] TS=670001 | ID=3 | SEQ=67
11:10.899	ID:3	[WARN: IPv6 Route] No route found
11:10.899	ID:3	[WARN: IPv6 Route] No route found
11:10.908	ID:1	[DATA_RECV] TS=670527 | SRC=3 | SEQ=67 | DELAY_MS=526
11:20.236	ID:2	[NODE_STAT] TS=680001 | ID=2 | OF=0 | PRNT=1 | RANK=512 | PCHG=1 | CPU=680000000 | LPM=0 | TX=0 | RX=0
11:20.236	ID:2	[DATA_SEND] TS=680001 | ID=2 | SEQ=68
11:20.236	ID:2	[WARN: IPv6 Route] No route found
11:20.236	ID:2	[WARN: IPv6 Route] No route found
11:20.348	ID:4	[NODE_STAT] TS=680001 | ID=4 | OF=0 | PRNT=3 | RANK=768 | PCHG=1 | CPU=680000000 | LPM=0 | TX=0 | RX=0
11:20.348	ID:4	[DATA_SEND] TS=680001 | ID=4 | SEQ=68
11:20.348	ID:4	[WARN: IPv6 Route] No route found
11:20.348	ID:4	[WARN: IPv6 Route] No route found
11:20.357	ID:3	[WARN: IPv6 Route] No route found
11:20.357	ID:3	[WARN: IPv6 Route] No route found
11:20.369	ID:1	[DATA_RECV] TS=679988 | SRC=2 | SEQ=68 | DELAY_MS=0
11:20.399	ID:1	[DATA_RECV] TS=680018 | SRC=4 | SEQ=68 | DELAY_MS=17
11:20.715	ID:5	[NODE_STAT] TS=680001 | ID=5 | OF=0 | PRNT=2 | RANK=768 | PCHG=1 | CPU=680000000 | LPM=0 | TX=0 | RX=0
11:20.715	ID:5	[DATA_SEND] TS=680001 | ID=5 | SEQ=68
11:20.715	ID:5	[WARN: IPv6 Route] No route found
11:20.715	ID:5	[WARN: IPv6 Route] No route found
11:20.744	ID:2	[WARN: IPv6 Route] No route found
11:20.744	ID:2	[WARN: IPv6 Route] No route found
11:20.850	ID:1	[DATA_RECV] TS=680469 | SRC=5 | SEQ=68 | DELAY_MS=468
11:20.899	ID:3	[NODE_STAT] TS=680001 | ID=3 | OF=0 | PRNT=1 | RANK=512 | PCHG=1 | CPU=680000000 | LPM=0 | TX=0 | RX=0
11:20.899	ID:3	[DATA_SEND] TS=680001 | ID=3 | SEQ=68
11:20.899	ID:3	[WARN: IPv6 Route] No route found
11:20.899	ID:3	[WARN: IPv6 Route] No route found
11:20.932	ID:1	[DATA_RECV] TS=680551 | SRC=3 | SEQ=68 | DELAY_MS=550
11:30.236	ID:2	[NODE_STAT] TS=690001 | ID=2 | OF=0 | PRNT=1 | RANK=512 | PCHG=1 | CPU=690000000 | LPM=0 | TX=0 | RX=0
11:30.236	ID:2	[DATA_SEND] TS=690001 | ID=2 | SEQ=69
11:30.236	ID:2	[WARN: IPv6 Route] No route found
11:30.236	ID:2	[WARN: IPv6 Route] No route found
11:30.244	ID:1	[DATA_RECV] TS=689863 | SRC=2 | SEQ=69 | DELAY_MS=0
11:30.348	ID:4	[NODE_STAT] TS=690001 | ID=4 | OF=0 | PRNT=3 | RANK=768 | PCHG=1 | CPU=690000000 | LPM=0 | TX=0 | RX=0
11:30.348	ID:4	[DATA_SEND] TS=690001 | ID=4 | SEQ=69
11:30.348	ID:4	[WARN: IPv6 Route] No route found
11:30.348	ID:4	[WARN: IPv6 Route] No route found
11:30.383	ID:3	[WARN: IPv6 Route] No route found
11:30.383	ID:3	[WARN: IPv6 Route] No route found
11:30.423	ID:1	[DATA_RECV] TS=690042 | SRC=4 | SEQ=69 | DELAY_MS=41
11:30.715	ID:5	[NODE_STAT] TS=690001 | ID=5 | OF=0 | PRNT=2 | RANK=768 | PCHG=1 | CPU=690000000 | LPM=0 | TX=0 | RX=0
11:30.715	ID:5	[DATA_SEND] TS=690001 | ID=5 | SEQ=69
11:30.715	ID:5	[WARN: IPv6 Route] No route found
11:30.715	ID:5	[WARN: IPv6 Route] No route found
11:30.758	ID:2	[WARN: IPv6 Route] No route found
11:30.758	ID:2	[WARN: IPv6 Route] No route found
11:30.785	ID:1	[DATA_RECV] TS=690404 | SRC=5 | SEQ=69 | DELAY_MS=403
11:30.899	ID:3	[NODE_STAT] TS=690001 | ID=3 | OF=0 | PRNT=1 | RANK=512 | PCHG=1 | CPU=690000000 | LPM=0 | TX=0 | RX=0
11:30.899	ID:3	[DATA_SEND] TS=690001 | ID=3 | SEQ=69
11:30.899	ID:3	[WARN: IPv6 Route] No route found
11:30.899	ID:3	[WARN: IPv6 Route] No route found
11:30.908	ID:1	[DATA_RECV] TS=690527 | SRC=3 | SEQ=69 | DELAY_MS=526
11:40.236	ID:2	[NODE_STAT] TS=700001 | ID=2 | OF=0 | PRNT=1 | RANK=512 | PCHG=1 | CPU=700000000 | LPM=0 | TX=0 | RX=0
11:40.236	ID:2	[DATA_SEND] TS=700001 | ID=2 | SEQ=70
11:40.236	ID:2	[WARN: IPv6 Route] No route found
11:40.236	ID:2	[WARN: IPv6 Route] No route found
11:40.348	ID:4	[NODE_STAT] TS=700001 | ID=4 | OF=0 | PRNT=3 | RANK=768 | PCHG=1 | CPU=700000000 | LPM=0 | TX=0 | RX=0
11:40.348	ID:4	[DATA_SEND] TS=700001 | ID=4 | SEQ=70
11:40.348	ID:4	[WARN: IPv6 Route] No route found
11:40.348	ID:4	[WARN: IPv6 Route] No route found
11:40.354	ID:1	[DATA_RECV] TS=699973 | SRC=2 | SEQ=70 | DELAY_MS=0
11:40.365	ID:3	[WARN: IPv6 Route] No route found
11:40.365	ID:3	[WARN: IPv6 Route] No route found
11:40.379	ID:1	[DATA_RECV] TS=699998 | SRC=4 | SEQ=70 | DELAY_MS=0
11:40.715	ID:5	[NODE_STAT] TS=700001 | ID=5 | OF=0 | PRNT=2 | RANK=768 | PCHG=1 | CPU=700000000 | LPM=0 | TX=0 | RX=0
11:40.715	ID:5	[DATA_SEND] TS=700001 | ID=5 | SEQ=70
11:40.715	ID:5	[WARN: IPv6 Route] No route found
11:40.715	ID:5	[WARN: IPv6 Route] No route found
11:40.755	ID:2	[WARN: IPv6 Route] No route found
11:40.755	ID:2	[WARN: IPv6 Route] No route found
11:40.767	ID:1	[DATA_RECV] TS=700386 | SRC=5 | SEQ=70 | DELAY_MS=385
11:40.899	ID:3	[NODE_STAT] TS=700001 | ID=3 | OF=0 | PRNT=1 | RANK=512 | PCHG=1 | CPU=700000000 | LPM=0 | TX=0 | RX=0
11:40.899	ID:3	[DATA_SEND] TS=700001 | ID=3 | SEQ=70
11:40.899	ID:3	[WARN: IPv6 Route] No route found
11:40.899	ID:3	[WARN: IPv6 Route] No route found
11:40.943	ID:1	[DATA_RECV] TS=700562 | SRC=3 | SEQ=70 | DELAY_MS=561
11:50.236	ID:2	[NODE_STAT] TS=710001 | ID=2 | OF=0 | PRNT=1 | RANK=512 | PCHG=1 | CPU=710000000 | LPM=0 | TX=0 | RX=0
11:50.236	ID:2	[DATA_SEND] TS=710001 | ID=2 | SEQ=71
11:50.236	ID:2	[WARN: IPv6 Route] No route found
11:50.236	ID:2	[WARN: IPv6 Route] No route found
11:50.312	ID:1	[DATA_RECV] TS=709931 | SRC=2 | SEQ=71 | DELAY_MS=0
11:50.348	ID:4	[NODE_STAT] TS=710001 | ID=4 | OF=0 | PRNT=3 | RANK=768 | PCHG=1 | CPU=710000000 | LPM=0 | TX=0 | RX=0
11:50.348	ID:4	[DATA_SEND] TS=710001 | ID=4 | SEQ=71
11:50.348	ID:4	[WARN: IPv6 Route] No route found
11:50.348	ID:4	[WARN: IPv6 Route] No route found
11:50.360	ID:3	[WARN: IPv6 Route] No route found
11:50.360	ID:3	[WARN: IPv6 Route] No route found
11:50.377	ID:1	[DATA_RECV] TS=709996 | SRC=4 | SEQ=71 | DELAY_MS=0
11:50.715	ID:5	[NODE_STAT] TS=710001 | ID=5 | OF=0 | PRNT=2 | RANK=768 | PCHG=1 | CPU=710000000 | LPM=0 | TX=0 | RX=0
11:50.715	ID:5	[DATA_SEND] TS=710001 | ID=5 | SEQ=71
11:50.715	ID:5	[WARN: IPv6 Route] No route found
11:50.715	ID:5	[WARN: IPv6 Route] No route found
11:50.759	ID:2	[WARN: IPv6 Route] No route found
11:50.759	ID:2	[WARN: IPv6 Route] No route found
11:50.804	ID:1	[DATA_RECV] TS=710423 | SRC=5 | SEQ=71 | DELAY_MS=422
11:50.899	ID:3	[NODE_STAT] TS=710001 | ID=3 | OF=0 | PRNT=1 | RANK=512 | PCHG=1 | CPU=710000000 | LPM=0 | TX=0 | RX=0
11:50.899	ID:3	[DATA_SEND] TS=710001 | ID=3 | SEQ=71
11:50.899	ID:3	[WARN: IPv6 Route] No route found
11:50.899	ID:3	[WARN: IPv6 Route] No route found
11:50.944	ID:1	[DATA_RECV] TS=710563 | SRC=3 | SEQ=71 | DELAY_MS=562
12:00.236	ID:2	[NODE_STAT] TS=720001 | ID=2 | OF=0 | PRNT=1 | RANK=512 | PCHG=1 | CPU=720000000 | LPM=0 | TX=0 | RX=0
12:00.236	ID:2	[DATA_SEND] TS=720001 | ID=2 | SEQ=72
12:00.236	ID:2	[WARN: IPv6 Route] No route found
12:00.236	ID:2	[WARN: IPv6 Route] No route found
12:00.263	ID:1	[DATA_RECV] TS=719882 | SRC=2 | SEQ=72 | DELAY_MS=0
12:00.348	ID:4	[NODE_STAT] TS=720001 | ID=4 | OF=0 | PRNT=3 | RANK=768 | PCHG=1 | CPU=720000000 | LPM=0 | TX=0 | RX=0
12:00.348	ID:4	[DATA_SEND] TS=720001 | ID=4 | SEQ=72
12:00.348	ID:4	[WARN: IPv6 Route] No route found
12:00.348	ID:4	[WARN: IPv6 Route] No route found
12:00.366	ID:3	[WARN: IPv6 Route] No route found
12:00.366	ID:3	[WARN: IPv6 Route] No route found
12:00.404	ID:1	[DATA_RECV] TS=720023 | SRC=4 | SEQ=72 | DELAY_MS=22
12:00.715	ID:5	[NODE_STAT] TS=720001 | ID=5 | OF=0 | PRNT=2 | RANK=768 | PCHG=1 | CPU=720000000 | LPM=0 | TX=0 | RX=0
12:00.715	ID:5	[DATA_SEND] TS=720001 | ID=5 | SEQ=72
12:00.715	ID:5	[WARN: IPv6 Route] No route found
12:00.715	ID:5	[WARN: IPv6 Route] No route found
12:00.749	ID:2	[WARN: IPv6 Route] No route found
12:00.749	ID:2	[WARN: IPv6 Route] No route found
12:00.855	ID:1	[DATA_RECV] TS=720474 | SRC=5 | SEQ=72 | DELAY_MS=473
12:00.899	ID:3	[NODE_STAT] TS=720001 | ID=3 | OF=0 | PRNT=1 | RANK=512 | PCHG=1 | CPU=720000000 | LPM=0 | TX=0 | RX=0
12:00.899	ID:3	[DATA_SEND] TS=720001 | ID=3 | SEQ=72
12:00.899	ID:3	[WARN: IPv6 Route] No route found
12:00.899	ID:3	[WARN: IPv6 Route] No route found
12:00.928	ID:1	[DATA_RECV] TS=720547 | SRC=3 | SEQ=72 | DELAY_MS=546
12:10.236	ID:2	[NODE_STAT] TS=730001 | ID=2 | OF=0 | PRNT=1 | RANK=512 | PCHG=1 | CPU=730000000 | LPM=0 | TX=0 | RX=0
12:10.236	ID:2	[DATA_SEND] TS=730001 | ID=2 | SEQ=73
12:10.236	ID:2	[WARN: IPv6 Route] No route found
12:10.236	ID:2	[WARN: IPv6 Route] No route found
12:10.262	ID:1	[DATA_RECV] TS=729881 | SRC=2 | SEQ=73 | DELAY_MS=0
12:10.348	ID:4	[NODE_STAT] TS=730001 | ID=4 | OF=0 | PRNT=3 | RANK=768 | PCHG=1 | CPU=730000000 | LPM=0 | TX=0 | RX=0
12:10.348	ID:4	[DATA_SEND] TS=730001 | ID=4 | SEQ=73
12:10.348	ID:4	[WARN: IPv6 Route] No route found
12:10.348	ID:4	[WARN: IPv6 Route] No route found
12:10.352	ID:3	[WARN: IPv6 Route] No route found
12:10.352	ID:3	[WARN: IPv6 Route] No route found
12:10.398	ID:1	[DATA_RECV] TS=730017 | SRC=4 | SEQ=73 | DELAY_MS=16
12:10.715	ID:5	[NODE_STAT] TS=730001 | ID=5 | OF=0 | PRNT=2 | RANK=768 | PCHG=1 | CPU=730000000 | LPM=0 | TX=0 | RX=0
12:10.715	ID:5	[DATA_SEND] TS=730001 | ID=5 | SEQ=73
12:10.715	ID:5	[WARN: IPv6 Route] No route found
12:10.715	ID:5	[WARN: IPv6 Route] No route found
12:10.756	ID:2	[WARN: IPv6 Route] No route found
12:10.756	ID:2	[WARN: IPv6 Route] No route found
12:10.899	ID:3	[NODE_STAT] TS=730001 | ID=3 | OF=0 | PRNT=1 | RANK=512 | PCHG=1 | CPU=730000000 | LPM=0 | TX=0 | RX=0
12:10.899	ID:3	[DATA_SEND] TS=730001 | ID=3 | SEQ=73
12:10.899	ID:3	[WARN: IPv6 Route] No route found
12:10.899	ID:3	[WARN: IPv6 Route] No route found
12:10.918	ID:1	[DATA_RECV] TS=730537 | SRC=3 | SEQ=73 | DELAY_MS=536
12:10.928	ID:1	[DATA_RECV] TS=730547 | SRC=5 | SEQ=73 | DELAY_MS=546
12:20.236	ID:2	[NODE_STAT] TS=740001 | ID=2 | OF=0 | PRNT=1 | RANK=512 | PCHG=1 | CPU=740000000 | LPM=0 | TX=0 | RX=0
12:20.236	ID:2	[DATA_SEND] TS=740001 | ID=2 | SEQ=74
12:20.236	ID:2	[WARN: IPv6 Route] No route found
12:20.236	ID:2	[WARN: IPv6 Route] No route found
12:20.295	ID:1	[DATA_RECV] TS=739914 | SRC=2 | SEQ=74 | DELAY_MS=0
12:20.348	ID:4	[NODE_STAT] TS=740001 | ID=4 | OF=0 | PRNT=3 | RANK=768 | PCHG=1 | CPU=740000000 | LPM=0 | TX=0 | RX=0
12:20.348	ID:4	[DATA_SEND] TS=740001 | ID=4 | SEQ=74
12:20.348	ID:4	[WARN: IPv6 Route] No route found
12:20.348	ID:4	[WARN: IPv6 Route] No route found
12:20.388	ID:3	[WARN: IPv6 Route] No route found
12:20.388	ID:3	[WARN: IPv6 Route] No route found
12:20.408	ID:1	[DATA_RECV] TS=740027 | SRC=4 | SEQ=74 | DELAY_MS=26
12:20.715	ID:5	[NODE_STAT] TS=740001 | ID=5 | OF=0 | PRNT=2 | RANK=768 | PCHG=1 | CPU=740000000 | LPM=0 | TX=0 | RX=0
12:20.715	ID:5	[DATA_SEND] TS=740001 | ID=5 | SEQ=74
12:20.715	ID:5	[WARN: IPv6 Route] No route found
12:20.715	ID:5	[WARN: IPv6 Route] No route found
12:20.726	ID:2	[WARN: IPv6 Route] No route found
12:20.726	ID:2	[WARN: IPv6 Route] No route found
12:20.770	ID:1	[DATA_RECV] TS=740389 | SRC=5 | SEQ=74 | DELAY_MS=388
12:20.899	ID:3	[NODE_STAT] TS=740001 | ID=3 | OF=0 | PRNT=1 | RANK=512 | PCHG=1 | CPU=740000000 | LPM=0 | TX=0 | RX=0
12:20.899	ID:3	[DATA_SEND] TS=740001 | ID=3 | SEQ=74
12:20.899	ID:3	[WARN: IPv6 Route] No route found
12:20.899	ID:3	[WARN: IPv6 Route] No route found
12:20.917	ID:1	[DATA_RECV] TS=740536 | SRC=3 | SEQ=74 | DELAY_MS=535
12:30.236	ID:2	[NODE_STAT] TS=750001 | ID=2 | OF=0 | PRNT=1 | RANK=512 | PCHG=1 | CPU=750000000 | LPM=0 | TX=0 | RX=0
12:30.236	ID:2	[DATA_SEND] TS=750001 | ID=2 | SEQ=75
12:30.236	ID:2	[WARN: IPv6 Route] No route found
12:30.236	ID:2	[WARN: IPv6 Route] No route found
12:30.269	ID:1	[DATA_RECV] TS=749888 | SRC=2 | SEQ=75 | DELAY_MS=0
12:30.348	ID:4	[NODE_STAT] TS=750001 | ID=4 | OF=0 | PRNT=3 | RANK=768 | PCHG=1 | CPU=750000000 | LPM=0 | TX=0 | RX=0
12:30.348	ID:4	[DATA_SEND] TS=750001 | ID=4 | SEQ=75
12:30.348	ID:4	[WARN: IPv6 Route] No route found
12:30.348	ID:4	[WARN: IPv6 Route] No route found
12:30.355	ID:3	[WARN: IPv6 Route] No route found
12:30.355	ID:3	[WARN: IPv6 Route] No route found
12:30.372	ID:1	[DATA_RECV] TS=749991 | SRC=4 | SEQ=75 | DELAY_MS=0
12:30.715	ID:5	[NODE_STAT] TS=750001 | ID=5 | OF=0 | PRNT=2 | RANK=768 | PCHG=1 | CPU=750000000 | LPM=0 | TX=0 | RX=0
12:30.715	ID:5	[DATA_SEND] TS=750001 | ID=5 | SEQ=75
12:30.715	ID:5	[WARN: IPv6 Route] No route found
12:30.715	ID:5	[WARN: IPv6 Route] No route found
12:30.745	ID:2	[WARN: IPv6 Route] No route found
12:30.745	ID:2	[WARN: IPv6 Route] No route found
12:30.762	ID:1	[DATA_RECV] TS=750381 | SRC=5 | SEQ=75 | DELAY_MS=380
12:30.899	ID:3	[NODE_STAT] TS=750001 | ID=3 | OF=0 | PRNT=1 | RANK=512 | PCHG=1 | CPU=750000000 | LPM=0 | TX=0 | RX=0
12:30.899	ID:3	[DATA_SEND] TS=750001 | ID=3 | SEQ=75
12:30.899	ID:3	[WARN: IPv6 Route] No route found
12:30.899	ID:3	[WARN: IPv6 Route] No route found
12:30.937	ID:1	[DATA_RECV] TS=750556 | SRC=3 | SEQ=75 | DELAY_MS=555
12:40.236	ID:2	[NODE_STAT] TS=760001 | ID=2 | OF=0 | PRNT=1 | RANK=512 | PCHG=1 | CPU=760000000 | LPM=0 | TX=0 | RX=0
12:40.236	ID:2	[DATA_SEND] TS=760001 | ID=2 | SEQ=76
12:40.236	ID:2	[WARN: IPv6 Route] No route found
12:40.236	ID:2	[WARN: IPv6 Route] No route found
12:40.275	ID:1	[DATA_RECV] TS=759894 | SRC=2 | SEQ=76 | DELAY_MS=0
12:40.348	ID:4	[NODE_STAT] TS=760001 | ID=4 | OF=0 | PRNT=3 | RANK=768 | PCHG=1 | CPU=760000000 | LPM=0 | TX=0 | RX=0
12:40.348	ID:4	[DATA_SEND] TS=760001 | ID=4 | SEQ=76
12:40.348	ID:4	[WARN: IPv6 Route] No route found
12:40.348	ID:4	[WARN: IPv6 Route] No route found
12:40.381	ID:3	[WARN: IPv6 Route] No route found
12:40.381	ID:3	[WARN: IPv6 Route] No route found
12:40.402	ID:1	[DATA_RECV] TS=760021 | SRC=4 | SEQ=76 | DELAY_MS=20
12:40.715	ID:5	[NODE_STAT] TS=760001 | ID=5 | OF=0 | PRNT=2 | RANK=768 | PCHG=1 | CPU=760000000 | LPM=0 | TX=0 | RX=0
12:40.715	ID:5	[DATA_SEND] TS=760001 | ID=5 | SEQ=76
12:40.715	ID:5	[WARN: IPv6 Route] No route found
12:40.715	ID:5	[WARN: IPv6 Route] No route found
12:40.754	ID:2	[WARN: IPv6 Route] No route found
12:40.754	ID:2	[WARN: IPv6 Route] No route found
12:40.863	ID:1	[DATA_RECV] TS=760482 | SRC=5 | SEQ=76 | DELAY_MS=481
12:40.899	ID:3	[NODE_STAT] TS=760001 | ID=3 | OF=0 | PRNT=1 | RANK=512 | PCHG=1 | CPU=760000000 | LPM=0 | TX=0 | RX=0
12:40.899	ID:3	[DATA_SEND] TS=760001 | ID=3 | SEQ=76
12:40.899	ID:3	[WARN: IPv6 Route] No route found
12:40.899	ID:3	[WARN: IPv6 Route] No route found
12:40.908	ID:1	[DATA_RECV] TS=760527 | SRC=3 | SEQ=76 | DELAY_MS=526
12:50.236	ID:2	[NODE_STAT] TS=770001 | ID=2 | OF=0 | PRNT=1 | RANK=512 | PCHG=1 | CPU=770000000 | LPM=0 | TX=0 | RX=0
12:50.236	ID:2	[DATA_SEND] TS=770001 | ID=2 | SEQ=77
12:50.236	ID:2	[WARN: IPv6 Route] No route found
12:50.236	ID:2	[WARN: IPv6 Route] No route found
12:50.287	ID:1	[DATA_RECV] TS=769906 | SRC=2 | SEQ=77 | DELAY_MS=0
12:50.348	ID:4	[NODE_STAT] TS=770001 | ID=4 | OF=0 | PRNT=3 | RANK=768 | PCHG=1 | CPU=770000000 | LPM=0 | TX=0 | RX=0
12:50.348	ID:4	[DATA_SEND] TS=770001 | ID=4 | SEQ=77
12:50.348	ID:4	[WARN: IPv6 Route] No route found
12:50.348	ID:4	[WARN: IPv6 Route] No route found
12:50.354	ID:3	[WARN: IPv6 Route] No route found
12:50.354	ID:3	[WARN: IPv6 Route] No route found
12:50.367	ID:1	[DATA_RECV] TS=769986 | SRC=4 | SEQ=77 | DELAY_MS=0
12:50.715	ID:5	[NODE_STAT] TS=770001 | ID=5 | OF=0 | PRNT=2 | RANK=768 | PCHG=1 | CPU=770000000 | LPM=0 | TX=0 | RX=0
12:50.715	ID:5	[DATA_SEND] TS=770001 | ID=5 | SEQ=77
12:50.715	ID:5	[WARN: IPv6 Route] No route found
12:50.715	ID:5	[WARN: IPv6 Route] No route found
12:50.741	ID:2	[WARN: IPv6 Route] No route found
12:50.741	ID:2	[WARN: IPv6 Route] No route found
12:50.765	ID:1	[DATA_RECV] TS=770384 | SRC=5 | SEQ=77 | DELAY_MS=383
12:50.899	ID:3	[NODE_STAT] TS=770001 | ID=3 | OF=0 | PRNT=1 | RANK=512 | PCHG=1 | CPU=770000000 | LPM=0 | TX=0 | RX=0
12:50.899	ID:3	[DATA_SEND] TS=770001 | ID=3 | SEQ=77
12:50.899	ID:3	[WARN: IPv6 Route] No route found
12:50.899	ID:3	[WARN: IPv6 Route] No route found
12:50.939	ID:1	[DATA_RECV] TS=770558 | SRC=3 | SEQ=77 | DELAY_MS=557
13:00.236	ID:2	[NODE_STAT] TS=780001 | ID=2 | OF=0 | PRNT=1 | RANK=512 | PCHG=1 | CPU=780000000 | LPM=0 | TX=0 | RX=0
13:00.236	ID:2	[DATA_SEND] TS=780001 | ID=2 | SEQ=78
13:00.236	ID:2	[WARN: IPv6 Route] No route found
13:00.236	ID:2	[WARN: IPv6 Route] No route found
13:00.273	ID:1	[DATA_RECV] TS=779892 | SRC=2 | SEQ=78 | DELAY_MS=0
13:00.348	ID:4	[NODE_STAT] TS=780001 | ID=4 | OF=0 | PRNT=3 | RANK=768 | PCHG=1 | CPU=780000000 | LPM=0 | TX=0 | RX=0
13:00.348	ID:4	[DATA_SEND] TS=780001 | ID=4 | SEQ=78
13:00.348	ID:4	[WARN: IPv6 Route] No route found
13:00.348	ID:4	[WARN: IPv6 Route] No route found
13:00.391	ID:3	[WARN: IPv6 Route] No route found
13:00.391	ID:3	[WARN: IPv6 Route] No route found
13:00.436	ID:1	[DATA_RECV] TS=780055 | SRC=4 | SEQ=78 | DELAY_MS=54
13:00.715	ID:5	[NODE_STAT] TS=780001 | ID=5 | OF=0 | PRNT=2 | RANK=768 | PCHG=1 | CPU=780000000 | LPM=0 | TX=0 | RX=0
13:00.715	ID:5	[DATA_SEND] TS=780001 | ID=5 | SEQ=78
13:00.715	ID:5	[WARN: IPv6 Route] No route found
13:00.715	ID:5	[WARN: IPv6 Route] No route found
13:00.748	ID:2	[WARN: IPv6 Route] No route found
13:00.748	ID:2	[WARN: IPv6 Route] No route found
13:00.775	ID:1	[DATA_RECV] TS=780394 | SRC=5 | SEQ=78 | DELAY_MS=393
13:00.899	ID:3	[NODE_STAT] TS=780001 | ID=3 | OF=0 | PRNT=1 | RANK=512 | PCHG=1 | CPU=780000000 | LPM=0 | TX=0 | RX=0
13:00.899	ID:3	[DATA_SEND] TS=780001 | ID=3 | SEQ=78
13:00.899	ID:3	[WARN: IPv6 Route] No route found
13:00.899	ID:3	[WARN: IPv6 Route] No route found
13:00.919	ID:1	[DATA_RECV] TS=780538 | SRC=3 | SEQ=78 | DELAY_MS=537
13:10.236	ID:2	[NODE_STAT] TS=790001 | ID=2 | OF=0 | PRNT=1 | RANK=512 | PCHG=1 | CPU=790000000 | LPM=0 | TX=0 | RX=0
13:10.236	ID:2	[DATA_SEND] TS=790001 | ID=2 | SEQ=79
13:10.236	ID:2	[WARN: IPv6 Route] No route found
13:10.236	ID:2	[WARN: IPv6 Route] No route found
13:10.335	ID:1	[DATA_RECV] TS=789954 | SRC=2 | SEQ=79 | DELAY_MS=0
13:10.348	ID:4	[NODE_STAT] TS=790001 | ID=4 | OF=0 | PRNT=3 | RANK=768 | PCHG=1 | CPU=790000000 | LPM=0 | TX=0 | RX=0
13:10.348	ID:4	[DATA_SEND] TS=790001 | ID=4 | SEQ=79
13:10.348	ID:4	[WARN: IPv6 Route] No route found
13:10.348	ID:4	[WARN: IPv6 Route] No route found
13:10.382	ID:3	[WARN: IPv6 Route] No route found
13:10.382	ID:3	[WARN: IPv6 Route] No route found
13:10.391	ID:1	[DATA_RECV] TS=790010 | SRC=4 | SEQ=79 | DELAY_MS=9
13:10.715	ID:5	[NODE_STAT] TS=790001 | ID=5 | OF=0 | PRNT=2 | RANK=768 | PCHG=1 | CPU=790000000 | LPM=0 | TX=0 | RX=0
13:10.715	ID:5	[DATA_SEND] TS=790001 | ID=5 | SEQ=79
13:10.715	ID:5	[WARN: IPv6 Route] No route found
13:10.715	ID:5	[WARN: IPv6 Route] No route found
13:10.722	ID:2	[WARN: IPv6 Route] No route found
13:10.722	ID:2	[WARN: IPv6 Route] No route found
13:10.730	ID:1	[DATA_RECV] TS=790349 | SRC=5 | SEQ=79 | DELAY_MS=348
13:10.899	ID:3	[NODE_STAT] TS=790001 | ID=3 | OF=0 | PRNT=1 | RANK=512 | PCHG=1 | CPU=790000000 | LPM=0 | TX=0 | RX=0
13:10.899	ID:3	[DATA_SEND] TS=790001 | ID=3 | SEQ=79
13:10.899	ID:3	[WARN: IPv6 Route] No route found
13:10.899	ID:3	[WARN: IPv6 Route] No route found
13:10.915	ID:1	[DATA_RECV] TS=790534 | SRC=3 | SEQ=79 | DELAY_MS=533
13:20.236	ID:2	[NODE_STAT] TS=800001 | ID=2 | OF=0 | PRNT=1 | RANK=512 | PCHG=1 | CPU=800000000 | LPM=0 | TX=0 | RX=0
13:20.236	ID:2	[DATA_SEND] TS=800001 | ID=2 | SEQ=80
13:20.236	ID:2	[WARN: IPv6 Route] No route found
13:20.236	ID:2	[WARN: IPv6 Route] No route found
13:20.260	ID:1	[DATA_RECV] TS=799879 | SRC=2 | SEQ=80 | DELAY_MS=0
13:20.348	ID:4	[NODE_STAT] TS=800001 | ID=4 | OF=0 | PRNT=3 | RANK=768 | PCHG=1 | CPU=800000000 | LPM=0 | TX=0 | RX=0
13:20.348	ID:4	[DATA_SEND] TS=800001 | ID=4 | SEQ=80
13:20.348	ID:4	[WARN: IPv6 Route] No route found
13:20.348	ID:4	[WARN: IPv6 Route] No route found
13:20.383	ID:3	[WARN: IPv6 Route] No route found
13:20.383	ID:3	[WARN: IPv6 Route] No route found
13:20.424	ID:1	[DATA_RECV] TS=800043 | SRC=4 | SEQ=80 | DELAY_MS=42
13:20.715	ID:5	[NODE_STAT] TS=800001 | ID=5 | OF=0 | PRNT=2 | RANK=768 | PCHG=1 | CPU=800000000 | LPM=0 | TX=0 | RX=0
13:20.715	ID:5	[DATA_SEND] TS=800001 | ID=5 | SEQ=80
13:20.715	ID:5	[WARN: IPv6 Route] No route found
13:20.715	ID:5	[WARN: IPv6 Route] No route found
13:20.720	ID:2	[WARN: IPv6 Route] No route found
13:20.720	ID:2	[WARN: IPv6 Route] No route found
13:20.774	ID:1	[DATA_RECV] TS=800393 | SRC=5 | SEQ=80 | DELAY_MS=392
13:20.899	ID:3	[NODE_STAT] TS=800001 | ID=3 | OF=0 | PRNT=1 | RANK=512 | PCHG=1 | CPU=800000000 | LPM=0 | TX=0 | RX=0
13:20.899	ID:3	[DATA_SEND] TS=800001 | ID=3 | SEQ=80
13:20.899	ID:3	[WARN: IPv6 Route] No route found
13:20.899	ID:3	[WARN: IPv6 Route] No route found
13:20.940	ID:1	[DATA_RECV] TS=800559 | SRC=3 | SEQ=80 | DELAY_MS=558
13:30.236	ID:2	[NODE_STAT] TS=810001 | ID=2 | OF=0 | PRNT=1 | RANK=512 | PCHG=1 | CPU=810000000 | LPM=0 | TX=0 | RX=0
13:30.236	ID:2	[DATA_SEND] TS=810001 | ID=2 | SEQ=81
13:30.236	ID:2	[WARN: IPv6 Route] No route found
13:30.236	ID:2	[WARN: IPv6 Route] No route found
13:30.274	ID:1	[DATA_RECV] TS=809893 | SRC=2 | SEQ=81 | DELAY_MS=0
13:30.348	ID:4	[NODE_STAT] TS=810001 | ID=4 | OF=0 | PRNT=3 | RANK=768 | PCHG=1 | CPU=810000000 | LPM=0 | TX=0 | RX=0
13:30.348	ID:4	[DATA_SEND] TS=810001 | ID=4 | SEQ=81
13:30.348	ID:4	[WARN: IPv6 Route] No route found
13:30.348	ID:4	[WARN: IPv6 Route] No route found
13:30.368	ID:3	[WARN: IPv6 Route] No route found
13:30.368	ID:3	[WARN: IPv6 Route] No route found
13:30.411	ID:1	[DATA_RECV] TS=810030 | SRC=4 | SEQ=81 | DELAY_MS=29
13:30.715	ID:5	[NODE_STAT] TS=810001 | ID=5 | OF=0 | PRNT=2 | RANK=768 | PCHG=1 | CPU=810000000 | LPM=0 | TX=0 | RX=0
13:30.715	ID:5	[DATA_SEND] TS=810001 | ID=5 | SEQ=81
13:30.715	ID:5	[WARN: IPv6 Route] No route found
13:30.715	ID:5	[WARN: IPv6 Route] No route found
13:30.740	ID:2	[WARN: IPv6 Route] No route found
13:30.740	ID:2	[WARN: IPv6 Route] No route found
13:30.746	ID:1	[DATA_RECV] TS=810365 | SRC=5 | SEQ=81 | DELAY_MS=364
13:30.899	ID:3	[NODE_STAT] TS=810001 | ID=3 | OF=0 | PRNT=1 | RANK=512 | PCHG=1 | CPU=810000000 | LPM=0 | TX=0 | RX=0
13:30.899	ID:3	[DATA_SEND] TS=810001 | ID=3 | SEQ=81
13:30.899	ID:3	[WARN: IPv6 Route] No route found
13:30.899	ID:3	[WARN: IPv6 Route] No route found
13:30.929	ID:1	[DATA_RECV] TS=810548 | SRC=3 | SEQ=81 | DELAY_MS=547
13:40.236	ID:2	[NODE_STAT] TS=820001 | ID=2 | OF=0 | PRNT=1 | RANK=512 | PCHG=1 | CPU=820000000 | LPM=0 | TX=0 | RX=0
13:40.236	ID:2	[DATA_SEND] TS=820001 | ID=2 | SEQ=82
13:40.236	ID:2	[WARN: IPv6 Route] No route found
13:40.236	ID:2	[WARN: IPv6 Route] No route found
13:40.259	ID:1	[DATA_RECV] TS=819878 | SRC=2 | SEQ=82 | DELAY_MS=0
13:40.348	ID:4	[NODE_STAT] TS=820001 | ID=4 | OF=0 | PRNT=3 | RANK=768 | PCHG=1 | CPU=820000000 | LPM=0 | TX=0 | RX=0
13:40.348	ID:4	[DATA_SEND] TS=820001 | ID=4 | SEQ=82
13:40.348	ID:4	[WARN: IPv6 Route] No route found
13:40.348	ID:4	[WARN: IPv6 Route] No route found
13:40.386	ID:3	[WARN: IPv6 Route] No route found
13:40.386	ID:3	[WARN: IPv6 Route] No route found
13:40.421	ID:1	[DATA_RECV] TS=820040 | SRC=4 | SEQ=82 | DELAY_MS=39
13:40.715	ID:5	[NODE_STAT] TS=820001 | ID=5 | OF=0 | PRNT=2 | RANK=768 | PCHG=1 | CPU=820000000 | LPM=0 | TX=0 | RX=0
13:40.715	ID:5	[DATA_SEND] TS=820001 | ID=5 | SEQ=82
13:40.715	ID:5	[WARN: IPv6 Route] No route found
13:40.715	ID:5	[WARN: IPv6 Route] No route found
13:40.734	ID:2	[WARN: IPv6 Route] No route found
13:40.734	ID:2	[WARN: IPv6 Route] No route found
13:40.756	ID:1	[DATA_RECV] TS=820375 | SRC=5 | SEQ=82 | DELAY_MS=374
13:40.899	ID:3	[NODE_STAT] TS=820001 | ID=3 | OF=0 | PRNT=1 | RANK=512 | PCHG=1 | CPU=820000000 | LPM=0 | TX=0 | RX=0
13:40.899	ID:3	[DATA_SEND] TS=820001 | ID=3 | SEQ=82
13:40.899	ID:3	[WARN: IPv6 Route] No route found
13:40.899	ID:3	[WARN: IPv6 Route] No route found
13:40.936	ID:1	[DATA_RECV] TS=820555 | SRC=3 | SEQ=82 | DELAY_MS=554
13:50.236	ID:2	[NODE_STAT] TS=830001 | ID=2 | OF=0 | PRNT=1 | RANK=512 | PCHG=1 | CPU=830000000 | LPM=0 | TX=0 | RX=0
13:50.236	ID:2	[DATA_SEND] TS=830001 | ID=2 | SEQ=83
13:50.236	ID:2	[WARN: IPv6 Route] No route found
13:50.236	ID:2	[WARN: IPv6 Route] No route found
13:50.265	ID:1	[DATA_RECV] TS=829884 | SRC=2 | SEQ=83 | DELAY_MS=0
13:50.348	ID:4	[NODE_STAT] TS=830001 | ID=4 | OF=0 | PRNT=3 | RANK=768 | PCHG=1 | CPU=830000000 | LPM=0 | TX=0 | RX=0
13:50.348	ID:4	[DATA_SEND] TS=830001 | ID=4 | SEQ=83
13:50.348	ID:4	[WARN: IPv6 Route] No route found
13:50.348	ID:4	[WARN: IPv6 Route] No route found
13:50.373	ID:3	[WARN: IPv6 Route] No route found
13:50.373	ID:3	[WARN: IPv6 Route] No route found
13:50.400	ID:1	[DATA_RECV] TS=830019 | SRC=4 | SEQ=83 | DELAY_MS=18
13:50.715	ID:5	[NODE_STAT] TS=830001 | ID=5 | OF=0 | PRNT=2 | RANK=768 | PCHG=1 | CPU=830000000 | LPM=0 | TX=0 | RX=0
13:50.715	ID:5	[DATA_SEND] TS=830001 | ID=5 | SEQ=83
13:50.715	ID:5	[WARN: IPv6 Route] No route found
13:50.715	ID:5	[WARN: IPv6 Route] No route found
13:50.738	ID:2	[WARN: IPv6 Route] No route found
13:50.738	ID:2	[WARN: IPv6 Route] No route found
13:50.788	ID:1	[DATA_RECV] TS=830407 | SRC=5 | SEQ=83 | DELAY_MS=406
13:50.899	ID:3	[NODE_STAT] TS=830001 | ID=3 | OF=0 | PRNT=1 | RANK=512 | PCHG=1 | CPU=830000000 | LPM=0 | TX=0 | RX=0
13:50.899	ID:3	[DATA_SEND] TS=830001 | ID=3 | SEQ=83
13:50.899	ID:3	[WARN: IPv6 Route] No route found
13:50.899	ID:3	[WARN: IPv6 Route] No route found
13:50.944	ID:1	[DATA_RECV] TS=830563 | SRC=3 | SEQ=83 | DELAY_MS=562
14:00.236	ID:2	[NODE_STAT] TS=840001 | ID=2 | OF=0 | PRNT=1 | RANK=512 | PCHG=1 | CPU=840000000 | LPM=0 | TX=0 | RX=0
14:00.236	ID:2	[DATA_SEND] TS=840001 | ID=2 | SEQ=84
14:00.236	ID:2	[WARN: IPv6 Route] No route found
14:00.236	ID:2	[WARN: IPv6 Route] No route found
14:00.254	ID:1	[DATA_RECV] TS=839873 | SRC=2 | SEQ=84 | DELAY_MS=0
14:00.348	ID:4	[NODE_STAT] TS=840001 | ID=4 | OF=0 | PRNT=3 | RANK=768 | PCHG=1 | CPU=840000000 | LPM=0 | TX=0 | RX=0
14:00.348	ID:4	[DATA_SEND] TS=840001 | ID=4 | SEQ=84
14:00.348	ID:4	[WARN: IPv6 Route] No route found
14:00.348	ID:4	[WARN: IPv6 Route] No route found
14:00.361	ID:3	[WARN: IPv6 Route] No route found
14:00.361	ID:3	[WARN: IPv6 Route] No route found
14:00.402	ID:1	[DATA_RECV] TS=840021 | SRC=4 | SEQ=84 | DELAY_MS=20
14:00.715	ID:5	[NODE_STAT] TS=840001 | ID=5 | OF=0 | PRNT=2 | RANK=768 | PCHG=1 | CPU=840000000 | LPM=0 | TX=0 | RX=0
14:00.715	ID:5	[DATA_SEND] TS=840001 | ID=5 | SEQ=84
14:00.715	ID:5	[WARN: IPv6 Route] No route found
14:00.715	ID:5	[WARN: IPv6 Route] No route found
14:00.733	ID:2	[WARN: IPv6 Route] No route found
14:00.733	ID:2	[WARN: IPv6 Route] No route found
14:00.781	ID:1	[DATA_RECV] TS=840400 | SRC=5 | SEQ=84 | DELAY_MS=399
14:00.899	ID:3	[NODE_STAT] TS=840001 | ID=3 | OF=0 | PRNT=1 | RANK=512 | PCHG=1 | CPU=840000000 | LPM=0 | TX=0 | RX=0
14:00.899	ID:3	[DATA_SEND] TS=840001 | ID=3 | SEQ=84
14:00.899	ID:3	[WARN: IPv6 Route] No route found
14:00.899	ID:3	[WARN: IPv6 Route] No route found
14:00.905	ID:1	[DATA_RECV] TS=840524 | SRC=3 | SEQ=84 | DELAY_MS=523
14:10.236	ID:2	[NODE_STAT] TS=850001 | ID=2 | OF=0 | PRNT=1 | RANK=512 | PCHG=1 | CPU=850000000 | LPM=0 | TX=0 | RX=0
14:10.236	ID:2	[DATA_SEND] TS=850001 | ID=2 | SEQ=85
14:10.236	ID:2	[WARN: IPv6 Route] No route found
14:10.236	ID:2	[WARN: IPv6 Route] No route found
14:10.275	ID:1	[DATA_RECV] TS=849894 | SRC=2 | SEQ=85 | DELAY_MS=0
14:10.348	ID:4	[NODE_STAT] TS=850001 | ID=4 | OF=0 | PRNT=3 | RANK=768 | PCHG=1 | CPU=850000000 | LPM=0 | TX=0 | RX=0
14:10.348	ID:4	[DATA_SEND] TS=850001 | ID=4 | SEQ=85
14:10.348	ID:4	[WARN: IPv6 Route] No route found
14:10.348	ID:4	[WARN: IPv6 Route] No route found
14:10.389	ID:3	[WARN: IPv6 Route] No route found
14:10.389	ID:3	[WARN: IPv6 Route] No route found
14:10.432	ID:1	[DATA_RECV] TS=850051 | SRC=4 | SEQ=85 | DELAY_MS=50
14:10.715	ID:5	[NODE_STAT] TS=850001 | ID=5 | OF=0 | PRNT=2 | RANK=768 | PCHG=1 | CPU=850000000 | LPM=0 | TX=0 | RX=0
14:10.715	ID:5	[DATA_SEND] TS=850001 | ID=5 | SEQ=85
14:10.715	ID:5	[WARN: IPv6 Route] No route found
14:10.715	ID:5	[WARN: IPv6 Route] No route found
14:10.730	ID:2	[WARN: IPv6 Route] No route found
14:10.730	ID:2	[WARN: IPv6 Route] No route found
14:10.778	ID:1	[DATA_RECV] TS=850397 | SRC=5 | SEQ=85 | DELAY_MS=396
14:10.899	ID:3	[NODE_STAT] TS=850001 | ID=3 | OF=0 | PRNT=1 | RANK=512 | PCHG=1 | CPU=850000000 | LPM=0 | TX=0 | RX=0
14:10.899	ID:3	[DATA_SEND] TS=850001 | ID=3 | SEQ=85
14:10.899	ID:3	[WARN: IPv6 Route] No route found
14:10.899	ID:3	[WARN: IPv6 Route] No route found
14:10.920	ID:1	[DATA_RECV] TS=850539 | SRC=3 | SEQ=85 | DELAY_MS=538
14:20.236	ID:2	[NODE_STAT] TS=860001 | ID=2 | OF=0 | PRNT=1 | RANK=512 | PCHG=1 | CPU=860000000 | LPM=0 | TX=0 | RX=0
14:20.236	ID:2	[DATA_SEND] TS=860001 | ID=2 | SEQ=86
14:20.236	ID:2	[WARN: IPv6 Route] No route found
14:20.236	ID:2	[WARN: IPv6 Route] No route found
14:20.247	ID:1	[DATA_RECV] TS=859866 | SRC=2 | SEQ=86 | DELAY_MS=0
14:20.348	ID:4	[NODE_STAT] TS=860001 | ID=4 | OF=0 | PRNT=3 | RANK=768 | PCHG=1 | CPU=860000000 | LPM=0 | TX=0 | RX=0
14:20.348	ID:4	[DATA_SEND] TS=860001 | ID=4 | SEQ=86
14:20.348	ID:4	[WARN: IPv6 Route] No route found
14:20.348	ID:4	[WARN: IPv6 Route] No route found
14:20.382	ID:3	[WARN: IPv6 Route] No route found
14:20.382	ID:3	[WARN: IPv6 Route] No route found
14:20.420	ID:1	[DATA_RECV] TS=860039 | SRC=4 | SEQ=86 | DELAY_MS=38
14:20.715	ID:5	[NODE_STAT] TS=860001 | ID=5 | OF=0 | PRNT=2 | RANK=768 | PCHG=1 | CPU=860000000 | LPM=0 | TX=0 | RX=0
14:20.715	ID:5	[DATA_SEND] TS=860001 | ID=5 | SEQ=86
14:20.715	ID:5	[WARN: IPv6 Route] No route found
14:20.715	ID:5	[WARN: IPv6 Route] No route found
14:20.725	ID:2	[WARN: IPv6 Route] No route found
14:20.725	ID:2	[WARN: IPv6 Route] No route found
14:20.784	ID:1	[DATA_RECV] TS=860403 | SRC=5 | SEQ=86 | DELAY_MS=402
14:20.899	ID:3	[NODE_STAT] TS=860001 | ID=3 | OF=0 | PRNT=1 | RANK=512 | PCHG=1 | CPU=860000000 | LPM=0 | TX=0 | RX=0
14:20.899	ID:3	[DATA_SEND] TS=860001 | ID=3 | SEQ=86
14:20.899	ID:3	[WARN: IPv6 Route] No route found
14:20.899	ID:3	[WARN: IPv6 Route] No route found
14:20.904	ID:1	[DATA_RECV] TS=860523 | SRC=3 | SEQ=86 | DELAY_MS=522
14:30.236	ID:2	[NODE_STAT] TS=870001 | ID=2 | OF=0 | PRNT=1 | RANK=512 | PCHG=1 | CPU=870000000 | LPM=0 | TX=0 | RX=0
14:30.236	ID:2	[DATA_SEND] TS=870001 | ID=2 | SEQ=87
14:30.236	ID:2	[WARN: IPv6 Route] No route found
14:30.236	ID:2	[WARN: IPv6 Route] No route found
14:30.348	ID:4	[NODE_STAT] TS=870001 | ID=4 | OF=0 | PRNT=3 | RANK=768 | PCHG=1 | CPU=870000000 | LPM=0 | TX=0 | RX=0
14:30.348	ID:4	[DATA_SEND] TS=870001 | ID=4 | SEQ=87
14:30.348	ID:4	[WARN: IPv6 Route] No route found
14:30.348	ID:4	[WARN: IPv6 Route] No route found
14:30.376	ID:3	[WARN: IPv6 Route] No route found
14:30.376	ID:3	[WARN: IPv6 Route] No route found
14:30.382	ID:1	[DATA_RECV] TS=870001 | SRC=2 | SEQ=87 | DELAY_MS=0
14:30.394	ID:1	[DATA_RECV] TS=870013 | SRC=4 | SEQ=87 | DELAY_MS=12
14:30.715	ID:5	[NODE_STAT] TS=870001 | ID=5 | OF=0 | PRNT=2 | RANK=768 | PCHG=1 | CPU=870000000 | LPM=0 | TX=0 | RX=0
14:30.715	ID:5	[DATA_SEND] TS=870001 | ID=5 | SEQ=87
14:30.715	ID:5	[WARN: IPv6 Route] No route found
14:30.715	ID:5	[WARN: IPv6 Route] No route found
14:30.723	ID:2	[WARN: IPv6 Route] No route found
14:30.723	ID:2	[WARN: IPv6 Route] No route found
14:30.732	ID:1	[DATA_RECV] TS=870351 | SRC=5 | SEQ=87 | DELAY_MS=350
14:30.899	ID:3	[NODE_STAT] TS=870001 | ID=3 | OF=0 | PRNT=1 | RANK=512 | PCHG=1 | CPU=870000000 | LPM=0 | TX=0 | RX=0
14:30.899	ID:3	[DATA_SEND] TS=870001 | ID=3 | SEQ=87
14:30.899	ID:3	[WARN: IPv6 Route] No route found
14:30.899	ID:3	[WARN: IPv6 Route] No route found
14:30.910	ID:1	[DATA_RECV] TS=870529 | SRC=3 | SEQ=87 | DELAY_MS=528
14:40.236	ID:2	[NODE_STAT] TS=880001 | ID=2 | OF=0 | PRNT=1 | RANK=512 | PCHG=1 | CPU=880000000 | LPM=0 | TX=0 | RX=0
14:40.236	ID:2	[DATA_SEND] TS=880001 | ID=2 | SEQ=88
14:40.236	ID:2	[WARN: IPv6 Route] No route found
14:40.236	ID:2	[WARN: IPv6 Route] No route found
14:40.264	ID:1	[DATA_RECV] TS=879883 | SRC=2 | SEQ=88 | DELAY_MS=0
14:40.348	ID:4	[NODE_STAT] TS=880001 | ID=4 | OF=0 | PRNT=3 | RANK=768 | PCHG=1 | CPU=880000000 | LPM=0 | TX=0 | RX=0
14:40.348	ID:4	[DATA_SEND] TS=880001 | ID=4 | SEQ=88
14:40.348	ID:4	[WARN: IPv6 Route] No route found
14:40.348	ID:4	[WARN: IPv6 Route] No route found
14:40.352	ID:3	[WARN: IPv6 Route] No route found
14:40.352	ID:3	[WARN: IPv6 Route] No route found
14:40.360	ID:1	[DATA_RECV] TS=879979 | SRC=4 | SEQ=88 | DELAY_MS=0
14:40.715	ID:5	[NODE_STAT] TS=880001 | ID=5 | OF=0 | PRNT=2 | RANK=768 | PCHG=1 | CPU=880000000 | LPM=0 | TX=0 | RX=0
14:40.715	ID:5	[DATA_SEND] TS=880001 | ID=5 | SEQ=88
14:40.715	ID:5	[WARN: IPv6 Route] No route found
14:40.715	ID:5	[WARN: IPv6 Route] No route found
14:40.754	ID:2	[WARN: IPv6 Route] No route found
14:40.754	ID:2	[WARN: IPv6 Route] No route found
14:40.780	ID:1	[DATA_RECV] TS=880399 | SRC=5 | SEQ=88 | DELAY_MS=398
14:40.899	ID:3	[NODE_STAT] TS=880001 | ID=3 | OF=0 | PRNT=1 | RANK=512 | PCHG=1 | CPU=880000000 | LPM=0 | TX=0 | RX=0
14:40.899	ID:3	[DATA_SEND] TS=880001 | ID=3 | SEQ=88
14:40.899	ID:3	[WARN: IPv6 Route] No route found
14:40.899	ID:3	[WARN: IPv6 Route] No route found
14:40.908	ID:1	[DATA_RECV] TS=880527 | SRC=3 | SEQ=88 | DELAY_MS=526
14:50.236	ID:2	[NODE_STAT] TS=890001 | ID=2 | OF=0 | PRNT=1 | RANK=512 | PCHG=1 | CPU=890000000 | LPM=0 | TX=0 | RX=0
14:50.236	ID:2	[DATA_SEND] TS=890001 | ID=2 | SEQ=89
14:50.236	ID:2	[WARN: IPv6 Route] No route found
14:50.236	ID:2	[WARN: IPv6 Route] No route found
14:50.348	ID:4	[NODE_STAT] TS=890001 | ID=4 | OF=0 | PRNT=3 | RANK=768 | PCHG=1 | CPU=890000000 | LPM=0 | TX=0 | RX=0
14:50.348	ID:4	[DATA_SEND] TS=890001 | ID=4 | SEQ=89
14:50.348	ID:4	[WARN: IPv6 Route] No route found
14:50.348	ID:4	[WARN: IPv6 Route] No route found
14:50.382	ID:3	[WARN: IPv6 Route] No route found
14:50.382	ID:3	[WARN: IPv6 Route] No route found
14:50.415	ID:1	[DATA_RECV] TS=890034 | SRC=4 | SEQ=89 | DELAY_MS=33
14:50.417	ID:1	[DATA_RECV] TS=890036 | SRC=2 | SEQ=89 | DELAY_MS=35
14:50.715	ID:5	[NODE_STAT] TS=890001 | ID=5 | OF=0 | PRNT=2 | RANK=768 | PCHG=1 | CPU=890000000 | LPM=0 | TX=0 | RX=0
14:50.715	ID:5	[DATA_SEND] TS=890001 | ID=5 | SEQ=89
14:50.715	ID:5	[WARN: IPv6 Route] No route found
14:50.715	ID:5	[WARN: IPv6 Route] No route found
14:50.733	ID:2	[WARN: IPv6 Route] No route found
14:50.733	ID:2	[WARN: IPv6 Route] No route found
14:50.852	ID:1	[DATA_RECV] TS=890471 | SRC=5 | SEQ=89 | DELAY_MS=470
14:50.899	ID:3	[NODE_STAT] TS=890001 | ID=3 | OF=0 | PRNT=1 | RANK=512 | PCHG=1 | CPU=890000000 | LPM=0 | TX=0 | RX=0
14:50.899	ID:3	[DATA_SEND] TS=890001 | ID=3 | SEQ=89
14:50.899	ID:3	[WARN: IPv6 Route] No route found
14:50.899	ID:3	[WARN: IPv6 Route] No route found
14:50.915	ID:1	[DATA_RECV] TS=890534 | SRC=3 | SEQ=89 | DELAY_MS=533
15:00.236	ID:2	[NODE_STAT] TS=900001 | ID=2 | OF=0 | PRNT=1 | RANK=512 | PCHG=1 | CPU=900000000 | LPM=0 | TX=0 | RX=0
15:00.236	ID:2	[DATA_SEND] TS=900001 | ID=2 | SEQ=90
15:00.236	ID:2	[WARN: IPv6 Route] No route found
15:00.236	ID:2	[WARN: IPv6 Route] No route found
15:00.334	ID:1	[DATA_RECV] TS=899953 | SRC=2 | SEQ=90 | DELAY_MS=0
15:00.348	ID:4	[NODE_STAT] TS=900001 | ID=4 | OF=0 | PRNT=3 | RANK=768 | PCHG=1 | CPU=900000000 | LPM=0 | TX=0 | RX=0
15:00.348	ID:4	[DATA_SEND] TS=900001 | ID=4 | SEQ=90
15:00.348	ID:4	[WARN: IPv6 Route] No route found
15:00.348	ID:4	[WARN: IPv6 Route] No route found
15:00.379	ID:3	[WARN: IPv6 Route] No route found
15:00.379	ID:3	[WARN: IPv6 Route] No route found
15:00.402	ID:1	[DATA_RECV] TS=900021 | SRC=4 | SEQ=90 | DELAY_MS=20
15:00.715	ID:5	[NODE_STAT] TS=900001 | ID=5 | OF=0 | PRNT=2 | RANK=768 | PCHG=1 | CPU=900000000 | LPM=0 | TX=0 | RX=0
15:00.715	ID:5	[DATA_SEND] TS=900001 | ID=5 | SEQ=90
15:00.715	ID:5	[WARN: IPv6 Route] No route found
15:00.715	ID:5	[WARN: IPv6 Route] No route found
15:00.731	ID:2	[WARN: IPv6 Route] No route found
15:00.731	ID:2	[WARN: IPv6 Route] No route found
15:00.768	ID:1	[DATA_RECV] TS=900387 | SRC=5 | SEQ=90 | DELAY_MS=386
15:00.899	ID:3	[NODE_STAT] TS=900001 | ID=3 | OF=0 | PRNT=1 | RANK=512 | PCHG=1 | CPU=900000000 | LPM=0 | TX=0 | RX=0
15:00.899	ID:3	[DATA_SEND] TS=900001 | ID=3 | SEQ=90
15:00.899	ID:3	[WARN: IPv6 Route] No route found
15:00.899	ID:3	[WARN: IPv6 Route] No route found
15:00.915	ID:1	[DATA_RECV] TS=900534 | SRC=3 | SEQ=90 | DELAY_MS=533
15:10.236	ID:2	[NODE_STAT] TS=910001 | ID=2 | OF=0 | PRNT=1 | RANK=512 | PCHG=1 | CPU=910000000 | LPM=0 | TX=0 | RX=0
15:10.236	ID:2	[DATA_SEND] TS=910001 | ID=2 | SEQ=91
15:10.236	ID:2	[WARN: IPv6 Route] No route found
15:10.236	ID:2	[WARN: IPv6 Route] No route found
15:10.311	ID:1	[DATA_RECV] TS=909930 | SRC=2 | SEQ=91 | DELAY_MS=0
15:10.348	ID:4	[NODE_STAT] TS=910001 | ID=4 | OF=0 | PRNT=3 | RANK=768 | PCHG=1 | CPU=910000000 | LPM=0 | TX=0 | RX=0
15:10.348	ID:4	[DATA_SEND] TS=910001 | ID=4 | SEQ=91
15:10.348	ID:4	[WARN: IPv6 Route] No route found
15:10.348	ID:4	[WARN: IPv6 Route] No route found
15:10.367	ID:3	[WARN: IPv6 Route] No route found
15:10.367	ID:3	[WARN: IPv6 Route] No route found
15:10.385	ID:1	[DATA_RECV] TS=910004 | SRC=4 | SEQ=91 | DELAY_MS=3
15:10.715	ID:5	[NODE_STAT] TS=910001 | ID=5 | OF=0 | PRNT=2 | RANK=768 | PCHG=1 | CPU=910000000 | LPM=0 | TX=0 | RX=0
15:10.715	ID:5	[DATA_SEND] TS=910001 | ID=5 | SEQ=91
15:10.715	ID:5	[WARN: IPv6 Route] No route found
15:10.715	ID:5	[WARN: IPv6 Route] No route found
15:10.755	ID:2	[WARN: IPv6 Route] No route found
15:10.755	ID:2	[WARN: IPv6 Route] No route found
15:10.789	ID:1	[DATA_RECV] TS=910408 | SRC=5 | SEQ=91 | DELAY_MS=407
15:10.899	ID:3	[NODE_STAT] TS=910001 | ID=3 | OF=0 | PRNT=1 | RANK=512 | PCHG=1 | CPU=910000000 | LPM=0 | TX=0 | RX=0
15:10.899	ID:3	[DATA_SEND] TS=910001 | ID=3 | SEQ=91
15:10.899	ID:3	[WARN: IPv6 Route] No route found
15:10.899	ID:3	[WARN: IPv6 Route] No route found
15:10.904	ID:1	[DATA_RECV] TS=910523 | SRC=3 | SEQ=91 | DELAY_MS=522
15:20.236	ID:2	[NODE_STAT] TS=920001 | ID=2 | OF=0 | PRNT=1 | RANK=512 | PCHG=1 | CPU=920000000 | LPM=0 | TX=0 | RX=0
15:20.236	ID:2	[DATA_SEND] TS=920001 | ID=2 | SEQ=92
15:20.236	ID:2	[WARN: IPv6 Route] No route found
15:20.236	ID:2	[WARN: IPv6 Route] No route found
15:20.246	ID:1	[DATA_RECV] TS=919865 | SRC=2 | SEQ=92 | DELAY_MS=0
15:20.348	ID:4	[NODE_STAT] TS=920001 | ID=4 | OF=0 | PRNT=3 | RANK=768 | PCHG=1 | CPU=920000000 | LPM=0 | TX=0 | RX=0
15:20.348	ID:4	[DATA_SEND] TS=920001 | ID=4 | SEQ=92
15:20.348	ID:4	[WARN: IPv6 Route] No route found
15:20.348	ID:4	[WARN: IPv6 Route] No route found
15:20.376	ID:3	[WARN: IPv6 Route] No route found
15:20.376	ID:3	[WARN: IPv6 Route] No route found
15:20.386	ID:1	[DATA_RECV] TS=920005 | SRC=4 | SEQ=92 | DELAY_MS=4
15:20.715	ID:5	[NODE_STAT] TS=920001 | ID=5 | OF=0 | PRNT=2 | RANK=768 | PCHG=1 | CPU=920000000 | LPM=0 | TX=0 | RX=0
15:20.715	ID:5	[DATA_SEND] TS=920001 | ID=5 | SEQ=92
15:20.715	ID:5	[WARN: IPv6 Route] No route found
15:20.715	ID:5	[WARN: IPv6 Route] No route found
15:20.729	ID:2	[WARN: IPv6 Route] No route found
15:20.729	ID:2	[WARN: IPv6 Route] No route found
15:20.752	ID:1	[DATA_RECV] TS=920371 | SRC=5 | SEQ=92 | DELAY_MS=370
15:20.899	ID:3	[NODE_STAT] TS=920001 | ID=3 | OF=0 | PRNT=1 | RANK=512 | PCHG=1 | CPU=920000000 | LPM=0 | TX=0 | RX=0
15:20.899	ID:3	[DATA_SEND] TS=920001 | ID=3 | SEQ=92
15:20.899	ID:3	[WARN: IPv6 Route] No route found
15:20.899	ID:3	[WARN: IPv6 Route] No route found
15:20.921	ID:1	[DATA_RECV] TS=920540 | SRC=3 | SEQ=92 | DELAY_MS=539
15:30.236	ID:2	[NODE_STAT] TS=930001 | ID=2 | OF=0 | PRNT=1 | RANK=512 | PCHG=1 | CPU=930000000 | LPM=0 | TX=0 | RX=0
15:30.236	ID:2	[DATA_SEND] TS=930001 | ID=2 | SEQ=93
15:30.236	ID:2	[WARN: IPv6 Route] No route found
15:30.236	ID:2	[WARN: IPv6 Route] No route found
15:30.243	ID:1	[DATA_RECV] TS=929862 | SRC=2 | SEQ=93 | DELAY_MS=0
15:30.348	ID:4	[NODE_STAT] TS=930001 | ID=4 | OF=0 | PRNT=3 | RANK=768 | PCHG=1 | CPU=930000000 | LPM=0 | TX=0 | RX=0
15:30.348	ID:4	[DATA_SEND] TS=930001 | ID=4 | SEQ=93
15:30.348	ID:4	[WARN: IPv6 Route] No route found
15:30.348	ID:4	[WARN: IPv6 Route] No route found
15:30.374	ID:3	[WARN: IPv6 Route] No route found
15:30.374	ID:3	[WARN: IPv6 Route] No route found
15:30.381	ID:1	[DATA_RECV] TS=930000 | SRC=4 | SEQ=93 | DELAY_MS=0
15:30.715	ID:5	[NODE_STAT] TS=930001 | ID=5 | OF=0 | PRNT=2 | RANK=768 | PCHG=1 | CPU=930000000 | LPM=0 | TX=0 | RX=0
15:30.715	ID:5	[DATA_SEND] TS=930001 | ID=5 | SEQ=93
15:30.715	ID:5	[WARN: IPv6 Route] No route found
15:30.715	ID:5	[WARN: IPv6 Route] No route found
15:30.755	ID:2	[WARN: IPv6 Route] No route found
15:30.755	ID:2	[WARN: IPv6 Route] No route found
15:30.777	ID:1	[DATA_RECV] TS=930396 | SRC=5 | SEQ=93 | DELAY_MS=395
15:30.899	ID:3	[NODE_STAT] TS=930001 | ID=3 | OF=0 | PRNT=1 | RANK=512 | PCHG=1 | CPU=930000000 | LPM=0 | TX=0 | RX=0
15:30.899	ID:3	[DATA_SEND] TS=930001 | ID=3 | SEQ=93
15:30.899	ID:3	[WARN: IPv6 Route] No route found
15:30.899	ID:3	[WARN: IPv6 Route] No route found
15:30.909	ID:1	[DATA_RECV] TS=930528 | SRC=3 | SEQ=93 | DELAY_MS=527
15:40.236	ID:2	[NODE_STAT] TS=940001 | ID=2 | OF=0 | PRNT=1 | RANK=512 | PCHG=1 | CPU=940000000 | LPM=0 | TX=0 | RX=0
15:40.236	ID:2	[DATA_SEND] TS=940001 | ID=2 | SEQ=94
15:40.236	ID:2	[WARN: IPv6 Route] No route found
15:40.236	ID:2	[WARN: IPv6 Route] No route found
15:40.307	ID:1	[DATA_RECV] TS=939926 | SRC=2 | SEQ=94 | DELAY_MS=0
15:40.348	ID:4	[NODE_STAT] TS=940001 | ID=4 | OF=0 | PRNT=3 | RANK=768 | PCHG=1 | CPU=940000000 | LPM=0 | TX=0 | RX=0
15:40.348	ID:4	[DATA_SEND] TS=940001 | ID=4 | SEQ=94
15:40.348	ID:4	[WARN: IPv6 Route] No route found
15:40.348	ID:4	[WARN: IPv6 Route] No route found
15:40.354	ID:3	[WARN: IPv6 Route] No route found
15:40.354	ID:3	[WARN: IPv6 Route] No route found
15:40.361	ID:1	[DATA_RECV] TS=939980 | SRC=4 | SEQ=94 | DELAY_MS=0
15:40.715	ID:5	[NODE_STAT] TS=940001 | ID=5 | OF=0 | PRNT=2 | RANK=768 | PCHG=1 | CPU=940000000 | LPM=0 | TX=0 | RX=0
15:40.715	ID:5	[DATA_SEND] TS=940001 | ID=5 | SEQ=94
15:40.715	ID:5	[WARN: IPv6 Route] No route found
15:40.715	ID:5	[WARN: IPv6 Route] No route found
15:40.725	ID:2	[WARN: IPv6 Route] No route found
15:40.725	ID:2	[WARN: IPv6 Route] No route found
15:40.871	ID:1	[DATA_RECV] TS=940490 | SRC=5 | SEQ=94 | DELAY_MS=489
15:40.899	ID:3	[NODE_STAT] TS=940001 | ID=3 | OF=0 | PRNT=1 | RANK=512 | PCHG=1 | CPU=940000000 | LPM=0 | TX=0 | RX=0
15:40.899	ID:3	[DATA_SEND] TS=940001 | ID=3 | SEQ=94
15:40.899	ID:3	[WARN: IPv6 Route] No route found
15:40.899	ID:3	[WARN: IPv6 Route] No route found
15:40.935	ID:1	[DATA_RECV] TS=940554 | SRC=3 | SEQ=94 | DELAY_MS=553
15:50.236	ID:2	[NODE_STAT] TS=950001 | ID=2 | OF=0 | PRNT=1 | RANK=512 | PCHG=1 | CPU=950000000 | LPM=0 | TX=0 | RX=0
15:50.236	ID:2	[DATA_SEND] TS=950001 | ID=2 | SEQ=95
15:50.236	ID:2	[WARN: IPv6 Route] No route found
15:50.236	ID:2	[WARN: IPv6 Route] No route found
15:50.273	ID:1	[DATA_RECV] TS=949892 | SRC=2 | SEQ=95 | DELAY_MS=0
15:50.348	ID:4	[NODE_STAT] TS=950001 | ID=4 | OF=0 | PRNT=3 | RANK=768 | PCHG=1 | CPU=950000000 | LPM=0 | TX=0 | RX=0
15:50.348	ID:4	[DATA_SEND] TS=950001 | ID=4 | SEQ=95
15:50.348	ID:4	[WARN: IPv6 Route] No route found
15:50.348	ID:4	[WARN: IPv6 Route] No route found
15:50.390	ID:3	[WARN: IPv6 Route] No route found
15:50.390	ID:3	[WARN: IPv6 Route] No route found
15:50.433	ID:1	[DATA_RECV] TS=950052 | SRC=4 | SEQ=95 | DELAY_MS=51
15:50.715	ID:5	[NODE_STAT] TS=950001 | ID=5 | OF=0 | PRNT=2 | RANK=768 | PCHG=1 | CPU=950000000 | LPM=0 | TX=0 | RX=0
15:50.715	ID:5	[DATA_SEND] TS=950001 | ID=5 | SEQ=95
15:50.715	ID:5	[WARN: IPv6 Route] No route found
15:50.715	ID:5	[WARN: IPv6 Route] No route found
15:50.722	ID:2	[WARN: IPv6 Route] No route found
15:50.722	ID:2	[WARN: IPv6 Route] No route found
15:50.752	ID:1	[DATA_RECV] TS=950371 | SRC=5 | SEQ=95 | DELAY_MS=370
15:50.899	ID:3	[NODE_STAT] TS=950001 | ID=3 | OF=0 | PRNT=1 | RANK=512 | PCHG=1 | CPU=950000000 | LPM=0 | TX=0 | RX=0
15:50.899	ID:3	[DATA_SEND] TS=950001 | ID=3 | SEQ=95
15:50.899	ID:3	[WARN: IPv6 Route] No route found
15:50.899	ID:3	[WARN: IPv6 Route] No route found
15:50.908	ID:1	[DATA_RECV] TS=950527 | SRC=3 | SEQ=95 | DELAY_MS=526
16:00.236	ID:2	[NODE_STAT] TS=960001 | ID=2 | OF=0 | PRNT=1 | RANK=512 | PCHG=1 | CPU=960000000 | LPM=0 | TX=0 | RX=0
16:00.236	ID:2	[DATA_SEND] TS=960001 | ID=2 | SEQ=96
16:00.236	ID:2	[WARN: IPv6 Route] No route found
16:00.236	ID:2	[WARN: IPv6 Route] No route found
16:00.270	ID:1	[DATA_RECV] TS=959889 | SRC=2 | SEQ=96 | DELAY_MS=0
16:00.348	ID:4	[NODE_STAT] TS=960001 | ID=4 | OF=0 | PRNT=3 | RANK=768 | PCHG=1 | CPU=960000000 | LPM=0 | TX=0 | RX=0
16:00.348	ID:4	[DATA_SEND] TS=960001 | ID=4 | SEQ=96
16:00.348	ID:4	[WARN: IPv6 Route] No route found
16:00.348	ID:4	[WARN: IPv6 Route] No route found
16:00.376	ID:3	[WARN: IPv6 Route] No route found
16:00.376	ID:3	[WARN: IPv6 Route] No route found
16:00.387	ID:1	[DATA_RECV] TS=960006 | SRC=4 | SEQ=96 | DELAY_MS=5
16:00.715	ID:5	[NODE_STAT] TS=960001 | ID=5 | OF=0 | PRNT=2 | RANK=768 | PCHG=1 | CPU=960000000 | LPM=0 | TX=0 | RX=0
16:00.715	ID:5	[DATA_SEND] TS=960001 | ID=5 | SEQ=96
16:00.715	ID:5	[WARN: IPv6 Route] No route found
16:00.715	ID:5	[WARN: IPv6 Route] No route found
16:00.748	ID:2	[WARN: IPv6 Route] No route found
16:00.748	ID:2	[WARN: IPv6 Route] No route found
16:00.810	ID:1	[DATA_RECV] TS=960429 | SRC=5 | SEQ=96 | DELAY_MS=428
16:00.899	ID:3	[NODE_STAT] TS=960001 | ID=3 | OF=0 | PRNT=1 | RANK=512 | PCHG=1 | CPU=960000000 | LPM=0 | TX=0 | RX=0
16:00.899	ID:3	[DATA_SEND] TS=960001 | ID=3 | SEQ=96
16:00.899	ID:3	[WARN: IPv6 Route] No route found
16:00.899	ID:3	[WARN: IPv6 Route] No route found
16:00.940	ID:1	[DATA_RECV] TS=960559 | SRC=3 | SEQ=96 | DELAY_MS=558
16:10.236	ID:2	[NODE_STAT] TS=970001 | ID=2 | OF=0 | PRNT=1 | RANK=512 | PCHG=1 | CPU=970000000 | LPM=0 | TX=0 | RX=0
16:10.236	ID:2	[DATA_SEND] TS=970001 | ID=2 | SEQ=97
16:10.236	ID:2	[WARN: IPv6 Route] No route found
16:10.236	ID:2	[WARN: IPv6 Route] No route found
16:10.255	ID:1	[DATA_RECV] TS=969874 | SRC=2 | SEQ=97 | DELAY_MS=0
16:10.348	ID:4	[NODE_STAT] TS=970001 | ID=4 | OF=0 | PRNT=3 | RANK=768 | PCHG=1 | CPU=970000000 | LPM=0 | TX=0 | RX=0
16:10.348	ID:4	[DATA_SEND] TS=970001 | ID=4 | SEQ=97
16:10.348	ID:4	[WARN: IPv6 Route] No route found
16:10.348	ID:4	[WARN: IPv6 Route] No route found
16:10.359	ID:3	[WARN: IPv6 Route] No route found
16:10.359	ID:3	[WARN: IPv6 Route] No route found
16:10.396	ID:1	[DATA_RECV] TS=970015 | SRC=4 | SEQ=97 | DELAY_MS=14
16:10.715	ID:5	[NODE_STAT] TS=970001 | ID=5 | OF=0 | PRNT=2 | RANK=768 | PCHG=1 | CPU=970000000 | LPM=0 | TX=0 | RX=0
16:10.715	ID:5	[DATA_SEND] TS=970001 | ID=5 | SEQ=97
16:10.715	ID:5	[WARN: IPv6 Route] No route found
16:10.715	ID:5	[WARN: IPv6 Route] No route found
16:10.736	ID:2	[WARN: IPv6 Route] No route found
16:10.736	ID:2	[WARN: IPv6 Route] No route found
16:10.870	ID:1	[DATA_RECV] TS=970489 | SRC=5 | SEQ=97 | DELAY_MS=488
16:10.899	ID:3	[NODE_STAT] TS=970001 | ID=3 | OF=0 | PRNT=1 | RANK=512 | PCHG=1 | CPU=970000000 | LPM=0 | TX=0 | RX=0
16:10.899	ID:3	[DATA_SEND] TS=970001 | ID=3 | SEQ=97
16:10.899	ID:3	[WARN: IPv6 Route] No route found
16:10.899	ID:3	[WARN: IPv6 Route] No route found
16:10.916	ID:1	[DATA_RECV] TS=970535 | SRC=3 | SEQ=97 | DELAY_MS=534
16:20.236	ID:2	[NODE_STAT] TS=980001 | ID=2 | OF=0 | PRNT=1 | RANK=512 | PCHG=1 | CPU=980000000 | LPM=0 | TX=0 | RX=0
16:20.236	ID:2	[DATA_SEND] TS=980001 | ID=2 | SEQ=98
16:20.236	ID:2	[WARN: IPv6 Route] No route found
16:20.236	ID:2	[WARN: IPv6 Route] No route found
16:20.255	ID:1	[DATA_RECV] TS=979874 | SRC=2 | SEQ=98 | DELAY_MS=0
16:20.348	ID:4	[NODE_STAT] TS=980001 | ID=4 | OF=0 | PRNT=3 | RANK=768 | PCHG=1 | CPU=980000000 | LPM=0 | TX=0 | RX=0
16:20.348	ID:4	[DATA_SEND] TS=980001 | ID=4 | SEQ=98
16:20.348	ID:4	[WARN: IPv6 Route] No route found
16:20.348	ID:4	[WARN: IPv6 Route] No route found
16:20.363	ID:3	[WARN: IPv6 Route] No route found
16:20.363	ID:3	[WARN: IPv6 Route] No route found
16:20.378	ID:1	[DATA_RECV] TS=979997 | SRC=4 | SEQ=98 | DELAY_MS=0
16:20.715	ID:5	[NODE_STAT] TS=980001 | ID=5 | OF=0 | PRNT=2 | RANK=768 | PCHG=1 | CPU=980000000 | LPM=0 | TX=0 | RX=0
16:20.715	ID:5	[DATA_SEND] TS=980001 | ID=5 | SEQ=98
16:20.715	ID:5	[WARN: IPv6 Route] No route found
16:20.715	ID:5	[WARN: IPv6 Route] No route found
16:20.723	ID:2	[WARN: IPv6 Route] No route found
16:20.723	ID:2	[WARN: IPv6 Route] No route found
16:20.768	ID:1	[DATA_RECV] TS=980387 | SRC=5 | SEQ=98 | DELAY_MS=386
16:20.899	ID:3	[NODE_STAT] TS=980001 | ID=3 | OF=0 | PRNT=1 | RANK=512 | PCHG=1 | CPU=980000000 | LPM=0 | TX=0 | RX=0
16:20.899	ID:3	[DATA_SEND] TS=980001 | ID=3 | SEQ=98
16:20.899	ID:3	[WARN: IPv6 Route] No route found
16:20.899	ID:3	[WARN: IPv6 Route] No route found
16:20.936	ID:1	[DATA_RECV] TS=980555 | SRC=3 | SEQ=98 | DELAY_MS=554
16:30.236	ID:2	[NODE_STAT] TS=990001 | ID=2 | OF=0 | PRNT=1 | RANK=512 | PCHG=1 | CPU=990000000 | LPM=0 | TX=0 | RX=0
16:30.236	ID:2	[DATA_SEND] TS=990001 | ID=2 | SEQ=99
16:30.236	ID:2	[WARN: IPv6 Route] No route found
16:30.236	ID:2	[WARN: IPv6 Route] No route found
16:30.269	ID:1	[DATA_RECV] TS=989888 | SRC=2 | SEQ=99 | DELAY_MS=0
16:30.348	ID:4	[NODE_STAT] TS=990001 | ID=4 | OF=0 | PRNT=3 | RANK=768 | PCHG=1 | CPU=990000000 | LPM=0 | TX=0 | RX=0
16:30.348	ID:4	[DATA_SEND] TS=990001 | ID=4 | SEQ=99
16:30.348	ID:4	[WARN: IPv6 Route] No route found
16:30.348	ID:4	[WARN: IPv6 Route] No route found
16:30.382	ID:3	[WARN: IPv6 Route] No route found
16:30.382	ID:3	[WARN: IPv6 Route] No route found
16:30.408	ID:1	[DATA_RECV] TS=990027 | SRC=4 | SEQ=99 | DELAY_MS=26
16:30.715	ID:5	[NODE_STAT] TS=990001 | ID=5 | OF=0 | PRNT=2 | RANK=768 | PCHG=1 | CPU=990000000 | LPM=0 | TX=0 | RX=0
16:30.715	ID:5	[DATA_SEND] TS=990001 | ID=5 | SEQ=99
16:30.715	ID:5	[WARN: IPv6 Route] No route found
16:30.715	ID:5	[WARN: IPv6 Route] No route found
16:30.758	ID:2	[WARN: IPv6 Route] No route found
16:30.758	ID:2	[WARN: IPv6 Route] No route found
16:30.777	ID:1	[DATA_RECV] TS=990396 | SRC=5 | SEQ=99 | DELAY_MS=395
16:30.899	ID:3	[NODE_STAT] TS=990001 | ID=3 | OF=0 | PRNT=1 | RANK=512 | PCHG=1 | CPU=990000000 | LPM=0 | TX=0 | RX=0
16:30.899	ID:3	[DATA_SEND] TS=990001 | ID=3 | SEQ=99
16:30.899	ID:3	[WARN: IPv6 Route] No route found
16:30.899	ID:3	[WARN: IPv6 Route] No route found
16:30.903	ID:1	[DATA_RECV] TS=990522 | SRC=3 | SEQ=99 | DELAY_MS=521
16:40.236	ID:2	[NODE_STAT] TS=1000001 | ID=2 | OF=0 | PRNT=1 | RANK=512 | PCHG=1 | CPU=1000000000 | LPM=0 | TX=0 | RX=0
16:40.236	ID:2	[DATA_SEND] TS=1000001 | ID=2 | SEQ=100
16:40.236	ID:2	[WARN: IPv6 Route] No route found
16:40.236	ID:2	[WARN: IPv6 Route] No route found
16:40.252	ID:1	[DATA_RECV] TS=999871 | SRC=2 | SEQ=100 | DELAY_MS=0
16:40.348	ID:4	[NODE_STAT] TS=1000001 | ID=4 | OF=0 | PRNT=3 | RANK=768 | PCHG=1 | CPU=1000000000 | LPM=0 | TX=0 | RX=0
16:40.348	ID:4	[DATA_SEND] TS=1000001 | ID=4 | SEQ=100
16:40.348	ID:4	[WARN: IPv6 Route] No route found
16:40.348	ID:4	[WARN: IPv6 Route] No route found
16:40.363	ID:3	[WARN: IPv6 Route] No route found
16:40.363	ID:3	[WARN: IPv6 Route] No route found
16:40.400	ID:1	[DATA_RECV] TS=1000019 | SRC=4 | SEQ=100 | DELAY_MS=18
16:40.715	ID:5	[NODE_STAT] TS=1000001 | ID=5 | OF=0 | PRNT=2 | RANK=768 | PCHG=1 | CPU=1000000000 | LPM=0 | TX=0 | RX=0
16:40.715	ID:5	[DATA_SEND] TS=1000001 | ID=5 | SEQ=100
16:40.715	ID:5	[WARN: IPv6 Route] No route found
16:40.715	ID:5	[WARN: IPv6 Route] No route found
16:40.734	ID:2	[WARN: IPv6 Route] No route found
16:40.734	ID:2	[WARN: IPv6 Route] No route found
16:40.742	ID:1	[DATA_RECV] TS=1000361 | SRC=5 | SEQ=100 | DELAY_MS=360
16:40.899	ID:3	[NODE_STAT] TS=1000001 | ID=3 | OF=0 | PRNT=1 | RANK=512 | PCHG=1 | CPU=1000000000 | LPM=0 | TX=0 | RX=0
16:40.899	ID:3	[DATA_SEND] TS=1000001 | ID=3 | SEQ=100
16:40.899	ID:3	[WARN: IPv6 Route] No route found
16:40.899	ID:3	[WARN: IPv6 Route] No route found
16:40.928	ID:1	[DATA_RECV] TS=1000547 | SRC=3 | SEQ=100 | DELAY_MS=546
16:50.236	ID:2	[NODE_STAT] TS=1010001 | ID=2 | OF=0 | PRNT=1 | RANK=512 | PCHG=1 | CPU=1010000000 | LPM=0 | TX=0 | RX=0
16:50.236	ID:2	[DATA_SEND] TS=1010001 | ID=2 | SEQ=101
16:50.236	ID:2	[WARN: IPv6 Route] No route found
16:50.236	ID:2	[WARN: IPv6 Route] No route found
16:50.304	ID:1	[DATA_RECV] TS=1009923 | SRC=2 | SEQ=101 | DELAY_MS=0
16:50.348	ID:4	[NODE_STAT] TS=1010001 | ID=4 | OF=0 | PRNT=3 | RANK=768 | PCHG=1 | CPU=1010000000 | LPM=0 | TX=0 | RX=0
16:50.348	ID:4	[DATA_SEND] TS=1010001 | ID=4 | SEQ=101
16:50.348	ID:4	[WARN: IPv6 Route] No route found
16:50.348	ID:4	[WARN: IPv6 Route] No route found
16:50.364	ID:3	[WARN: IPv6 Route] No route found
16:50.364	ID:3	[WARN: IPv6 Route] No route found
16:50.399	ID:1	[DATA_RECV] TS=1010018 | SRC=4 | SEQ=101 | DELAY_MS=17
16:50.715	ID:5	[NODE_STAT] TS=1010001 | ID=5 | OF=0 | PRNT=2 | RANK=768 | PCHG=1 | CPU=1010000000 | LPM=0 | TX=0 | RX=0
16:50.715	ID:5	[DATA_SEND] TS=1010001 | ID=5 | SEQ=101
16:50.715	ID:5	[WARN: IPv6 Route] No route found
16:50.715	ID:5	[WARN: IPv6 Route] No route found
16:50.737	ID:2	[WARN: IPv6 Route] No route found
16:50.737	ID:2	[WARN: IPv6 Route] No route found
16:50.784	ID:1	[DATA_RECV] TS=1010403 | SRC=5 | SEQ=101 | DELAY_MS=402
16:50.899	ID:3	[NODE_STAT] TS=1010001 | ID=3 | OF=0 | PRNT=1 | RANK=512 | PCHG=1 | CPU=1010000000 | LPM=0 | TX=0 | RX=0
16:50.899	ID:3	[DATA_SEND] TS=1010001 | ID=3 | SEQ=101
16:50.899	ID:3	[WARN: IPv6 Route] No route found
16:50.899	ID:3	[WARN: IPv6 Route] No route found
16:50.932	ID:1	[DATA_RECV] TS=1010551 | SRC=3 | SEQ=101 | DELAY_MS=550
17:00.236	ID:2	[NODE_STAT] TS=1020001 | ID=2 | OF=0 | PRNT=1 | RANK=512 | PCHG=1 | CPU=1020000000 | LPM=0 | TX=0 | RX=0
17:00.236	ID:2	[DATA_SEND] TS=1020001 | ID=2 | SEQ=102
17:00.236	ID:2	[WARN: IPv6 Route] No route found
17:00.236	ID:2	[WARN: IPv6 Route] No route found
17:00.285	ID:1	[DATA_RECV] TS=1019904 | SRC=2 | SEQ=102 | DELAY_MS=0
17:00.348	ID:4	[NODE_STAT] TS=1020001 | ID=4 | OF=0 | PRNT=3 | RANK=768 | PCHG=1 | CPU=1020000000 | LPM=0 | TX=0 | RX=0
17:00.348	ID:4	[DATA_SEND] TS=1020001 | ID=4 | SEQ=102
17:00.348	ID:4	[WARN: IPv6 Route] No route found
17:00.348	ID:4	[WARN: IPv6 Route] No route found
17:00.377	ID:3	[WARN: IPv6 Route] No route found
17:00.377	ID:3	[WARN: IPv6 Route] No route found
17:00.408	ID:1	[DATA_RECV] TS=1020027 | SRC=4 | SEQ=102 | DELAY_MS=26
17:00.715	ID:5	[NODE_STAT] TS=1020001 | ID=5 | OF=0 | PRNT=2 | RANK=768 | PCHG=1 | CPU=1020000000 | LPM=0 | TX=0 | RX=0
17:00.715	ID:5	[DATA_SEND] TS=1020001 | ID=5 | SEQ=102
17:00.715	ID:5	[WARN: IPv6 Route] No route found
17:00.715	ID:5	[WARN: IPv6 Route] No route found
17:00.745	ID:2	[WARN: IPv6 Route] No route found
17:00.745	ID:2	[WARN: IPv6 Route] No route found
17:00.760	ID:1	[DATA_RECV] TS=1020379 | SRC=5 | SEQ=102 | DELAY_MS=378
17:00.899	ID:3	[NODE_STAT] TS=1020001 | ID=3 | OF=0 | PRNT=1 | RANK=512 | PCHG=1 | CPU=1020000000 | LPM=0 | TX=0 | RX=0
17:00.899	ID:3	[DATA_SEND] TS=1020001 | ID=3 | SEQ=102
17:00.899	ID:3	[WARN: IPv6 Route] No route found
17:00.899	ID:3	[WARN: IPv6 Route] No route found
17:00.925	ID:1	[DATA_RECV] TS=1020544 | SRC=3 | SEQ=102 | DELAY_MS=543
17:10.236	ID:2	[NODE_STAT] TS=1030001 | ID=2 | OF=0 | PRNT=1 | RANK=512 | PCHG=1 | CPU=1030000000 | LPM=0 | TX=0 | RX=0
17:10.236	ID:2	[DATA_SEND] TS=1030001 | ID=2 | SEQ=103
17:10.236	ID:2	[WARN: IPv6 Route] No route found
17:10.236	ID:2	[WARN: IPv6 Route] No route found
17:10.256	ID:1	[DATA_RECV] TS=1029875 | SRC=2 | SEQ=103 | DELAY_MS=0
17:10.348	ID:4	[NODE_STAT] TS=1030001 | ID=4 | OF=0 | PRNT=3 | RANK=768 | PCHG=1 | CPU=1030000000 | LPM=0 | TX=0 | RX=0
17:10.348	ID:4	[DATA_SEND] TS=1030001 | ID=4 | SEQ=103
17:10.348	ID:4	[WARN: IPv6 Route] No route found
17:10.348	ID:4	[WARN: IPv6 Route] No route found
17:10.392	ID:3	[WARN: IPv6 Route] No route found
17:10.392	ID:3	[WARN: IPv6 Route] No route found
17:10.414	ID:1	[DATA_RECV] TS=1030033 | SRC=4 | SEQ=103 | DELAY_MS=32
17:10.715	ID:5	[NODE_STAT] TS=1030001 | ID=5 | OF=0 | PRNT=2 | RANK=768 | PCHG=1 | CPU=1030000000 | LPM=0 | TX=0 | RX=0
17:10.715	ID:5	[DATA_SEND] TS=1030001 | ID=5 | SEQ=103
17:10.715	ID:5	[WARN: IPv6 Route] No route found
17:10.715	ID:5	[WARN: IPv6 Route] No route found
17:10.732	ID:2	[WARN: IPv6 Route] No route found
17:10.732	ID:2	[WARN: IPv6 Route] No route found
17:10.819	ID:1	[DATA_RECV] TS=1030438 | SRC=5 | SEQ=103 | DELAY_MS=437
17:10.899	ID:3	[NODE_STAT] TS=1030001 | ID=3 | OF=0 | PRNT=1 | RANK=512 | PCHG=1 | CPU=1030000000 | LPM=0 | TX=0 | RX=0
17:10.899	ID:3	[DATA_SEND] TS=1030001 | ID=3 | SEQ=103
17:10.899	ID:3	[WARN: IPv6 Route] No route found
17:10.899	ID:3	[WARN: IPv6 Route] No route found
17:10.912	ID:1	[DATA_RECV] TS=1030531 | SRC=3 | SEQ=103 | DELAY_MS=530
17:20.236	ID:2	[NODE_STAT] TS=1040001 | ID=2 | OF=0 | PRNT=1 | RANK=512 | PCHG=1 | CPU=1040000000 | LPM=0 | TX=0 | RX=0
17:20.236	ID:2	[DATA_SEND] TS=1040001 | ID=2 | SEQ=104
17:20.236	ID:2	[WARN: IPv6 Route] No route found
17:20.236	ID:2	[WARN: IPv6 Route] No route found
17:20.260	ID:1	[DATA_RECV] TS=1039879 | SRC=2 | SEQ=104 | DELAY_MS=0
17:20.348	ID:4	[NODE_STAT] TS=1040001 | ID=4 | OF=0 | PRNT=3 | RANK=768 | PCHG=1 | CPU=1040000000 | LPM=0 | TX=0 | RX=0
17:20.348	ID:4	[DATA_SEND] TS=1040001 | ID=4 | SEQ=104
17:20.348	ID:4	[WARN: IPv6 Route] No route found
17:20.348	ID:4	[WARN: IPv6 Route] No route found
17:20.389	ID:3	[WARN: IPv6 Route] No route found
17:20.389	ID:3	[WARN: IPv6 Route] No route found
17:20.396	ID:1	[DATA_RECV] TS=1040015 | SRC=4 | SEQ=104 | DELAY_MS=14
17:20.715	ID:5	[NODE_STAT] TS=1040001 | ID=5 | OF=0 | PRNT=2 | RANK=768 | PCHG=1 | CPU=1040000000 | LPM=0 | TX=0 | RX=0
17:20.715	ID:5	[DATA_SEND] TS=1040001 | ID=5 | SEQ=104
17:20.715	ID:5	[WARN: IPv6 Route] No route found
17:20.715	ID:5	[WARN: IPv6 Route] No route found
17:20.745	ID:2	[WARN: IPv6 Route] No route found
17:20.745	ID:2	[WARN: IPv6 Route] No route found
17:20.778	ID:1	[DATA_RECV] TS=1040397 | SRC=5 | SEQ=104 | DELAY_MS=396
17:20.899	ID:3	[NODE_STAT] TS=1040001 | ID=3 | OF=0 | PRNT=1 | RANK=512 | PCHG=1 | CPU=1040000000 | LPM=0 | TX=0 | RX=0
17:20.899	ID:3	[DATA_SEND] TS=1040001 | ID=3 | SEQ=104
17:20.899	ID:3	[WARN: IPv6 Route] No route found
17:20.899	ID:3	[WARN: IPv6 Route] No route found
17:20.906	ID:1	[DATA_RECV] TS=1040525 | SRC=3 | SEQ=104 | DELAY_MS=524
